🔌 Connecting to Database...
✅ Database connected! Starting Standalone Scraper...
Starting full site scrape...
Fetching main page to identify categories...
Found main category: "State Books"
Found main category: "NCERT"
Found main category: "Books & Sol"
Found main category: "CBSE"
Found main category: "JEE"
Found main category: "NEET"
Found main category: "CUET"
Found main category: "CAT"
Found main category: "NDA"
Found main category: "CLAT"
Found main category: "UG"
Found main category: "CA"
Found 95 boards/categories to scrape.
Scraping Board: Bihar
  Accessing board URL: https://www.selfstudys.com/state-wise/bihar
    Found 290 classes for board Bihar.
    Scraping Class: West Bengal
      Found 276 subjects for class West Bengal.
      Scraping Subject: NCERT Books 2022-23 (URL: https://www.selfstudys.com/books/ncert-books-pdf)
        Found 0 PDF items for subject NCERT Books 2022-23.
      Scraping Subject: NCERT Solutions (URL: https://www.selfstudys.com/books/ncert-solution)
        Error scraping subject NCERT Solutions: aborted
      Scraping Subject: NCERT Notes (URL: https://www.selfstudys.com/books/ncert-notes)
        Found 0 PDF items for subject NCERT Notes.
      Scraping Subject: NCERT Exemplar Books (URL: https://www.selfstudys.com/books/ncert-exemplar-books)
        Found 0 PDF items for subject NCERT Exemplar Books.
      Scraping Subject: NCERT Exemplar Solution (URL: https://www.selfstudys.com/books/ncert-exemplar-solution)
        Found 0 PDF items for subject NCERT Exemplar Solution.
      Scraping Subject: States UT Book (URL: https://www.selfstudys.com/books/states-ut-book)
        Found 0 PDF items for subject States UT Book.
      Scraping Subject: School Kits & Lab Manual (URL: https://www.selfstudys.com/books/school-kits-lab-manual)
        Found 0 PDF items for subject School Kits & Lab Manual.
      Scraping Subject: NCERT Books 2021-22 (URL: https://www.selfstudys.com/books/new-ncert-books)
        Found 0 PDF items for subject NCERT Books 2021-22.
      Scraping Subject: NCERT Books 2020-21 (URL: https://www.selfstudys.com/books/ncert-books)
        Found 0 PDF items for subject NCERT Books 2020-21.
      Scraping Subject: NCERT Book 2019-2020 (URL: https://www.selfstudys.com/books/ncert-new-book)
        Found 0 PDF items for subject NCERT Book 2019-2020.
      Scraping Subject: NCERT Book 2015-2016 (URL: https://www.selfstudys.com/books/ncert-old-book)
        Found 0 PDF items for subject NCERT Book 2015-2016.
      Scraping Subject: RD Sharma Solution (URL: https://www.selfstudys.com/books/rdsharma-solution)
        Found 0 PDF items for subject RD Sharma Solution.
      Scraping Subject: TS Grewal Solution (URL: https://www.selfstudys.com/books/ts-grewal-solution)
        Found 0 PDF items for subject TS Grewal Solution.
      Scraping Subject: TR Jain Solution (URL: https://www.selfstudys.com/books/tr-jain-solution)
        Found 0 PDF items for subject TR Jain Solution.
      Scraping Subject: Selina Solution (URL: https://www.selfstudys.com/books/selina-publisher-solutions)
        Found 0 PDF items for subject Selina Solution.
      Scraping Subject: Frank Solution (URL: https://www.selfstudys.com/books/frank-solutions)
        Found 0 PDF items for subject Frank Solution.
      Scraping Subject: Lakhmir Singh and Manjit Kaur Solution (URL: https://www.selfstudys.com/books/lakshmir-singh)
        Found 0 PDF items for subject Lakhmir Singh and Manjit Kaur Solution.
      Scraping Subject: All In One (URL: https://www.selfstudys.com/books/all-in-one)
        Found 0 PDF items for subject All In One.
      Scraping Subject: Dc Pandey (URL: https://www.selfstudys.com/books/dc-pandey)
        Found 0 PDF items for subject Dc Pandey.
      Scraping Subject: I.E.Irodov solutions (URL: https://www.selfstudys.com/books/i-e-irodov)
        Found 120 PDF items for subject I.E.Irodov solutions.
        ✅ Saved: 11. Kinematics -> https://www.selfstudys.com/sitepdfs/SjhRj5YJG1D4FZtwrIwa
        ✅ Saved: Untitled Document -> https://www.selfstudys.com/sitepdfs/SjhRj5YJG1D4FZtwrIwa
        ⚠️ No PDF link found for: Untitled Document
        ✅ Saved: 22. The Fundamental Equation Of Dynamics -> https://www.selfstudys.com/sitepdfs/y2XtTBwC4wnSqZ71njty
        ✅ Saved: Untitled Document -> https://www.selfstudys.com/sitepdfs/y2XtTBwC4wnSqZ71njty
        ⚠️ No PDF link found for: Untitled Document
        ✅ Saved: 33. Laws of Conservation of Energy, Momentum and Angular Momentum -> https://www.selfstudys.com/sitepdfs/uKtHwoXV9bgOqanBViZp
        ✅ Saved: Untitled Document -> https://www.selfstudys.com/sitepdfs/uKtHwoXV9bgOqanBViZp
        ⚠️ No PDF link found for: Untitled Document
        ✅ Saved: 44. Universal Gravitation -> https://www.selfstudys.com/sitepdfs/GF8kOe9hbF73netBu6Bf
        ✅ Saved: Untitled Document -> https://www.selfstudys.com/sitepdfs/GF8kOe9hbF73netBu6Bf
        ⚠️ No PDF link found for: Untitled Document
        ✅ Saved: 55. Dynamics Of A Solid Body -> https://www.selfstudys.com/sitepdfs/XkV7pTKQHZbL4U8WcIuU
        ✅ Saved: Untitled Document -> https://www.selfstudys.com/sitepdfs/XkV7pTKQHZbL4U8WcIuU
        ⚠️ No PDF link found for: Untitled Document
        ✅ Saved: 66. Elastic Deformations Of A Solid Body -> https://www.selfstudys.com/sitepdfs/8GTRg291xnA45ZorpMVT
        ✅ Saved: Untitled Document -> https://www.selfstudys.com/sitepdfs/8GTRg291xnA45ZorpMVT
        ⚠️ No PDF link found for: Untitled Document
        ✅ Saved: 77. Hydrodynamics -> https://www.selfstudys.com/sitepdfs/zVIUjYV6xpwlCT5NXDPf
        ✅ Saved: Untitled Document -> https://www.selfstudys.com/sitepdfs/zVIUjYV6xpwlCT5NXDPf
        ⚠️ No PDF link found for: Untitled Document
        ✅ Saved: 88. Relativistic Mechanics -> https://www.selfstudys.com/sitepdfs/ayae6j6AWpuistt2zjSt
        ✅ Saved: Untitled Document -> https://www.selfstudys.com/sitepdfs/ayae6j6AWpuistt2zjSt
        ⚠️ No PDF link found for: Untitled Document
        ✅ Saved: 99. Equation Of The Gas State Processes -> https://www.selfstudys.com/sitepdfs/MJkEwZd9BZBIzRHSt9TF
        ✅ Saved: Untitled Document -> https://www.selfstudys.com/sitepdfs/MJkEwZd9BZBIzRHSt9TF
        ⚠️ No PDF link found for: Untitled Document
        ✅ Saved: 1010. The First Law Of Thermodynamics Heat Capacity -> https://www.selfstudys.com/sitepdfs/UCuSM8ReOiG88qHvLSif
        ✅ Saved: Untitled Document -> https://www.selfstudys.com/sitepdfs/UCuSM8ReOiG88qHvLSif
        ⚠️ No PDF link found for: Untitled Document
        ✅ Saved: 1111. Kinetic Theory Of Gases -> https://www.selfstudys.com/sitepdfs/PTK1OfXv5CYaTR37LhGH
        ✅ Saved: Untitled Document -> https://www.selfstudys.com/sitepdfs/PTK1OfXv5CYaTR37LhGH
        ⚠️ No PDF link found for: Untitled Document
        ✅ Saved: 1212. The Second Law Of Thermodynamics Entropy -> https://www.selfstudys.com/sitepdfs/uAApKFyBP1YfEXqD2Rdk
        ✅ Saved: Untitled Document -> https://www.selfstudys.com/sitepdfs/uAApKFyBP1YfEXqD2Rdk
        ⚠️ No PDF link found for: Untitled Document
        ✅ Saved: 1313. Liquids Capillary Effects -> https://www.selfstudys.com/sitepdfs/B5WnXPpDBRaKgqbGvvPQ
        ✅ Saved: Untitled Document -> https://www.selfstudys.com/sitepdfs/B5WnXPpDBRaKgqbGvvPQ
        ⚠️ No PDF link found for: Untitled Document
        ✅ Saved: 1414. Phase Transformations -> https://www.selfstudys.com/sitepdfs/cguqIJRR7stIp6GHevik
        ✅ Saved: Untitled Document -> https://www.selfstudys.com/sitepdfs/cguqIJRR7stIp6GHevik
        ⚠️ No PDF link found for: Untitled Document
        ✅ Saved: 1515. Transport Phenomena -> https://www.selfstudys.com/sitepdfs/S2Ocf2h0YQ0nYNqyaBtb
        ✅ Saved: Untitled Document -> https://www.selfstudys.com/sitepdfs/S2Ocf2h0YQ0nYNqyaBtb
        ⚠️ No PDF link found for: Untitled Document
        ✅ Saved: 1616. Constant Electric Field In Vacuum -> https://www.selfstudys.com/sitepdfs/cIFJ54AjJOasOp0D7kXD
        ✅ Saved: Untitled Document -> https://www.selfstudys.com/sitepdfs/cIFJ54AjJOasOp0D7kXD
        ⚠️ No PDF link found for: Untitled Document
        ✅ Saved: 1717. Conductors And Dielectrics In An Electric Field -> https://www.selfstudys.com/sitepdfs/IagDWLzQaOvPqe8sMTtT
        ✅ Saved: Untitled Document -> https://www.selfstudys.com/sitepdfs/IagDWLzQaOvPqe8sMTtT
        ⚠️ No PDF link found for: Untitled Document
        ✅ Saved: 1818. Electric Capacitance Energy Of An Electric Field -> https://www.selfstudys.com/sitepdfs/gJJAGWd3G0eW7887ydAf
        ✅ Saved: Untitled Document -> https://www.selfstudys.com/sitepdfs/gJJAGWd3G0eW7887ydAf
        ⚠️ No PDF link found for: Untitled Document
        ✅ Saved: 1919. Electric Current -> https://www.selfstudys.com/sitepdfs/2lO7yWBn0q2BKgNSgDrG
        ✅ Saved: Untitled Document -> https://www.selfstudys.com/sitepdfs/2lO7yWBn0q2BKgNSgDrG
        ⚠️ No PDF link found for: Untitled Document
        ✅ Saved: 2020. Constant Magnetic Field Magnetics -> https://www.selfstudys.com/sitepdfs/mF2TIgm5SPnvNfaNJGAN
        ❌ Error scraping PDF page https://www.selfstudys.com/books/i-e-irodov/eng/class/chapter/20-constant-magnetic-field-magnetics/112616: aborted
        ⚠️ No PDF link found for: Untitled Document
        ✅ Saved: 2121. Electromagnetic Induction Maxwell’s Equations -> https://www.selfstudys.com/sitepdfs/j3PVlsGeHs5NmQMCKEKq
        ✅ Saved: Untitled Document -> https://www.selfstudys.com/sitepdfs/j3PVlsGeHs5NmQMCKEKq
        ⚠️ No PDF link found for: Untitled Document
        ✅ Saved: 2222. Motion Of Charged Particles In Electric And Magne -> https://www.selfstudys.com/sitepdfs/AEJe01TSGbp6mYviHRyV
        ✅ Saved: Untitled Document -> https://www.selfstudys.com/sitepdfs/AEJe01TSGbp6mYviHRyV
        ❌ Error scraping PDF page https://www.selfstudys.com/advance-pdf-viewer/i-e-irodov/eng/class/chapter/22-motion-of-charged-particles-in-electric-and-magne/112614: aborted
        ✅ Saved: 2323. Mechanical Oscillations -> https://www.selfstudys.com/sitepdfs/vygFJutwxZdOvIV7Afwn
        ✅ Saved: Untitled Document -> https://www.selfstudys.com/sitepdfs/vygFJutwxZdOvIV7Afwn
        ⚠️ No PDF link found for: Untitled Document
        ✅ Saved: 2424. Electric Oscillations -> https://www.selfstudys.com/sitepdfs/je6vxXBfPmSbRuujBth1
        ✅ Saved: Untitled Document -> https://www.selfstudys.com/sitepdfs/je6vxXBfPmSbRuujBth1
        ⚠️ No PDF link found for: Untitled Document
        ✅ Saved: 2525. Elastic Waves -> https://www.selfstudys.com/sitepdfs/923oRiRBKQcTaNcmRBsm
        ✅ Saved: Untitled Document -> https://www.selfstudys.com/sitepdfs/923oRiRBKQcTaNcmRBsm
        ⚠️ No PDF link found for: Untitled Document
        ✅ Saved: 2626. Electromagnetic Waves -> https://www.selfstudys.com/sitepdfs/w2WTi2rEwOSdsEJbbYhZ
        ✅ Saved: Untitled Document -> https://www.selfstudys.com/sitepdfs/w2WTi2rEwOSdsEJbbYhZ
        ⚠️ No PDF link found for: Untitled Document
        ✅ Saved: 2727. Photometry and Geometrical Optics -> https://www.selfstudys.com/sitepdfs/4adXJqNifneAsdLNzzyb
        ✅ Saved: Untitled Document -> https://www.selfstudys.com/sitepdfs/4adXJqNifneAsdLNzzyb
        ⚠️ No PDF link found for: Untitled Document
        ✅ Saved: 2828. Interference of Light -> https://www.selfstudys.com/sitepdfs/cpSEPt7T00GNvh1CWOcp
        ✅ Saved: Untitled Document -> https://www.selfstudys.com/sitepdfs/cpSEPt7T00GNvh1CWOcp
        ⚠️ No PDF link found for: Untitled Document
        ✅ Saved: 2929. Diffraction of Light -> https://www.selfstudys.com/sitepdfs/yxEFNMfGR8U0FxDJo3YF
        ✅ Saved: Untitled Document -> https://www.selfstudys.com/sitepdfs/yxEFNMfGR8U0FxDJo3YF
        ⚠️ No PDF link found for: Untitled Document
        ✅ Saved: 3030. Polarization of Light -> https://www.selfstudys.com/sitepdfs/eJ8oMjsKQdtT5ncbwK0Y
        ✅ Saved: Untitled Document -> https://www.selfstudys.com/sitepdfs/eJ8oMjsKQdtT5ncbwK0Y
        ⚠️ No PDF link found for: Untitled Document
        ✅ Saved: 3131. Dispersion and Absorption of Light -> https://www.selfstudys.com/sitepdfs/wS03sidzUmlfeurczRhD
        ✅ Saved: Untitled Document -> https://www.selfstudys.com/sitepdfs/wS03sidzUmlfeurczRhD
        ⚠️ No PDF link found for: Untitled Document
        ✅ Saved: 3232. Optics of Moving Sources -> https://www.selfstudys.com/sitepdfs/75s3RTuUxEMAr1M2zGij
        ✅ Saved: Untitled Document -> https://www.selfstudys.com/sitepdfs/75s3RTuUxEMAr1M2zGij
        ⚠️ No PDF link found for: Untitled Document
        ✅ Saved: 3333. Thermal Radiation. Quantum Nature of Light -> https://www.selfstudys.com/sitepdfs/D1WTgf73BNjHcCO70mnZ
        ✅ Saved: Untitled Document -> https://www.selfstudys.com/sitepdfs/D1WTgf73BNjHcCO70mnZ
        ⚠️ No PDF link found for: Untitled Document
        ✅ Saved: 3434. Scattering of Particles. Rutherford-Bohr Atom -> https://www.selfstudys.com/sitepdfs/sB31RkbF9LLYjgGdcrop
        ✅ Saved: Untitled Document -> https://www.selfstudys.com/sitepdfs/sB31RkbF9LLYjgGdcrop
        ⚠️ No PDF link found for: Untitled Document
        ✅ Saved: 3535. Wave Properties of Particles. Schrodinger Equation -> https://www.selfstudys.com/sitepdfs/VO7oSfldiM14XPlJYPMt
        ✅ Saved: Untitled Document -> https://www.selfstudys.com/sitepdfs/VO7oSfldiM14XPlJYPMt
        ⚠️ No PDF link found for: Untitled Document
        ✅ Saved: 3636. Properties of Atoms. Spectra -> https://www.selfstudys.com/sitepdfs/8e8p3F7pZFSjqN3MUpnp
        ✅ Saved: Untitled Document -> https://www.selfstudys.com/sitepdfs/8e8p3F7pZFSjqN3MUpnp
        ⚠️ No PDF link found for: Untitled Document
        ✅ Saved: 3737. Molecules and Crystals -> https://www.selfstudys.com/sitepdfs/BDtvtlDm1Gb1HjCQzpyN
        ✅ Saved: Untitled Document -> https://www.selfstudys.com/sitepdfs/BDtvtlDm1Gb1HjCQzpyN
        ⚠️ No PDF link found for: Untitled Document
        ✅ Saved: 3838. Radioactivity -> https://www.selfstudys.com/sitepdfs/ZVz7HfYbir8jr6KDqU73
        ✅ Saved: Untitled Document -> https://www.selfstudys.com/sitepdfs/ZVz7HfYbir8jr6KDqU73
        ⚠️ No PDF link found for: Untitled Document
        ✅ Saved: 3939. Nuclear Reactions -> https://www.selfstudys.com/sitepdfs/CuVHbSWDHYYTsdJBVRI6
        ✅ Saved: Untitled Document -> https://www.selfstudys.com/sitepdfs/CuVHbSWDHYYTsdJBVRI6
        ⚠️ No PDF link found for: Untitled Document
        ✅ Saved: 4040. Elementary Particles -> https://www.selfstudys.com/sitepdfs/qVnpfqEoseAvacCEXQbY
        ✅ Saved: Untitled Document -> https://www.selfstudys.com/sitepdfs/qVnpfqEoseAvacCEXQbY
        ⚠️ No PDF link found for: Untitled Document
      Scraping Subject: ICSE - Goyal Brothers Park (URL: https://www.selfstudys.com/books/books-icse-goyal)
        Found 0 PDF items for subject ICSE - Goyal Brothers Park.
      Scraping Subject: ICSE - Dorothy M. Noronhe (URL: https://www.selfstudys.com/books/books-icse-dorothy)
        Found 0 PDF items for subject ICSE - Dorothy M. Noronhe.
      Scraping Subject: Micheal Vaz Solution (URL: https://www.selfstudys.com/books/micheal-vaz-solution)
        Found 0 PDF items for subject Micheal Vaz Solution.
      Scraping Subject: S.S. Krotov Solution (URL: https://www.selfstudys.com/books/s-s-krotov-solution)
        Found 0 PDF items for subject S.S. Krotov Solution.
      Scraping Subject: Evergreen Science (URL: https://www.selfstudys.com/books/evergreen-science)
        Found 0 PDF items for subject Evergreen Science.
      Scraping Subject: KC Sinha Solution (URL: https://www.selfstudys.com/books/kc-sinha-solution)
        Found 0 PDF items for subject KC Sinha Solution.
      Scraping Subject: ICSE - ISC Jayanti Sengupta, Oxford (URL: https://www.selfstudys.com/books/icse-isc-jayanti-sengupta-oxford)
        Found 0 PDF items for subject ICSE - ISC Jayanti Sengupta, Oxford.
      Scraping Subject: ICSE Focus on History (URL: https://www.selfstudys.com/books/icse-focus-on-history)
        Found 0 PDF items for subject ICSE Focus on History.
      Scraping Subject: ICSE GeoGraphy Voyage (URL: https://www.selfstudys.com/books/icse-geo-graphy-voyage)
        Found 0 PDF items for subject ICSE GeoGraphy Voyage.
      Scraping Subject: ICSE Hindi Solution (URL: https://www.selfstudys.com/books/icse-hindi-solution)
        Found 0 PDF items for subject ICSE Hindi Solution.
      Scraping Subject: ICSE Treasure Trove Solution (URL: https://www.selfstudys.com/books/icse-treasure-trove-solution)
        Found 0 PDF items for subject ICSE Treasure Trove Solution.
      Scraping Subject: Thomas & Finney Solution (URL: https://www.selfstudys.com/books/thomas-finney-solutions)
        Found 0 PDF items for subject Thomas & Finney Solution.
      Scraping Subject: SL Loney Solution (URL: https://www.selfstudys.com/books/slloney-solution)
        Found 0 PDF items for subject SL Loney Solution.
      Scraping Subject: SB Mathur Solution (URL: https://www.selfstudys.com/books/sb-mathur-solution)
        Found 0 PDF items for subject SB Mathur Solution.
      Scraping Subject: P Bahadur Solution (URL: https://www.selfstudys.com/books/pbahadur-solution)
        Found 0 PDF items for subject P Bahadur Solution.
      Scraping Subject: Narendra Awasthi Solution (URL: https://www.selfstudys.com/books/narendra-awasthi-solution)
        Found 0 PDF items for subject Narendra Awasthi Solution.
      Scraping Subject: LA Sena Solution (URL: https://www.selfstudys.com/books/la-sena-solution)
        Found 0 PDF items for subject LA Sena Solution.
      Scraping Subject: Integral Calculus Amit Agarwal Solution (URL: https://www.selfstudys.com/books/integral-calculus-amit-m-agarwal-solution)
        Found 0 PDF items for subject Integral Calculus Amit Agarwal Solution.
      Scraping Subject: IA Maron Solution (URL: https://www.selfstudys.com/books/ia-maron-solutions)
        Found 0 PDF items for subject IA Maron Solution.
      Scraping Subject: Hall & Knight Solution (URL: https://www.selfstudys.com/books/hall-and-knight-solutions)
        Found 0 PDF items for subject Hall & Knight Solution.
      Scraping Subject: Errorless Solution (URL: https://www.selfstudys.com/books/errorless-solutions)
        Found 0 PDF items for subject Errorless Solution.
      Scraping Subject: Pradeep's KL Gogia Solution (URL: https://www.selfstudys.com/books/pradeeps-kl-gogia-solutions)
        Found 0 PDF items for subject Pradeep's KL Gogia Solution.
      Scraping Subject: OP Tandon Solutions (URL: https://www.selfstudys.com/books/op-tandon-solutions)
        Found 0 PDF items for subject OP Tandon Solutions.
      Scraping Subject: Sample Papers (URL: https://www.selfstudys.com/books/cbse-sample-paper)
        Found 0 PDF items for subject Sample Papers.
      Scraping Subject: Previous Year Question Paper (URL: https://www.selfstudys.com/books/cbse-prev-paper)
        Found 0 PDF items for subject Previous Year Question Paper.
      Scraping Subject: Important Question (URL: https://www.selfstudys.com/books/cbse-important-questions)
        Found 0 PDF items for subject Important Question.
      Scraping Subject: Value Based Questions (URL: https://www.selfstudys.com/books/cbse-valued-qns)
        Found 0 PDF items for subject Value Based Questions.
      Scraping Subject: CBSE Syllabus (URL: https://www.selfstudys.com/books/cbse-syllabus)
        Found 0 PDF items for subject CBSE Syllabus.
      Scraping Subject: CBSE MCQs PDF (URL: https://www.selfstudys.com/books/cbse-mcqs)
        Found 0 PDF items for subject CBSE MCQs PDF.
      Scraping Subject: Assertion & Reason (URL: https://www.selfstudys.com/books/cbse-assertion-reason)
        Found 0 PDF items for subject Assertion & Reason.
      Scraping Subject: New Revision Notes (URL: https://www.selfstudys.com/books/cbse-new-revision-notes)
        Found 0 PDF items for subject New Revision Notes.
      Scraping Subject: Revision Notes (URL: https://www.selfstudys.com/books/cbse-revisions-notes)
        Found 0 PDF items for subject Revision Notes.
      Scraping Subject: Question Bank (URL: https://www.selfstudys.com/books/cbse-hots-qsn)
        Found 0 PDF items for subject Question Bank.
      Scraping Subject: Lab Manual (URL: https://www.selfstudys.com/books/cbse-lab-manual)
        Found 0 PDF items for subject Lab Manual.
      Scraping Subject: Marks Wise Question (URL: https://www.selfstudys.com/books/cbse-marks-wise-qns)
        Found 0 PDF items for subject Marks Wise Question.
      Scraping Subject: Toppers Answer Sheets (URL: https://www.selfstudys.com/books/cbse-toppers-answer-sheet)
        Found 0 PDF items for subject Toppers Answer Sheets.
      Scraping Subject: Exam Paper Aalysis (URL: https://www.selfstudys.com/books/cbse-exam-paper-analysis)
        Found 0 PDF items for subject Exam Paper Aalysis.
      Scraping Subject: Concept Map (URL: https://www.selfstudys.com/books/cbse-concept-map)
        Found 0 PDF items for subject Concept Map.
      Scraping Subject: CBSE Text Book (URL: https://www.selfstudys.com/books/cbse-books)
        Found 0 PDF items for subject CBSE Text Book.
      Scraping Subject: Additional Practice Questions (URL: https://www.selfstudys.com/books/cbse-additional-practice-questions)
        Found 0 PDF items for subject Additional Practice Questions.
      Scraping Subject: Vocational Book (URL: https://www.selfstudys.com/books/cbse-vocational-book)
        Found 0 PDF items for subject Vocational Book.
      Scraping Subject: CBSE - Concept (URL: https://www.selfstudys.com/books/cbse-concept)
        Found 0 PDF items for subject CBSE - Concept.
      Scraping Subject: Case Study (URL: https://www.selfstudys.com/books/cbse-case-study)
        Found 0 PDF items for subject Case Study.
      Scraping Subject: KVS NCERT CBSE Worksheets (URL: https://www.selfstudys.com/books/kvs-ncert-cbse-worksheets)
        Found 0 PDF items for subject KVS NCERT CBSE Worksheets.
      Scraping Subject: Formula Class Wise (URL: https://www.selfstudys.com/books/formula-class-wise)
        Found 0 PDF items for subject Formula Class Wise.
      Scraping Subject: CBSE Flashcards (URL: https://www.selfstudys.com/books/cbse-flashcard)
        Found 0 PDF items for subject CBSE Flashcards.
      Scraping Subject: Formula Chapter Wise (URL: https://www.selfstudys.com/books/formula-chapter-wise)
        Error scraping subject Formula Chapter Wise: aborted
      Scraping Subject: Toppers Notes (URL: https://www.selfstudys.com/books/cbse-toppers-notes)
        Found 0 PDF items for subject Toppers Notes.
      Scraping Subject: Most Repeated Question (URL: https://www.selfstudys.com/books/cbse-most-repeated-question)
        Found 0 PDF items for subject Most Repeated Question.
      Scraping Subject: Diagram Based Question (URL: https://www.selfstudys.com/books/cbse-diagram-based-question)
        Found 0 PDF items for subject Diagram Based Question.
      Scraping Subject: Study Planner (URL: https://www.selfstudys.com/books/cbse-study-planner)
        Found 0 PDF items for subject Study Planner.
      Scraping Subject: Competency Based Questions (URL: https://www.selfstudys.com/books/cbse-competency-based-questions)
        Found 0 PDF items for subject Competency Based Questions.
      Scraping Subject: Physics (URL: https://www.selfstudys.com/books/jee-physics)
        Found 0 PDF items for subject Physics.
      Scraping Subject: Chemistry (URL: https://www.selfstudys.com/books/jee-chemistry)
        Found 0 PDF items for subject Chemistry.
      Scraping Subject: Maths (URL: https://www.selfstudys.com/books/jee-maths)
        Found 0 PDF items for subject Maths.
      Scraping Subject: JEE Previous Year Paper (URL: https://www.selfstudys.com/books/jee-previous-year-paper)
        Found 0 PDF items for subject JEE Previous Year Paper.
      Scraping Subject: JEE Crash Course (URL: https://www.selfstudys.com/books/iit-jee-crash-course)
        Found 0 PDF items for subject JEE Crash Course.
      Scraping Subject: JEE Sample Papers (URL: https://www.selfstudys.com/books/jee-sample-papers/english/jee-main)
        Found 0 PDF items for subject JEE Sample Papers.
      Scraping Subject: JEE Toppers Notes (URL: https://www.selfstudys.com/books/jee-topper-notes)
        Found 0 PDF items for subject JEE Toppers Notes.
      Scraping Subject: JEE Formula (URL: https://www.selfstudys.com/books/jee-formula)
        Found 0 PDF items for subject JEE Formula.
      Scraping Subject: JEE Important Question (URL: https://www.selfstudys.com/books/jee-important-question)
        Found 0 PDF items for subject JEE Important Question.
      Scraping Subject: JEE Mind Map (URL: https://www.selfstudys.com/books/jee-mind-map)
        Found 0 PDF items for subject JEE Mind Map.
      Scraping Subject: JEE Integer-Numerical Type Question (URL: https://www.selfstudys.com/books/jee-integer-numerical-type-question)
        Found 0 PDF items for subject JEE Integer-Numerical Type Question.
      Scraping Subject: JEE Study Planner (URL: https://www.selfstudys.com/books/jee-study-planner/eng/class/chapter/51799)
        Found 0 PDF items for subject JEE Study Planner.
      Scraping Subject: JEE Flashcards (URL: https://www.selfstudys.com/books/jee-flashcards)
        Found 0 PDF items for subject JEE Flashcards.
      Scraping Subject: ICAR AIEEA Previous Year Paper (URL: https://www.selfstudys.com/books/icar-aieea-previous-year-paper)
        Found 0 PDF items for subject ICAR AIEEA Previous Year Paper.
      Scraping Subject: Important Info (URL: https://www.selfstudys.com/books/jee-important-info)
        Found 0 PDF items for subject Important Info.
      Scraping Subject: SRM-JEEE Previous Year Paper (URL: https://www.selfstudys.com/books/srmjeee-previous-year-paper)
        Found 0 PDF items for subject SRM-JEEE Previous Year Paper.
      Scraping Subject: VITEEE Previous Year Paper (URL: https://www.selfstudys.com/books/viteee-previous-year-paper)
        Found 0 PDF items for subject VITEEE Previous Year Paper.
      Scraping Subject: BITSAT Previous Year Paper (URL: https://www.selfstudys.com/books/bitsat-previous-year-paper)
        Found 0 PDF items for subject BITSAT Previous Year Paper.
      Scraping Subject: Manipal Previous Year Paper (URL: https://www.selfstudys.com/books/manipal-previous-year-paper)
        Found 0 PDF items for subject Manipal Previous Year Paper.
      Scraping Subject: AP EAMCET Previous Year Paper (URL: https://www.selfstudys.com/books/ap-eamcet-previous-year-paper)
        Found 0 PDF items for subject AP EAMCET Previous Year Paper.
      Scraping Subject: COMEDK Previous Year Paper (URL: https://www.selfstudys.com/books/comedk-previous-year-paper)
        Found 0 PDF items for subject COMEDK Previous Year Paper.
      Scraping Subject: GUJCET Previous Year Paper (URL: https://www.selfstudys.com/books/gujcet-previous-year-paper)
        Found 0 PDF items for subject GUJCET Previous Year Paper.
      Scraping Subject: KCET Previous Year Paper (URL: https://www.selfstudys.com/books/kcet-previous-year-paper)
        Found 0 PDF items for subject KCET Previous Year Paper.
      Scraping Subject: KEAM Previous Year Paper (URL: https://www.selfstudys.com/books/keam-previous-year-paper)
        Found 0 PDF items for subject KEAM Previous Year Paper.
      Scraping Subject: MHT CET Previous Year Paper (URL: https://www.selfstudys.com/books/mhtcet-previous-year-paper)
        Found 0 PDF items for subject MHT CET Previous Year Paper.
      Scraping Subject: TS EAMCET Previous Year Paper (URL: https://www.selfstudys.com/books/tseamcet-previous-year-paper)
        Found 0 PDF items for subject TS EAMCET Previous Year Paper.
      Scraping Subject: WBJEE Previous Year Paper (URL: https://www.selfstudys.com/books/wbjee-previous-year-paper)
        Found 0 PDF items for subject WBJEE Previous Year Paper.
      Scraping Subject: AMU Previous Year Paper (URL: https://www.selfstudys.com/books/amu-previous-year-paper)
        Found 0 PDF items for subject AMU Previous Year Paper.
      Scraping Subject: CUSAT Previous Year Paper (URL: https://www.selfstudys.com/books/cusat-previous-year-paper)
        Found 0 PDF items for subject CUSAT Previous Year Paper.
      Scraping Subject: AEEE Previous Year Paper (URL: https://www.selfstudys.com/books/aeee-previous-year-paper)
        Found 0 PDF items for subject AEEE Previous Year Paper.
      Scraping Subject: UPSEE Previous Year Paper (URL: https://www.selfstudys.com/books/upsee-previous-year-papers)
        Found 0 PDF items for subject UPSEE Previous Year Paper.
      Scraping Subject: CGPET Previous Year Paper (URL: https://www.selfstudys.com/books/cgpet-previous-year-papers)
        Found 0 PDF items for subject CGPET Previous Year Paper.
      Scraping Subject: BCECE Previous Year Paper (URL: https://www.selfstudys.com/books/bcece-previous-year-papers)
        Found 0 PDF items for subject BCECE Previous Year Paper.
      Scraping Subject: JCECE Previous Year Paper (URL: https://www.selfstudys.com/books/jcece-previous-year-papers)
        Found 0 PDF items for subject JCECE Previous Year Paper.
      Scraping Subject: LPU Previous Year Paper (URL: https://www.selfstudys.com/books/lpu-previous-year-papers)
        Found 0 PDF items for subject LPU Previous Year Paper.
      Scraping Subject: IISER Previous Year Paper (URL: https://www.selfstudys.com/books/iiser-previous-year-paper)
        Found 0 PDF items for subject IISER Previous Year Paper.
      Scraping Subject: NEST Previous Year Paper (URL: https://www.selfstudys.com/books/nest-previous-year-papers)
        Found 0 PDF items for subject NEST Previous Year Paper.
      Scraping Subject: Physics (URL: https://www.selfstudys.com/books/neet-physics)
        Found 0 PDF items for subject Physics.
      Scraping Subject: Chemistry (URL: https://www.selfstudys.com/books/neet-chemistry)
        Found 0 PDF items for subject Chemistry.
      Scraping Subject: Biology (URL: https://www.selfstudys.com/books/neet-biology)
        Found 0 PDF items for subject Biology.
      Scraping Subject: Crash Course (URL: https://www.selfstudys.com/books/neet-crash-course)
        Found 0 PDF items for subject Crash Course.
      Scraping Subject: NEET NCERT Book (URL: https://www.selfstudys.com/books/neet-ncert-books)
        Found 0 PDF items for subject NEET NCERT Book.
      Scraping Subject: Previous Year Paper (URL: https://www.selfstudys.com/books/neet-previous-year-paper)
        Found 0 PDF items for subject Previous Year Paper.
      Scraping Subject: Important Info (URL: https://www.selfstudys.com/books/neet-important-info)
        Found 0 PDF items for subject Important Info.
      Scraping Subject: NCERT Based Short Notes (URL: https://www.selfstudys.com/books/neet-ncert-based-short-notes)
        Found 0 PDF items for subject NCERT Based Short Notes.
      Scraping Subject: NEET Most Repeated Question (URL: https://www.selfstudys.com/books/neet-most-repeated-questions)
        Found 0 PDF items for subject NEET Most Repeated Question.
      Scraping Subject: NEET Sample Paper (URL: https://www.selfstudys.com/books/neet-sample-paper/english/year-wise)
        Found 0 PDF items for subject NEET Sample Paper.
      Scraping Subject: NEET Toppers Notes (URL: https://www.selfstudys.com/books/neet-topper-notes)
        Found 0 PDF items for subject NEET Toppers Notes.
      Scraping Subject: NEET Formula (URL: https://www.selfstudys.com/books/neet-formula)
        Found 0 PDF items for subject NEET Formula.
      Scraping Subject: NEET Important Question (URL: https://www.selfstudys.com/books/neet-important-question)
        Found 0 PDF items for subject NEET Important Question.
      Scraping Subject: NEET Assertion Reason Question (URL: https://www.selfstudys.com/books/neet-assertion-reason-question)
        Found 0 PDF items for subject NEET Assertion Reason Question.
      Scraping Subject: NEET Study Planner (URL: https://www.selfstudys.com/books/neet-study-planner/eng/class/chapter/52606)
        Found 0 PDF items for subject NEET Study Planner.
      Scraping Subject: NEET Flashcards (URL: https://www.selfstudys.com/books/neet-flashcards)
        Found 0 PDF items for subject NEET Flashcards.
      Scraping Subject: NEET Diagram Based Question (URL: https://www.selfstudys.com/books/neet-diagram-based-question)
        Found 0 PDF items for subject NEET Diagram Based Question.
      Scraping Subject: NEET Matching Based Question (URL: https://www.selfstudys.com/books/neet-matching-based-questions)
        Found 0 PDF items for subject NEET Matching Based Question.
      Scraping Subject: Previous Year Papers (URL: https://www.selfstudys.com/books/cuet-previous-year-paper)
        Found 0 PDF items for subject Previous Year Papers.
      Scraping Subject: CUET Mind Map (URL: https://www.selfstudys.com/books/cuet-mind-map)
        Found 0 PDF items for subject CUET Mind Map.
      Scraping Subject: CUET Important Question (URL: https://www.selfstudys.com/books/cuet-important-question)
        Found 0 PDF items for subject CUET Important Question.
      Scraping Subject: NDA Previous Year Paper (URL: https://www.selfstudys.com/books/nda-previous-year-paper)
        Found 0 PDF items for subject NDA Previous Year Paper.
      Scraping Subject: NCERT Books 2022-23 (URL: https://www.selfstudys.com/books/ncert-books-pdf)
        Found 0 PDF items for subject NCERT Books 2022-23.
      Scraping Subject: NCERT Solutions (URL: https://www.selfstudys.com/books/ncert-solution)
        Found 0 PDF items for subject NCERT Solutions.
      Scraping Subject: NCERT Notes (URL: https://www.selfstudys.com/books/ncert-notes)
        Found 0 PDF items for subject NCERT Notes.
      Scraping Subject: NCERT Exemplar Books (URL: https://www.selfstudys.com/books/ncert-exemplar-books)
        Found 0 PDF items for subject NCERT Exemplar Books.
      Scraping Subject: NCERT Exemplar Solution (URL: https://www.selfstudys.com/books/ncert-exemplar-solution)
        Found 0 PDF items for subject NCERT Exemplar Solution.
      Scraping Subject: States UT Book (URL: https://www.selfstudys.com/books/states-ut-book)
        Found 0 PDF items for subject States UT Book.
      Scraping Subject: School Kits & Lab Manual (URL: https://www.selfstudys.com/books/school-kits-lab-manual)
        Found 0 PDF items for subject School Kits & Lab Manual.
      Scraping Subject: NCERT Books 2021-22 (URL: https://www.selfstudys.com/books/new-ncert-books)
        Found 0 PDF items for subject NCERT Books 2021-22.
      Scraping Subject: NCERT Books 2020-21 (URL: https://www.selfstudys.com/books/ncert-books)
        Found 0 PDF items for subject NCERT Books 2020-21.
      Scraping Subject: NCERT Book 2019-2020 (URL: https://www.selfstudys.com/books/ncert-new-book)
        Found 0 PDF items for subject NCERT Book 2019-2020.
      Scraping Subject: NCERT Book 2015-2016 (URL: https://www.selfstudys.com/books/ncert-old-book)
        Found 0 PDF items for subject NCERT Book 2015-2016.
      Scraping Subject: RD Sharma Solution (URL: https://www.selfstudys.com/books/rdsharma-solution)
        Found 0 PDF items for subject RD Sharma Solution.
      Scraping Subject: TS Grewal Solution (URL: https://www.selfstudys.com/books/ts-grewal-solution)
        Found 0 PDF items for subject TS Grewal Solution.
      Scraping Subject: TR Jain Solution (URL: https://www.selfstudys.com/books/tr-jain-solution)
        Found 0 PDF items for subject TR Jain Solution.
      Scraping Subject: Selina Solution (URL: https://www.selfstudys.com/books/selina-publisher-solutions)
        Found 0 PDF items for subject Selina Solution.
      Scraping Subject: Frank Solution (URL: https://www.selfstudys.com/books/frank-solutions)
        Found 0 PDF items for subject Frank Solution.
      Scraping Subject: Lakhmir Singh and Manjit Kaur Solution (URL: https://www.selfstudys.com/books/lakshmir-singh)
        Found 0 PDF items for subject Lakhmir Singh and Manjit Kaur Solution.
      Scraping Subject: SB Mathur Solution (URL: https://www.selfstudys.com/books/sb-mathur-solution)
        Found 0 PDF items for subject SB Mathur Solution.
      Scraping Subject: P Bahadur Solution (URL: https://www.selfstudys.com/books/pbahadur-solution)
        Found 0 PDF items for subject P Bahadur Solution.
      Scraping Subject: OP Tandon Solutions (URL: https://www.selfstudys.com/books/op-tandon-solutions)
        Found 0 PDF items for subject OP Tandon Solutions.
      Scraping Subject: All In One (URL: https://www.selfstudys.com/books/all-in-one)
        Found 0 PDF items for subject All In One.
      Scraping Subject: Dc Pandey (URL: https://www.selfstudys.com/books/dc-pandey)
        Found 0 PDF items for subject Dc Pandey.
      Scraping Subject: I.E.Irodov solutions (URL: https://www.selfstudys.com/books/i-e-irodov)
        Found 120 PDF items for subject I.E.Irodov solutions.
        ✅ Saved: 11. Kinematics -> https://www.selfstudys.com/sitepdfs/SjhRj5YJG1D4FZtwrIwa
        ✅ Saved: Untitled Document -> https://www.selfstudys.com/sitepdfs/SjhRj5YJG1D4FZtwrIwa
        ⚠️ No PDF link found for: Untitled Document
        ✅ Saved: 22. The Fundamental Equation Of Dynamics -> https://www.selfstudys.com/sitepdfs/y2XtTBwC4wnSqZ71njty
        ✅ Saved: Untitled Document -> https://www.selfstudys.com/sitepdfs/y2XtTBwC4wnSqZ71njty
        ⚠️ No PDF link found for: Untitled Document
        ✅ Saved: 33. Laws of Conservation of Energy, Momentum and Angular Momentum -> https://www.selfstudys.com/sitepdfs/uKtHwoXV9bgOqanBViZp
        ✅ Saved: Untitled Document -> https://www.selfstudys.com/sitepdfs/uKtHwoXV9bgOqanBViZp
        ⚠️ No PDF link found for: Untitled Document
        ✅ Saved: 44. Universal Gravitation -> https://www.selfstudys.com/sitepdfs/GF8kOe9hbF73netBu6Bf
        ✅ Saved: Untitled Document -> https://www.selfstudys.com/sitepdfs/GF8kOe9hbF73netBu6Bf
        ⚠️ No PDF link found for: Untitled Document
        ✅ Saved: 55. Dynamics Of A Solid Body -> https://www.selfstudys.com/sitepdfs/XkV7pTKQHZbL4U8WcIuU
        ✅ Saved: Untitled Document -> https://www.selfstudys.com/sitepdfs/XkV7pTKQHZbL4U8WcIuU
        ⚠️ No PDF link found for: Untitled Document
        ✅ Saved: 66. Elastic Deformations Of A Solid Body -> https://www.selfstudys.com/sitepdfs/8GTRg291xnA45ZorpMVT
        ✅ Saved: Untitled Document -> https://www.selfstudys.com/sitepdfs/8GTRg291xnA45ZorpMVT
        ⚠️ No PDF link found for: Untitled Document
        ✅ Saved: 77. Hydrodynamics -> https://www.selfstudys.com/sitepdfs/zVIUjYV6xpwlCT5NXDPf
        ✅ Saved: Untitled Document -> https://www.selfstudys.com/sitepdfs/zVIUjYV6xpwlCT5NXDPf
        ⚠️ No PDF link found for: Untitled Document
        ✅ Saved: 88. Relativistic Mechanics -> https://www.selfstudys.com/sitepdfs/ayae6j6AWpuistt2zjSt
        ✅ Saved: Untitled Document -> https://www.selfstudys.com/sitepdfs/ayae6j6AWpuistt2zjSt
        ⚠️ No PDF link found for: Untitled Document
        ✅ Saved: 99. Equation Of The Gas State Processes -> https://www.selfstudys.com/sitepdfs/MJkEwZd9BZBIzRHSt9TF
        ✅ Saved: Untitled Document -> https://www.selfstudys.com/sitepdfs/MJkEwZd9BZBIzRHSt9TF
        ⚠️ No PDF link found for: Untitled Document
        ✅ Saved: 1010. The First Law Of Thermodynamics Heat Capacity -> https://www.selfstudys.com/sitepdfs/UCuSM8ReOiG88qHvLSif
        ✅ Saved: Untitled Document -> https://www.selfstudys.com/sitepdfs/UCuSM8ReOiG88qHvLSif
        ⚠️ No PDF link found for: Untitled Document
        ✅ Saved: 1111. Kinetic Theory Of Gases -> https://www.selfstudys.com/sitepdfs/PTK1OfXv5CYaTR37LhGH
        ✅ Saved: Untitled Document -> https://www.selfstudys.com/sitepdfs/PTK1OfXv5CYaTR37LhGH
        ⚠️ No PDF link found for: Untitled Document
        ✅ Saved: 1212. The Second Law Of Thermodynamics Entropy -> https://www.selfstudys.com/sitepdfs/uAApKFyBP1YfEXqD2Rdk
        ✅ Saved: Untitled Document -> https://www.selfstudys.com/sitepdfs/uAApKFyBP1YfEXqD2Rdk
        ⚠️ No PDF link found for: Untitled Document
        ✅ Saved: 1313. Liquids Capillary Effects -> https://www.selfstudys.com/sitepdfs/B5WnXPpDBRaKgqbGvvPQ
        ✅ Saved: Untitled Document -> https://www.selfstudys.com/sitepdfs/B5WnXPpDBRaKgqbGvvPQ
        ⚠️ No PDF link found for: Untitled Document
        ✅ Saved: 1414. Phase Transformations -> https://www.selfstudys.com/sitepdfs/cguqIJRR7stIp6GHevik
        ✅ Saved: Untitled Document -> https://www.selfstudys.com/sitepdfs/cguqIJRR7stIp6GHevik
        ⚠️ No PDF link found for: Untitled Document
        ❌ Error scraping PDF page https://www.selfstudys.com/books/i-e-irodov/eng/class/chapter/15-transport-phenomena/112693: aborted
        ❌ Error scraping PDF page https://www.selfstudys.com/books/i-e-irodov/eng/class/chapter/15-transport-phenomena/112693: aborted
        ⚠️ No PDF link found for: Untitled Document
        ✅ Saved: 1616. Constant Electric Field In Vacuum -> https://www.selfstudys.com/sitepdfs/cIFJ54AjJOasOp0D7kXD
        ✅ Saved: Untitled Document -> https://www.selfstudys.com/sitepdfs/cIFJ54AjJOasOp0D7kXD
        ⚠️ No PDF link found for: Untitled Document
        ✅ Saved: 1717. Conductors And Dielectrics In An Electric Field -> https://www.selfstudys.com/sitepdfs/IagDWLzQaOvPqe8sMTtT
        ✅ Saved: Untitled Document -> https://www.selfstudys.com/sitepdfs/IagDWLzQaOvPqe8sMTtT
        ⚠️ No PDF link found for: Untitled Document
        ✅ Saved: 1818. Electric Capacitance Energy Of An Electric Field -> https://www.selfstudys.com/sitepdfs/gJJAGWd3G0eW7887ydAf
        ✅ Saved: Untitled Document -> https://www.selfstudys.com/sitepdfs/gJJAGWd3G0eW7887ydAf
        ⚠️ No PDF link found for: Untitled Document
        ✅ Saved: 1919. Electric Current -> https://www.selfstudys.com/sitepdfs/2lO7yWBn0q2BKgNSgDrG
        ✅ Saved: Untitled Document -> https://www.selfstudys.com/sitepdfs/2lO7yWBn0q2BKgNSgDrG
        ⚠️ No PDF link found for: Untitled Document
        ✅ Saved: 2020. Constant Magnetic Field Magnetics -> https://www.selfstudys.com/sitepdfs/mF2TIgm5SPnvNfaNJGAN
        ✅ Saved: Untitled Document -> https://www.selfstudys.com/sitepdfs/mF2TIgm5SPnvNfaNJGAN
        ⚠️ No PDF link found for: Untitled Document
        ✅ Saved: 2121. Electromagnetic Induction Maxwell’s Equations -> https://www.selfstudys.com/sitepdfs/j3PVlsGeHs5NmQMCKEKq
        ✅ Saved: Untitled Document -> https://www.selfstudys.com/sitepdfs/j3PVlsGeHs5NmQMCKEKq
        ⚠️ No PDF link found for: Untitled Document
        ✅ Saved: 2222. Motion Of Charged Particles In Electric And Magne -> https://www.selfstudys.com/sitepdfs/AEJe01TSGbp6mYviHRyV
        ✅ Saved: Untitled Document -> https://www.selfstudys.com/sitepdfs/AEJe01TSGbp6mYviHRyV
        ⚠️ No PDF link found for: Untitled Document
        ✅ Saved: 2323. Mechanical Oscillations -> https://www.selfstudys.com/sitepdfs/vygFJutwxZdOvIV7Afwn
        ✅ Saved: Untitled Document -> https://www.selfstudys.com/sitepdfs/vygFJutwxZdOvIV7Afwn
        ❌ Error scraping PDF page https://www.selfstudys.com/advance-pdf-viewer/i-e-irodov/eng/class/chapter/23-mechanical-oscillations/112479: aborted
        ✅ Saved: 2424. Electric Oscillations -> https://www.selfstudys.com/sitepdfs/je6vxXBfPmSbRuujBth1
        ✅ Saved: Untitled Document -> https://www.selfstudys.com/sitepdfs/je6vxXBfPmSbRuujBth1
        ⚠️ No PDF link found for: Untitled Document
        ✅ Saved: 2525. Elastic Waves -> https://www.selfstudys.com/sitepdfs/923oRiRBKQcTaNcmRBsm
        ✅ Saved: Untitled Document -> https://www.selfstudys.com/sitepdfs/923oRiRBKQcTaNcmRBsm
        ⚠️ No PDF link found for: Untitled Document
        ✅ Saved: 2626. Electromagnetic Waves -> https://www.selfstudys.com/sitepdfs/w2WTi2rEwOSdsEJbbYhZ
        ✅ Saved: Untitled Document -> https://www.selfstudys.com/sitepdfs/w2WTi2rEwOSdsEJbbYhZ
        ⚠️ No PDF link found for: Untitled Document
        ✅ Saved: 2727. Photometry and Geometrical Optics -> https://www.selfstudys.com/sitepdfs/4adXJqNifneAsdLNzzyb
        ✅ Saved: Untitled Document -> https://www.selfstudys.com/sitepdfs/4adXJqNifneAsdLNzzyb
        ⚠️ No PDF link found for: Untitled Document
        ✅ Saved: 2828. Interference of Light -> https://www.selfstudys.com/sitepdfs/cpSEPt7T00GNvh1CWOcp
        ✅ Saved: Untitled Document -> https://www.selfstudys.com/sitepdfs/cpSEPt7T00GNvh1CWOcp
        ⚠️ No PDF link found for: Untitled Document
        ✅ Saved: 2929. Diffraction of Light -> https://www.selfstudys.com/sitepdfs/yxEFNMfGR8U0FxDJo3YF
        ✅ Saved: Untitled Document -> https://www.selfstudys.com/sitepdfs/yxEFNMfGR8U0FxDJo3YF
        ⚠️ No PDF link found for: Untitled Document
        ✅ Saved: 3030. Polarization of Light -> https://www.selfstudys.com/sitepdfs/eJ8oMjsKQdtT5ncbwK0Y
        ✅ Saved: Untitled Document -> https://www.selfstudys.com/sitepdfs/eJ8oMjsKQdtT5ncbwK0Y
        ⚠️ No PDF link found for: Untitled Document
        ✅ Saved: 3131. Dispersion and Absorption of Light -> https://www.selfstudys.com/sitepdfs/wS03sidzUmlfeurczRhD
        ✅ Saved: Untitled Document -> https://www.selfstudys.com/sitepdfs/wS03sidzUmlfeurczRhD
        ⚠️ No PDF link found for: Untitled Document
        ✅ Saved: 3232. Optics of Moving Sources -> https://www.selfstudys.com/sitepdfs/75s3RTuUxEMAr1M2zGij
        ✅ Saved: Untitled Document -> https://www.selfstudys.com/sitepdfs/75s3RTuUxEMAr1M2zGij
        ⚠️ No PDF link found for: Untitled Document
        ✅ Saved: 3333. Thermal Radiation. Quantum Nature of Light -> https://www.selfstudys.com/sitepdfs/D1WTgf73BNjHcCO70mnZ
        ✅ Saved: Untitled Document -> https://www.selfstudys.com/sitepdfs/D1WTgf73BNjHcCO70mnZ
        ⚠️ No PDF link found for: Untitled Document
        ✅ Saved: 3434. Scattering of Particles. Rutherford-Bohr Atom -> https://www.selfstudys.com/sitepdfs/sB31RkbF9LLYjgGdcrop
        ✅ Saved: Untitled Document -> https://www.selfstudys.com/sitepdfs/sB31RkbF9LLYjgGdcrop
        ⚠️ No PDF link found for: Untitled Document
        ✅ Saved: 3535. Wave Properties of Particles. Schrodinger Equation -> https://www.selfstudys.com/sitepdfs/VO7oSfldiM14XPlJYPMt
        ✅ Saved: Untitled Document -> https://www.selfstudys.com/sitepdfs/VO7oSfldiM14XPlJYPMt
        ⚠️ No PDF link found for: Untitled Document
        ❌ Error scraping PDF page https://www.selfstudys.com/books/i-e-irodov/eng/class/chapter/36-properties-of-atoms-spectra/112465: aborted
        ✅ Saved: Untitled Document -> https://www.selfstudys.com/sitepdfs/8e8p3F7pZFSjqN3MUpnp
        ❌ Error scraping PDF page https://www.selfstudys.com/advance-pdf-viewer/i-e-irodov/eng/class/chapter/36-properties-of-atoms-spectra/112465: aborted
        ✅ Saved: 3737. Molecules and Crystals -> https://www.selfstudys.com/sitepdfs/BDtvtlDm1Gb1HjCQzpyN
        ✅ Saved: Untitled Document -> https://www.selfstudys.com/sitepdfs/BDtvtlDm1Gb1HjCQzpyN
        ⚠️ No PDF link found for: Untitled Document
        ✅ Saved: 3838. Radioactivity -> https://www.selfstudys.com/sitepdfs/ZVz7HfYbir8jr6KDqU73
        ✅ Saved: Untitled Document -> https://www.selfstudys.com/sitepdfs/ZVz7HfYbir8jr6KDqU73
        ⚠️ No PDF link found for: Untitled Document
        ✅ Saved: 3939. Nuclear Reactions -> https://www.selfstudys.com/sitepdfs/CuVHbSWDHYYTsdJBVRI6
        ✅ Saved: Untitled Document -> https://www.selfstudys.com/sitepdfs/CuVHbSWDHYYTsdJBVRI6
        ⚠️ No PDF link found for: Untitled Document
        ✅ Saved: 4040. Elementary Particles -> https://www.selfstudys.com/sitepdfs/qVnpfqEoseAvacCEXQbY
        ❌ Error scraping PDF page https://www.selfstudys.com/books/i-e-irodov/eng/class/chapter/40-elementary-particles/112461: aborted
        ⚠️ No PDF link found for: Untitled Document
      Scraping Subject: ICSE - Goyal Brothers Park (URL: https://www.selfstudys.com/books/books-icse-goyal)
        Found 0 PDF items for subject ICSE - Goyal Brothers Park.
      Scraping Subject: ICSE - Dorothy M. Noronhe (URL: https://www.selfstudys.com/books/books-icse-dorothy)
        Found 0 PDF items for subject ICSE - Dorothy M. Noronhe.
      Scraping Subject: Micheal Vaz Solution (URL: https://www.selfstudys.com/books/micheal-vaz-solution)
        Found 0 PDF items for subject Micheal Vaz Solution.
      Scraping Subject: S.S. Krotov Solution (URL: https://www.selfstudys.com/books/s-s-krotov-solution)
        Found 0 PDF items for subject S.S. Krotov Solution.
      Scraping Subject: Evergreen Science (URL: https://www.selfstudys.com/books/evergreen-science)
        Found 0 PDF items for subject Evergreen Science.
      Scraping Subject: KC Sinha Solution (URL: https://www.selfstudys.com/books/kc-sinha-solution)
        Found 0 PDF items for subject KC Sinha Solution.
      Scraping Subject: ICSE - ISC Jayanti Sengupta, Oxford (URL: https://www.selfstudys.com/books/icse-isc-jayanti-sengupta-oxford)
        Found 0 PDF items for subject ICSE - ISC Jayanti Sengupta, Oxford.
      Scraping Subject: ICSE Focus on History (URL: https://www.selfstudys.com/books/icse-focus-on-history)
        Found 0 PDF items for subject ICSE Focus on History.
      Scraping Subject: ICSE GeoGraphy Voyage (URL: https://www.selfstudys.com/books/icse-geo-graphy-voyage)
        Found 0 PDF items for subject ICSE GeoGraphy Voyage.
      Scraping Subject: ICSE Hindi Solution (URL: https://www.selfstudys.com/books/icse-hindi-solution)
        Found 0 PDF items for subject ICSE Hindi Solution.
      Scraping Subject: ICSE Treasure Trove Solution (URL: https://www.selfstudys.com/books/icse-treasure-trove-solution)
        Found 0 PDF items for subject ICSE Treasure Trove Solution.
      Scraping Subject: Thomas & Finney Solution (URL: https://www.selfstudys.com/books/thomas-finney-solutions)
        Found 0 PDF items for subject Thomas & Finney Solution.
      Scraping Subject: SL Loney Solution (URL: https://www.selfstudys.com/books/slloney-solution)
        Found 0 PDF items for subject SL Loney Solution.
      Scraping Subject: Narendra Awasthi Solution (URL: https://www.selfstudys.com/books/narendra-awasthi-solution)
        Found 0 PDF items for subject Narendra Awasthi Solution.
      Scraping Subject: LA Sena Solution (URL: https://www.selfstudys.com/books/la-sena-solution)
        Found 0 PDF items for subject LA Sena Solution.
      Scraping Subject: Integral Calculus Amit Agarwal Solution (URL: https://www.selfstudys.com/books/integral-calculus-amit-m-agarwal-solution)
        Found 0 PDF items for subject Integral Calculus Amit Agarwal Solution.
      Scraping Subject: IA Maron Solution (URL: https://www.selfstudys.com/books/ia-maron-solutions)
        Found 0 PDF items for subject IA Maron Solution.
      Scraping Subject: Hall & Knight Solution (URL: https://www.selfstudys.com/books/hall-and-knight-solutions)
        Error scraping subject Hall & Knight Solution: aborted
      Scraping Subject: Errorless Solution (URL: https://www.selfstudys.com/books/errorless-solutions)
        Found 0 PDF items for subject Errorless Solution.
      Scraping Subject: Pradeep's KL Gogia Solution (URL: https://www.selfstudys.com/books/pradeeps-kl-gogia-solutions)
        Found 0 PDF items for subject Pradeep's KL Gogia Solution.
      Scraping Subject: Sample Papers (URL: https://www.selfstudys.com/books/cbse-sample-paper)
        Found 0 PDF items for subject Sample Papers.
      Scraping Subject: Previous Year Question Paper (URL: https://www.selfstudys.com/books/cbse-prev-paper)
        Found 0 PDF items for subject Previous Year Question Paper.
      Scraping Subject: Important Question (URL: https://www.selfstudys.com/books/cbse-important-questions)
        Found 0 PDF items for subject Important Question.
      Scraping Subject: Value Based Questions (URL: https://www.selfstudys.com/books/cbse-valued-qns)
        Found 0 PDF items for subject Value Based Questions.
      Scraping Subject: CBSE Syllabus (URL: https://www.selfstudys.com/books/cbse-syllabus)
        Found 0 PDF items for subject CBSE Syllabus.
      Scraping Subject: CBSE MCQs PDF (URL: https://www.selfstudys.com/books/cbse-mcqs)
        Found 0 PDF items for subject CBSE MCQs PDF.
      Scraping Subject: Formula Class Wise (URL: https://www.selfstudys.com/books/formula-class-wise)
        Found 0 PDF items for subject Formula Class Wise.
      Scraping Subject: CBSE Flashcards (URL: https://www.selfstudys.com/books/cbse-flashcard)
        Found 0 PDF items for subject CBSE Flashcards.
      Scraping Subject: New Revision Notes (URL: https://www.selfstudys.com/books/cbse-new-revision-notes)
        Found 0 PDF items for subject New Revision Notes.
      Scraping Subject: Revision Notes (URL: https://www.selfstudys.com/books/cbse-revisions-notes)
        Found 0 PDF items for subject Revision Notes.
      Scraping Subject: Question Bank (URL: https://www.selfstudys.com/books/cbse-hots-qsn)
        Found 0 PDF items for subject Question Bank.
      Scraping Subject: Lab Manual (URL: https://www.selfstudys.com/books/cbse-lab-manual)
        Found 0 PDF items for subject Lab Manual.
      Scraping Subject: Formula Chapter Wise (URL: https://www.selfstudys.com/books/formula-chapter-wise)
        Found 0 PDF items for subject Formula Chapter Wise.
      Scraping Subject: Toppers Notes (URL: https://www.selfstudys.com/books/cbse-toppers-notes)
        Found 0 PDF items for subject Toppers Notes.
      Scraping Subject: Marks Wise Question (URL: https://www.selfstudys.com/books/cbse-marks-wise-qns)
        Found 0 PDF items for subject Marks Wise Question.
      Scraping Subject: Toppers Answer Sheets (URL: https://www.selfstudys.com/books/cbse-toppers-answer-sheet)
        Found 0 PDF items for subject Toppers Answer Sheets.
      Scraping Subject: Exam Paper Aalysis (URL: https://www.selfstudys.com/books/cbse-exam-paper-analysis)
        Found 0 PDF items for subject Exam Paper Aalysis.
      Scraping Subject: Concept Map (URL: https://www.selfstudys.com/books/cbse-concept-map)
        Found 0 PDF items for subject Concept Map.
      Scraping Subject: CBSE Text Book (URL: https://www.selfstudys.com/books/cbse-books)
        Found 0 PDF items for subject CBSE Text Book.
      Scraping Subject: Additional Practice Questions (URL: https://www.selfstudys.com/books/cbse-additional-practice-questions)
        Found 0 PDF items for subject Additional Practice Questions.
      Scraping Subject: Most Repeated Question (URL: https://www.selfstudys.com/books/cbse-most-repeated-question)
        Found 0 PDF items for subject Most Repeated Question.
      Scraping Subject: Vocational Book (URL: https://www.selfstudys.com/books/cbse-vocational-book)
        Found 0 PDF items for subject Vocational Book.
      Scraping Subject: CBSE - Concept (URL: https://www.selfstudys.com/books/cbse-concept)
        Found 0 PDF items for subject CBSE - Concept.
      Scraping Subject: Case Study (URL: https://www.selfstudys.com/books/cbse-case-study)
        Found 0 PDF items for subject Case Study.
      Scraping Subject: KVS NCERT CBSE Worksheets (URL: https://www.selfstudys.com/books/kvs-ncert-cbse-worksheets)
        Found 0 PDF items for subject KVS NCERT CBSE Worksheets.
      Scraping Subject: Assertion & Reason (URL: https://www.selfstudys.com/books/cbse-assertion-reason)
        Found 0 PDF items for subject Assertion & Reason.
      Scraping Subject: Diagram Based Question (URL: https://www.selfstudys.com/books/cbse-diagram-based-question)
        Found 0 PDF items for subject Diagram Based Question.
      Scraping Subject: Study Planner (URL: https://www.selfstudys.com/books/cbse-study-planner)
        Found 0 PDF items for subject Study Planner.
      Scraping Subject: Competency Based Questions (URL: https://www.selfstudys.com/books/cbse-competency-based-questions)
        Found 0 PDF items for subject Competency Based Questions.
      Scraping Subject: Physics (URL: https://www.selfstudys.com/books/jee-physics)
        Found 0 PDF items for subject Physics.
      Scraping Subject: Chemistry (URL: https://www.selfstudys.com/books/jee-chemistry)
        Found 0 PDF items for subject Chemistry.
      Scraping Subject: Maths (URL: https://www.selfstudys.com/books/jee-maths)
        Found 0 PDF items for subject Maths.
      Scraping Subject: JEE Previous Year Paper (URL: https://www.selfstudys.com/books/jee-previous-year-paper)
        Found 0 PDF items for subject JEE Previous Year Paper.
      Scraping Subject: JEE Crash Course (URL: https://www.selfstudys.com/books/iit-jee-crash-course)
        Found 0 PDF items for subject JEE Crash Course.
      Scraping Subject: JEE Sample Papers (URL: https://www.selfstudys.com/books/jee-sample-papers/english/jee-main)
        Found 0 PDF items for subject JEE Sample Papers.
      Scraping Subject: JEE Toppers Notes (URL: https://www.selfstudys.com/books/jee-topper-notes)
        Found 0 PDF items for subject JEE Toppers Notes.
      Scraping Subject: JEE Formula (URL: https://www.selfstudys.com/books/jee-formula)
        Found 0 PDF items for subject JEE Formula.
      Scraping Subject: JEE Important Question (URL: https://www.selfstudys.com/books/jee-important-question)
        Found 0 PDF items for subject JEE Important Question.
      Scraping Subject: JEE Mind Map (URL: https://www.selfstudys.com/books/jee-mind-map)
        Found 0 PDF items for subject JEE Mind Map.
      Scraping Subject: JEE Integer Numerical Type Question (URL: https://www.selfstudys.com/books/jee-integer-numerical-type-question)
        Found 0 PDF items for subject JEE Integer Numerical Type Question.
      Scraping Subject: JEE Study Planner (URL: https://www.selfstudys.com/books/jee-study-planner/eng/class/chapter/51799)
        Found 0 PDF items for subject JEE Study Planner.
      Scraping Subject: JEE Flashcards (URL: https://www.selfstudys.com/books/jee-flashcards)
        Found 0 PDF items for subject JEE Flashcards.
      Scraping Subject: ICAR AIEEA Previous Year Paper (URL: https://www.selfstudys.com/books/icar-aieea-previous-year-paper)
        Found 0 PDF items for subject ICAR AIEEA Previous Year Paper.
      Scraping Subject: Important Info (URL: https://www.selfstudys.com/books/jee-important-info)
        Found 0 PDF items for subject Important Info.
      Scraping Subject: SRM-JEEE Previous Year Paper (URL: https://www.selfstudys.com/books/srmjeee-previous-year-paper)
        Found 0 PDF items for subject SRM-JEEE Previous Year Paper.
      Scraping Subject: VITEEE Previous Year Paper (URL: https://www.selfstudys.com/books/viteee-previous-year-paper)
        Found 0 PDF items for subject VITEEE Previous Year Paper.
      Scraping Subject: BITSAT Previous Year Paper (URL: https://www.selfstudys.com/books/bitsat-previous-year-paper)
        Found 0 PDF items for subject BITSAT Previous Year Paper.
      Scraping Subject: Manipal Previous Year Paper (URL: https://www.selfstudys.com/books/manipal-previous-year-paper)
        Found 0 PDF items for subject Manipal Previous Year Paper.
      Scraping Subject: AP EAMCET Previous Year Paper (URL: https://www.selfstudys.com/books/ap-eamcet-previous-year-paper)
        Found 0 PDF items for subject AP EAMCET Previous Year Paper.
      Scraping Subject: COMEDK Previous Year Paper (URL: https://www.selfstudys.com/books/comedk-previous-year-paper)
        Found 0 PDF items for subject COMEDK Previous Year Paper.
      Scraping Subject: IISER Previous Year Paper (URL: https://www.selfstudys.com/books/iiser-previous-year-paper)
        Found 0 PDF items for subject IISER Previous Year Paper.
      Scraping Subject: GUJCET Previous Year Paper (URL: https://www.selfstudys.com/books/gujcet-previous-year-paper)
        Found 0 PDF items for subject GUJCET Previous Year Paper.
      Scraping Subject: KCET Previous Year Paper (URL: https://www.selfstudys.com/books/kcet-previous-year-paper)
        Found 0 PDF items for subject KCET Previous Year Paper.
      Scraping Subject: KEAM Previous Year Paper (URL: https://www.selfstudys.com/books/keam-previous-year-paper)
        Found 0 PDF items for subject KEAM Previous Year Paper.
      Scraping Subject: MHT CET Previous Year Paper (URL: https://www.selfstudys.com/books/mhtcet-previous-year-paper)
        Found 0 PDF items for subject MHT CET Previous Year Paper.
      Scraping Subject: TS EAMCET Previous Year Paper (URL: https://www.selfstudys.com/books/tseamcet-previous-year-paper)
        Found 0 PDF items for subject TS EAMCET Previous Year Paper.
      Scraping Subject: WBJEE Previous Year Paper (URL: https://www.selfstudys.com/books/wbjee-previous-year-paper)
        Found 0 PDF items for subject WBJEE Previous Year Paper.
      Scraping Subject: AMU Previous Year Paper (URL: https://www.selfstudys.com/books/amu-previous-year-paper)
        Found 0 PDF items for subject AMU Previous Year Paper.
      Scraping Subject: CUSAT Previous Year Paper (URL: https://www.selfstudys.com/books/cusat-previous-year-paper)
        Found 0 PDF items for subject CUSAT Previous Year Paper.
      Scraping Subject: AEEE Previous Year Paper (URL: https://www.selfstudys.com/books/aeee-previous-year-paper)
        Found 0 PDF items for subject AEEE Previous Year Paper.
      Scraping Subject: UPSEE Previous Year Paper (URL: https://www.selfstudys.com/books/upsee-previous-year-papers)
        Found 0 PDF items for subject UPSEE Previous Year Paper.
      Scraping Subject: CGPET Previous Year Paper (URL: https://www.selfstudys.com/books/cgpet-previous-year-papers)
        Found 0 PDF items for subject CGPET Previous Year Paper.
      Scraping Subject: BCECE Previous Year Paper (URL: https://www.selfstudys.com/books/bcece-previous-year-papers)
        Found 0 PDF items for subject BCECE Previous Year Paper.
      Scraping Subject: JCECE Previous Year Paper (URL: https://www.selfstudys.com/books/jcece-previous-year-papers)
        Found 0 PDF items for subject JCECE Previous Year Paper.
      Scraping Subject: LPU Previous Year Paper (URL: https://www.selfstudys.com/books/lpu-previous-year-papers)
        Found 0 PDF items for subject LPU Previous Year Paper.
      Scraping Subject: NEST Previous Year Paper (URL: https://www.selfstudys.com/books/nest-previous-year-papers)
        Found 0 PDF items for subject NEST Previous Year Paper.
      Scraping Subject: Physics (URL: https://www.selfstudys.com/books/neet-physics)
        Found 0 PDF items for subject Physics.
      Scraping Subject: Chemistry (URL: https://www.selfstudys.com/books/neet-chemistry)
        Found 0 PDF items for subject Chemistry.
      Scraping Subject: Biology (URL: https://www.selfstudys.com/books/neet-biology)
        Found 0 PDF items for subject Biology.
      Scraping Subject: Crash Course (URL: https://www.selfstudys.com/books/neet-crash-course)
        Found 0 PDF items for subject Crash Course.
      Scraping Subject: NEET NCERT Book (URL: https://www.selfstudys.com/books/neet-ncert-books)
        Found 0 PDF items for subject NEET NCERT Book.
      Scraping Subject: Previous Year Paper (URL: https://www.selfstudys.com/books/neet-previous-year-paper)
        Found 0 PDF items for subject Previous Year Paper.
      Scraping Subject: Important Info (URL: https://www.selfstudys.com/books/neet-important-info)
        Found 0 PDF items for subject Important Info.
      Scraping Subject: NCERT Based Short Notes (URL: https://www.selfstudys.com/books/neet-ncert-based-short-notes)
        Found 0 PDF items for subject NCERT Based Short Notes.
      Scraping Subject: NEET Most Repeated Question (URL: https://www.selfstudys.com/books/neet-most-repeated-questions)
        Found 0 PDF items for subject NEET Most Repeated Question.
      Scraping Subject: NEET Sample Paper (URL: https://www.selfstudys.com/books/neet-sample-paper/english/year-wise)
        Found 0 PDF items for subject NEET Sample Paper.
      Scraping Subject: NEET Toppers Notes (URL: https://www.selfstudys.com/books/neet-topper-notes)
        Found 0 PDF items for subject NEET Toppers Notes.
      Scraping Subject: NEET Formula (URL: https://www.selfstudys.com/books/neet-formula)
        Found 0 PDF items for subject NEET Formula.
      Scraping Subject: NEET Matching Based Question (URL: https://www.selfstudys.com/books/neet-matching-based-questions)
        Found 0 PDF items for subject NEET Matching Based Question.
      Scraping Subject: NEET Important Question (URL: https://www.selfstudys.com/books/neet-important-question)
        Found 0 PDF items for subject NEET Important Question.
      Scraping Subject: NEET Assertion Reason Question (URL: https://www.selfstudys.com/books/neet-assertion-reason-question)
        Found 0 PDF items for subject NEET Assertion Reason Question.
      Scraping Subject: NEET Study Planner (URL: https://www.selfstudys.com/books/neet-study-planner/eng/class/chapter/52606)
        Found 0 PDF items for subject NEET Study Planner.
      Scraping Subject: NEET Flashcards (URL: https://www.selfstudys.com/books/neet-flashcards)
        Found 0 PDF items for subject NEET Flashcards.
      Scraping Subject: NEET Diagram Based Question (URL: https://www.selfstudys.com/books/neet-diagram-based-question)
        Found 0 PDF items for subject NEET Diagram Based Question.
      Scraping Subject: Previous Year Papers (URL: https://www.selfstudys.com/books/cuet-previous-year-paper)
        Found 0 PDF items for subject Previous Year Papers.
      Scraping Subject: CUET Mind Map (URL: https://www.selfstudys.com/books/cuet-mind-map)
        Found 0 PDF items for subject CUET Mind Map.
      Scraping Subject: CUET Important Question (URL: https://www.selfstudys.com/books/cuet-important-question)
        Found 0 PDF items for subject CUET Important Question.
      Scraping Subject: NDA Previous Year Paper (URL: https://www.selfstudys.com/books/nda-previous-year-paper)
        Found 0 PDF items for subject NDA Previous Year Paper.
      Scraping Subject: West Bengal Board Syllabus (URL: https://www.selfstudys.com/books/west-bengal/state-books/class-12th/syllabus/14024)
        Found 150 PDF items for subject West Bengal Board Syllabus.
        ✅ Saved: 1English-A 2025-26 -> https://www.selfstudys.com/sitepdfs/M0ZBHJpZI3xxdTQkVyoK
        ✅ Saved: Untitled Document -> https://www.selfstudys.com/sitepdfs/M0ZBHJpZI3xxdTQkVyoK
        ⚠️ No PDF link found for: Untitled Document
        ✅ Saved: 2English-B 2025-26 -> https://www.selfstudys.com/sitepdfs/UIozBD8Y9k1zvAAfNRY9
        ✅ Saved: Untitled Document -> https://www.selfstudys.com/sitepdfs/UIozBD8Y9k1zvAAfNRY9
        ⚠️ No PDF link found for: Untitled Document
        ✅ Saved: 3Bengali-A 2025-26 -> https://www.selfstudys.com/sitepdfs/knhq90FEXwyDpqMt5QsE
        ✅ Saved: Untitled Document -> https://www.selfstudys.com/sitepdfs/knhq90FEXwyDpqMt5QsE
        ❌ Error scraping PDF page https://www.selfstudys.com/advance-pdf-viewer/west-bengal/state-books/class-12th/syllabus/bengali-a-2025-26/1197006: aborted
        ✅ Saved: 4Bengali-B 2025-26 -> https://www.selfstudys.com/sitepdfs/LIdGbanOhcTMJ653XepS
        ✅ Saved: Untitled Document -> https://www.selfstudys.com/sitepdfs/LIdGbanOhcTMJ653XepS
        ⚠️ No PDF link found for: Untitled Document
        ✅ Saved: 5Hindi-A 2025-26 -> https://www.selfstudys.com/sitepdfs/iM69T1e8j7DeVSzELbyx
        ✅ Saved: Untitled Document -> https://www.selfstudys.com/sitepdfs/iM69T1e8j7DeVSzELbyx
        ⚠️ No PDF link found for: Untitled Document
        ✅ Saved: 6Hindi-B 2025-26 -> https://www.selfstudys.com/sitepdfs/3ZQz9chKCthE597BWny8
        ✅ Saved: Untitled Document -> https://www.selfstudys.com/sitepdfs/3ZQz9chKCthE597BWny8
        ⚠️ No PDF link found for: Untitled Document
        ✅ Saved: 7Mathematics 2025-26 -> https://www.selfstudys.com/sitepdfs/5Arf6EUusJB2sORV420f
        ✅ Saved: Untitled Document -> https://www.selfstudys.com/sitepdfs/5Arf6EUusJB2sORV420f
        ⚠️ No PDF link found for: Untitled Document
        ✅ Saved: 8Physics 2025-26 -> https://www.selfstudys.com/sitepdfs/3AFyNobIXnTfLSEJqxRo
        ✅ Saved: Untitled Document -> https://www.selfstudys.com/sitepdfs/3AFyNobIXnTfLSEJqxRo
        ⚠️ No PDF link found for: Untitled Document
        ✅ Saved: 9Chemistry 2025-26 -> https://www.selfstudys.com/sitepdfs/JSiB619EAoc2YEc6kLZ9
        ✅ Saved: Untitled Document -> https://www.selfstudys.com/sitepdfs/JSiB619EAoc2YEc6kLZ9
        ⚠️ No PDF link found for: Untitled Document
        ✅ Saved: 10Biological Science 2025-26 -> https://www.selfstudys.com/sitepdfs/7fTHxHgG3c5rxG2Om9Pt
        ✅ Saved: Untitled Document -> https://www.selfstudys.com/sitepdfs/7fTHxHgG3c5rxG2Om9Pt
        ⚠️ No PDF link found for: Untitled Document
        ✅ Saved: 11Computer Science  2025-26 -> https://www.selfstudys.com/sitepdfs/Mymv3zqNLFd2jNVyCe2Y
        ✅ Saved: Untitled Document -> https://www.selfstudys.com/sitepdfs/Mymv3zqNLFd2jNVyCe2Y
        ⚠️ No PDF link found for: Untitled Document
        ✅ Saved: 12Business Studies 2025-26 -> https://www.selfstudys.com/sitepdfs/Pjnvj6Gb4FYEmioHzVzw
        ✅ Saved: Untitled Document -> https://www.selfstudys.com/sitepdfs/Pjnvj6Gb4FYEmioHzVzw
        ⚠️ No PDF link found for: Untitled Document
        ✅ Saved: 13Economics 2025-26 -> https://www.selfstudys.com/sitepdfs/akaIUQL7HeBQWvQuWRdV
        ✅ Saved: Untitled Document -> https://www.selfstudys.com/sitepdfs/akaIUQL7HeBQWvQuWRdV
        ⚠️ No PDF link found for: Untitled Document
        ✅ Saved: 14Accountancy 2025-26 -> https://www.selfstudys.com/sitepdfs/xCZKIcTfv7Dmw5Gu2eRS
        ✅ Saved: Untitled Document -> https://www.selfstudys.com/sitepdfs/xCZKIcTfv7Dmw5Gu2eRS
        ❌ Error scraping PDF page https://www.selfstudys.com/advance-pdf-viewer/west-bengal/state-books/class-12th/syllabus/accountancy-2025-26/1196995: aborted
        ✅ Saved: 15Commercial Law and Preliminaries of Auditing  2025-26 -> https://www.selfstudys.com/sitepdfs/zx5t5IwIbbXq0fSAnXNP
        ✅ Saved: Untitled Document -> https://www.selfstudys.com/sitepdfs/zx5t5IwIbbXq0fSAnXNP
        ⚠️ No PDF link found for: Untitled Document
        ✅ Saved: 16Political Science 2025-26 -> https://www.selfstudys.com/sitepdfs/H1Y3V8TZ3nyZids1rDv9
        ✅ Saved: Untitled Document -> https://www.selfstudys.com/sitepdfs/H1Y3V8TZ3nyZids1rDv9
        ⚠️ No PDF link found for: Untitled Document
        ✅ Saved: 17History 2025-26 -> https://www.selfstudys.com/sitepdfs/t9NZhRf0Fv200lDcXew4
        ✅ Saved: Untitled Document -> https://www.selfstudys.com/sitepdfs/t9NZhRf0Fv200lDcXew4
        ⚠️ No PDF link found for: Untitled Document
        ✅ Saved: 18Geography 2025-26 -> https://www.selfstudys.com/sitepdfs/o6agP2CYbwQ4RxK3wrQf
        ✅ Saved: Untitled Document -> https://www.selfstudys.com/sitepdfs/o6agP2CYbwQ4RxK3wrQf
        ⚠️ No PDF link found for: Untitled Document
        ✅ Saved: 19Anthropology 2025-26 -> https://www.selfstudys.com/sitepdfs/gZmC3Vsb4qUZHVfzOdOD
        ✅ Saved: Untitled Document -> https://www.selfstudys.com/sitepdfs/gZmC3Vsb4qUZHVfzOdOD
        ⚠️ No PDF link found for: Untitled Document
        ✅ Saved: 20Philosophy 2025-26 -> https://www.selfstudys.com/sitepdfs/WVF4FWvkSaT3LVimEmu2
        ✅ Saved: Untitled Document -> https://www.selfstudys.com/sitepdfs/WVF4FWvkSaT3LVimEmu2
        ⚠️ No PDF link found for: Untitled Document
        ✅ Saved: 21Psychology 2025-26 -> https://www.selfstudys.com/sitepdfs/NGvDFkx1morjz3mjTAsO
        ✅ Saved: Untitled Document -> https://www.selfstudys.com/sitepdfs/NGvDFkx1morjz3mjTAsO
        ⚠️ No PDF link found for: Untitled Document
        ✅ Saved: 22Sociology 2025-26 -> https://www.selfstudys.com/sitepdfs/zn4ARLZPatRmEuTskFC4
        ✅ Saved: Untitled Document -> https://www.selfstudys.com/sitepdfs/zn4ARLZPatRmEuTskFC4
        ⚠️ No PDF link found for: Untitled Document
        ✅ Saved: 23Statistics 2025-26 -> https://www.selfstudys.com/sitepdfs/zgJnAZ8HEXqP3dFWOkM1
        ✅ Saved: Untitled Document -> https://www.selfstudys.com/sitepdfs/zgJnAZ8HEXqP3dFWOkM1
        ⚠️ No PDF link found for: Untitled Document
        ❌ Error scraping PDF page https://www.selfstudys.com/books/west-bengal/state-books/class-12th/syllabus/agriculture-2025-26/1196985: aborted
        ✅ Saved: Untitled Document -> https://www.selfstudys.com/sitepdfs/dnH3LoDcuTCnHKgepEUO
        ⚠️ No PDF link found for: Untitled Document
        ❌ Error scraping PDF page https://www.selfstudys.com/books/west-bengal/state-books/class-12th/syllabus/cyber-security-2025-26/1196984: aborted
        ✅ Saved: Untitled Document -> https://www.selfstudys.com/sitepdfs/u0zK5y8FL4hrzf5WCZ03
        ⚠️ No PDF link found for: Untitled Document
        ✅ Saved: 26Health and Physical Education 2025-26 -> https://www.selfstudys.com/sitepdfs/epdpdT5KMprpK7UkANvH
        ✅ Saved: Untitled Document -> https://www.selfstudys.com/sitepdfs/epdpdT5KMprpK7UkANvH
        ⚠️ No PDF link found for: Untitled Document
        ✅ Saved: 27Journalism and Mass Communication 2025-26 -> https://www.selfstudys.com/sitepdfs/VGsPjOppAFpSiCtMSiEi
        ✅ Saved: Untitled Document -> https://www.selfstudys.com/sitepdfs/VGsPjOppAFpSiCtMSiEi
        ⚠️ No PDF link found for: Untitled Document
        ✅ Saved: 28Modern Computer Application 2025-26 -> https://www.selfstudys.com/sitepdfs/9QNBHstZQbqxljA3DETv
        ✅ Saved: Untitled Document -> https://www.selfstudys.com/sitepdfs/9QNBHstZQbqxljA3DETv
        ⚠️ No PDF link found for: Untitled Document
        ✅ Saved: 29Sanskrit 2025-26 -> https://www.selfstudys.com/sitepdfs/rPBkBCSQQ12TCuDRR3Dn
        ✅ Saved: Untitled Document -> https://www.selfstudys.com/sitepdfs/rPBkBCSQQ12TCuDRR3Dn
        ⚠️ No PDF link found for: Untitled Document
        ✅ Saved: 30Urdu 2025-26 -> https://www.selfstudys.com/sitepdfs/AKb9fKx69s61ULE74FcI
        ❌ Error scraping PDF page https://www.selfstudys.com/books/west-bengal/state-books/class-12th/syllabus/urdu-2025-26/1196978: aborted
        ⚠️ No PDF link found for: Untitled Document
        ✅ Saved: 31Maths 2024-25 -> https://www.selfstudys.com/sitepdfs/0jTXks1SbsZ2GMRtOskf
        ✅ Saved: Untitled Document -> https://www.selfstudys.com/sitepdfs/0jTXks1SbsZ2GMRtOskf
        ⚠️ No PDF link found for: Untitled Document
        ✅ Saved: 32Physics 2024-25 -> https://www.selfstudys.com/sitepdfs/eW2S35Jf8zQNJNlYMuBl
        ✅ Saved: Untitled Document -> https://www.selfstudys.com/sitepdfs/eW2S35Jf8zQNJNlYMuBl
        ⚠️ No PDF link found for: Untitled Document
        ✅ Saved: 33Chemistry 2024-25 -> https://www.selfstudys.com/sitepdfs/S4XbPnTQgG8jPEgbDJxN
        ✅ Saved: Untitled Document -> https://www.selfstudys.com/sitepdfs/S4XbPnTQgG8jPEgbDJxN
        ⚠️ No PDF link found for: Untitled Document
        ✅ Saved: 34Accountancy 2024-25 -> https://www.selfstudys.com/sitepdfs/gBE7irPLzZoZy6p4RfA0
        ✅ Saved: Untitled Document -> https://www.selfstudys.com/sitepdfs/gBE7irPLzZoZy6p4RfA0
        ⚠️ No PDF link found for: Untitled Document
        ✅ Saved: 35Business Studies 2024-25 -> https://www.selfstudys.com/sitepdfs/tDVNAr8tACNvRNkH7L28
        ✅ Saved: Untitled Document -> https://www.selfstudys.com/sitepdfs/tDVNAr8tACNvRNkH7L28
        ⚠️ No PDF link found for: Untitled Document
        ✅ Saved: 36Economics 2024-25 -> https://www.selfstudys.com/sitepdfs/6K7wceRfl3bx8asnUf8n
        ✅ Saved: Untitled Document -> https://www.selfstudys.com/sitepdfs/6K7wceRfl3bx8asnUf8n
        ⚠️ No PDF link found for: Untitled Document
        ✅ Saved: 37Geography 2024-25 -> https://www.selfstudys.com/sitepdfs/csfEuemhVbv0FknfnoUG
        ❌ Error scraping PDF page https://www.selfstudys.com/books/west-bengal/state-books/class-12th/syllabus/geography-2024-25/1128277: aborted
        ⚠️ No PDF link found for: Untitled Document
        ✅ Saved: 38Political Science 2024-25 -> https://www.selfstudys.com/sitepdfs/U4qg0iEnE9Rxs3uggfrG
        ✅ Saved: Untitled Document -> https://www.selfstudys.com/sitepdfs/U4qg0iEnE9Rxs3uggfrG
        ⚠️ No PDF link found for: Untitled Document
        ✅ Saved: 39English A 2024-25 -> https://www.selfstudys.com/sitepdfs/2Gn1jKILo9rkYTHtMnD5
        ✅ Saved: Untitled Document -> https://www.selfstudys.com/sitepdfs/2Gn1jKILo9rkYTHtMnD5
        ⚠️ No PDF link found for: Untitled Document
        ✅ Saved: 40English B 2024-25 -> https://www.selfstudys.com/sitepdfs/LeMagQctiivC3QxmGc24
        ✅ Saved: Untitled Document -> https://www.selfstudys.com/sitepdfs/LeMagQctiivC3QxmGc24
        ⚠️ No PDF link found for: Untitled Document
        ✅ Saved: 41Bengali A 2024-25 -> https://www.selfstudys.com/sitepdfs/0uHZO6kNGtvlDF3gWcQU
        ✅ Saved: Untitled Document -> https://www.selfstudys.com/sitepdfs/0uHZO6kNGtvlDF3gWcQU
        ⚠️ No PDF link found for: Untitled Document
        ✅ Saved: 42Bengali B 2024-25 -> https://www.selfstudys.com/sitepdfs/1QVvRLdGVgvAyn1iu26u
        ✅ Saved: Untitled Document -> https://www.selfstudys.com/sitepdfs/1QVvRLdGVgvAyn1iu26u
        ⚠️ No PDF link found for: Untitled Document
        ✅ Saved: 43Hindi A 2024-25 -> https://www.selfstudys.com/sitepdfs/8qERYuZehr9FN0D3F8G4
        ✅ Saved: Untitled Document -> https://www.selfstudys.com/sitepdfs/8qERYuZehr9FN0D3F8G4
        ⚠️ No PDF link found for: Untitled Document
        ✅ Saved: 44Hindi B 2024-25 -> https://www.selfstudys.com/sitepdfs/fxbf7WCkPuOAoaHGPxKe
        ✅ Saved: Untitled Document -> https://www.selfstudys.com/sitepdfs/fxbf7WCkPuOAoaHGPxKe
        ⚠️ No PDF link found for: Untitled Document
        ✅ Saved: 45Sociology 2024-25 -> https://www.selfstudys.com/sitepdfs/1SelKjW0ptTTMQFVJvqr
        ✅ Saved: Untitled Document -> https://www.selfstudys.com/sitepdfs/1SelKjW0ptTTMQFVJvqr
        ⚠️ No PDF link found for: Untitled Document
        ✅ Saved: 46Psychology 2024-25 -> https://www.selfstudys.com/sitepdfs/46QuDk0fTq1OP3t3xave
        ✅ Saved: Untitled Document -> https://www.selfstudys.com/sitepdfs/46QuDk0fTq1OP3t3xave
        ⚠️ No PDF link found for: Untitled Document
        ✅ Saved: 47History 2024-25 -> https://www.selfstudys.com/sitepdfs/ma8BZsthqoLHEb644vbb
        ✅ Saved: Untitled Document -> https://www.selfstudys.com/sitepdfs/ma8BZsthqoLHEb644vbb
        ⚠️ No PDF link found for: Untitled Document
        ✅ Saved: 48Health And Physical Education 2024-25 -> https://www.selfstudys.com/sitepdfs/VlfXqOVi169pfW2goagt
        ✅ Saved: Untitled Document -> https://www.selfstudys.com/sitepdfs/VlfXqOVi169pfW2goagt
        ⚠️ No PDF link found for: Untitled Document
        ✅ Saved: 49Data Science 2024-25 -> https://www.selfstudys.com/sitepdfs/JugkIFOhKQbIxRekYcda
        ✅ Saved: Untitled Document -> https://www.selfstudys.com/sitepdfs/JugkIFOhKQbIxRekYcda
        ⚠️ No PDF link found for: Untitled Document
        ✅ Saved: 50Environmental Studies 2024-25 -> https://www.selfstudys.com/sitepdfs/wGkdaadqnCHhJh0GiEWA
        ✅ Saved: Untitled Document -> https://www.selfstudys.com/sitepdfs/wGkdaadqnCHhJh0GiEWA
        ⚠️ No PDF link found for: Untitled Document
      Scraping Subject: 1. Sahitya Charya (URL: https://www.selfstudys.com/books/west-bengal/state-books/class-12th/sahitya-charya/6345)
        Found 9 PDF items for subject 1. Sahitya Charya.
        ✅ Saved: 1Sahitya Charya - Part - 1 -> https://www.selfstudys.com/sitepdfs/Oj1iBnlSdHhpEdNNcqAP
        ✅ Saved: Untitled Document -> https://www.selfstudys.com/sitepdfs/Oj1iBnlSdHhpEdNNcqAP
        ⚠️ No PDF link found for: Untitled Document
        ✅ Saved: 2Sahitya Charya - Part - 2 -> https://www.selfstudys.com/sitepdfs/9A1zLkjTEWeH8Od6U3xO
        ✅ Saved: Untitled Document -> https://www.selfstudys.com/sitepdfs/9A1zLkjTEWeH8Od6U3xO
        ⚠️ No PDF link found for: Untitled Document
        ✅ Saved: 3Sahitya Charya - Part - 3 -> https://www.selfstudys.com/sitepdfs/WC4QqslY0TecKPf4Pxff
        ✅ Saved: Untitled Document -> https://www.selfstudys.com/sitepdfs/WC4QqslY0TecKPf4Pxff
        ⚠️ No PDF link found for: Untitled Document
      Scraping Subject: 0. West Bengal Board Class 12th Previous Year Paper (URL: https://www.selfstudys.com/books/west-bengal/state-books/class-12th/latest/25647)
        Found 0 PDF items for subject 0. West Bengal Board Class 12th Previous Year Paper.
      Scraping Subject: 1. 2025 (URL: https://www.selfstudys.com/books/west-bengal/state-books/class-12th/2025/56210)
        Found 33 PDF items for subject 1. 2025.
        ✅ Saved: 1Mathematics - 1251 - 2025 -> https://www.selfstudys.com/sitepdfs/lI53PeTSGuYQoa27fWJB
        ✅ Saved: Untitled Document -> https://www.selfstudys.com/sitepdfs/lI53PeTSGuYQoa27fWJB
        ⚠️ No PDF link found for: Untitled Document
        ✅ Saved: 2Physics - 1230 - 2025 -> https://www.selfstudys.com/sitepdfs/jQsOTiSH0l7keqcIF9KK
        ✅ Saved: Untitled Document -> https://www.selfstudys.com/sitepdfs/jQsOTiSH0l7keqcIF9KK
        ⚠️ No PDF link found for: Untitled Document
        ✅ Saved: 3Chemistry - 1245 - 2025 -> https://www.selfstudys.com/sitepdfs/CVzdxtHm8jz0322ThKRR
        ✅ Saved: Untitled Document -> https://www.selfstudys.com/sitepdfs/CVzdxtHm8jz0322ThKRR
        ⚠️ No PDF link found for: Untitled Document
        ❌ Error scraping PDF page https://www.selfstudys.com/books/west-bengal/state-books/class-12th/2025/biological-sciences-1256-2025/1177287: aborted
        ✅ Saved: Untitled Document -> https://www.selfstudys.com/sitepdfs/E75Mz33vmYqRak1EMdIl
        ⚠️ No PDF link found for: Untitled Document
        ✅ Saved: 5Economics - 1229 - 2025 -> https://www.selfstudys.com/sitepdfs/kS4FCWEj5enFfUvkMZGb
        ✅ Saved: Untitled Document -> https://www.selfstudys.com/sitepdfs/kS4FCWEj5enFfUvkMZGb
        ⚠️ No PDF link found for: Untitled Document
        ✅ Saved: 6Political Science - 1258 - 2025 -> https://www.selfstudys.com/sitepdfs/jFwamD7k8Xj93FSscnMu
        ✅ Saved: Untitled Document -> https://www.selfstudys.com/sitepdfs/jFwamD7k8Xj93FSscnMu
        ⚠️ No PDF link found for: Untitled Document
        ✅ Saved: 7Sociology - 1244 - 2025 -> https://www.selfstudys.com/sitepdfs/h2mw15OxgD3RCpPzqC3l
        ✅ Saved: Untitled Document -> https://www.selfstudys.com/sitepdfs/h2mw15OxgD3RCpPzqC3l
        ⚠️ No PDF link found for: Untitled Document
        ✅ Saved: 8Education - 1232 - 2025 -> https://www.selfstudys.com/sitepdfs/ZZvwjCa3hwM1ssO6z13V
        ✅ Saved: Untitled Document -> https://www.selfstudys.com/sitepdfs/ZZvwjCa3hwM1ssO6z13V
        ❌ Error scraping PDF page https://www.selfstudys.com/advance-pdf-viewer/west-bengal/state-books/class-12th/2025/education-1232-2025/1177283: aborted
        ✅ Saved: 9English - B - 1224 - 2025 -> https://www.selfstudys.com/sitepdfs/5Fz945TdccgnPjypyL0q
        ✅ Saved: Untitled Document -> https://www.selfstudys.com/sitepdfs/5Fz945TdccgnPjypyL0q
        ⚠️ No PDF link found for: Untitled Document
        ✅ Saved: 10Hindi - A - 1203 - 2025 -> https://www.selfstudys.com/sitepdfs/TS1hulhaDu59qLGTBxTq
        ✅ Saved: Untitled Document -> https://www.selfstudys.com/sitepdfs/TS1hulhaDu59qLGTBxTq
        ⚠️ No PDF link found for: Untitled Document
        ✅ Saved: 11Bangla - 1201 - 2025 -> https://www.selfstudys.com/sitepdfs/8rx3MwMY1pomp4Eb8MEg
        ✅ Saved: Untitled Document -> https://www.selfstudys.com/sitepdfs/8rx3MwMY1pomp4Eb8MEg
        ⚠️ No PDF link found for: Untitled Document
      Scraping Subject: 2. 2024 (URL: https://www.selfstudys.com/books/west-bengal/state-books/class-12th/2024/50000)
        Found 18 PDF items for subject 2. 2024.
        ✅ Saved: 1Maths -> https://www.selfstudys.com/sitepdfs/JohhzQO2EvieCjExMDq1
        ✅ Saved: Untitled Document -> https://www.selfstudys.com/sitepdfs/JohhzQO2EvieCjExMDq1
        ⚠️ No PDF link found for: Untitled Document
        ✅ Saved: 2Physics -> https://www.selfstudys.com/sitepdfs/USgDznRqvDqODy2yHlPK
        ✅ Saved: Untitled Document -> https://www.selfstudys.com/sitepdfs/USgDznRqvDqODy2yHlPK
        ⚠️ No PDF link found for: Untitled Document
        ✅ Saved: 3Economics -> https://www.selfstudys.com/sitepdfs/0kFjIT3w8l5qHzmZ6Zff
        ✅ Saved: Untitled Document -> https://www.selfstudys.com/sitepdfs/0kFjIT3w8l5qHzmZ6Zff
        ⚠️ No PDF link found for: Untitled Document
        ✅ Saved: 4Chemistry -> https://www.selfstudys.com/sitepdfs/tabegB915Vv3jWZScFZF
        ✅ Saved: Untitled Document -> https://www.selfstudys.com/sitepdfs/tabegB915Vv3jWZScFZF
        ⚠️ No PDF link found for: Untitled Document
        ✅ Saved: 5English -> https://www.selfstudys.com/sitepdfs/PPPRWEGx3ejZsjFgmN3r
        ✅ Saved: Untitled Document -> https://www.selfstudys.com/sitepdfs/PPPRWEGx3ejZsjFgmN3r
        ⚠️ No PDF link found for: Untitled Document
        ✅ Saved: 6Hindi -> https://www.selfstudys.com/sitepdfs/mM5uIBmSObcKSw3SGu9c
        ✅ Saved: Untitled Document -> https://www.selfstudys.com/sitepdfs/mM5uIBmSObcKSw3SGu9c
        ⚠️ No PDF link found for: Untitled Document
      Scraping Subject: 3. 2023 (URL: https://www.selfstudys.com/books/west-bengal/state-books/class-12th/2023/46324)
        Found 15 PDF items for subject 3. 2023.
        ✅ Saved: 1Accountancy -> https://www.selfstudys.com/sitepdfs/0DCDGMYzrt5AOmSJ03i9
        ✅ Saved: Untitled Document -> https://www.selfstudys.com/sitepdfs/0DCDGMYzrt5AOmSJ03i9
        ⚠️ No PDF link found for: Untitled Document
        ✅ Saved: 2Business Studies -> https://www.selfstudys.com/sitepdfs/RKwZHfsGT1v1e3weSzFE
        ❌ Error scraping PDF page https://www.selfstudys.com/books/west-bengal/state-books/class-12th/2023/business-studies-beh-2030-04-ns-2023/1043271: aborted
        ⚠️ No PDF link found for: Untitled Document
        ✅ Saved: 3English -> https://www.selfstudys.com/sitepdfs/SbaYboeGhRTr6mncxptI
        ✅ Saved: Untitled Document -> https://www.selfstudys.com/sitepdfs/SbaYboeGhRTr6mncxptI
        ⚠️ No PDF link found for: Untitled Document
        ✅ Saved: 4Hindi -> https://www.selfstudys.com/sitepdfs/ke4bLFgL26yeZKWk03B4
        ✅ Saved: Untitled Document -> https://www.selfstudys.com/sitepdfs/ke4bLFgL26yeZKWk03B4
        ⚠️ No PDF link found for: Untitled Document
        ✅ Saved: 5Modern Computer Application -> https://www.selfstudys.com/sitepdfs/gC1xZkalEFhRKTeQ4AiL
        ✅ Saved: Untitled Document -> https://www.selfstudys.com/sitepdfs/gC1xZkalEFhRKTeQ4AiL
        ⚠️ No PDF link found for: Untitled Document
      Scraping Subject: 4. 2019 (URL: https://www.selfstudys.com/books/west-bengal/state-books/class-12th/2019/41982)
        Found 18 PDF items for subject 4. 2019.
        ✅ Saved: 1Chemistry - 12(NS)8044(09) - 2019 (E.M) -> https://www.selfstudys.com/sitepdfs/9ri8UxsHEKaMd9c7Zw0q
        ✅ Saved: Untitled Document -> https://www.selfstudys.com/sitepdfs/9ri8UxsHEKaMd9c7Zw0q
        ⚠️ No PDF link found for: Untitled Document
        ✅ Saved: 2Chemistry - 12(NS)8044(09) - 2019 (H.M) -> https://www.selfstudys.com/sitepdfs/bo0pNtApmc8w95yLz2yQ
        ✅ Saved: Untitled Document -> https://www.selfstudys.com/sitepdfs/bo0pNtApmc8w95yLz2yQ
        ⚠️ No PDF link found for: Untitled Document
        ✅ Saved: 3Chemistry - 12(NS)8044(09) - 2019 (B.M) -> https://www.selfstudys.com/sitepdfs/94KcITA65v3zaZstjBi8
        ✅ Saved: Untitled Document -> https://www.selfstudys.com/sitepdfs/94KcITA65v3zaZstjBi8
        ⚠️ No PDF link found for: Untitled Document
        ✅ Saved: 4Physics - 12(NS)8040(08) - 2019 (E.M) -> https://www.selfstudys.com/sitepdfs/UAF8bYWqmbeyaoxPrHPY
        ✅ Saved: Untitled Document -> https://www.selfstudys.com/sitepdfs/UAF8bYWqmbeyaoxPrHPY
        ⚠️ No PDF link found for: Untitled Document
        ✅ Saved: 5Physics - 12(NS)8040(08) - 2019 (H.M) -> https://www.selfstudys.com/sitepdfs/omu8BIJpiyf4qmnxXRKk
        ✅ Saved: Untitled Document -> https://www.selfstudys.com/sitepdfs/omu8BIJpiyf4qmnxXRKk
        ⚠️ No PDF link found for: Untitled Document
        ✅ Saved: 6Physics - 12(NS)8040(08) - 2019 (B.M) -> https://www.selfstudys.com/sitepdfs/eVUn1003Q5FHipR0NRtg
        ✅ Saved: Untitled Document -> https://www.selfstudys.com/sitepdfs/eVUn1003Q5FHipR0NRtg
        ⚠️ No PDF link found for: Untitled Document
      Scraping Subject: 5. 2018 (URL: https://www.selfstudys.com/books/west-bengal/state-books/class-12th/2018/25648)
        Found 3 PDF items for subject 5. 2018.
        ✅ Saved: 1Chemistry Paper - 2018 -> https://www.selfstudys.com/sitepdfs/3E6DIPER8kXlvBhVweEt
        ✅ Saved: Untitled Document -> https://www.selfstudys.com/sitepdfs/3E6DIPER8kXlvBhVweEt
        ⚠️ No PDF link found for: Untitled Document
      Scraping Subject: 6. 2017 (URL: https://www.selfstudys.com/books/west-bengal/state-books/class-12th/2017/25649)
        Found 3 PDF items for subject 6. 2017.
        ✅ Saved: 1Physics Paper - 2017 -> https://www.selfstudys.com/sitepdfs/IVBOLeZcXYFMOFU5v0Ca
        ✅ Saved: Untitled Document -> https://www.selfstudys.com/sitepdfs/IVBOLeZcXYFMOFU5v0Ca
        ⚠️ No PDF link found for: Untitled Document
      Scraping Subject: 7. 2016 (URL: https://www.selfstudys.com/books/west-bengal/state-books/class-12th/2016/25650)
        Found 6 PDF items for subject 7. 2016.
        ✅ Saved: 1Biology Paper - 2016 -> https://www.selfstudys.com/sitepdfs/3H6Lb0QAHQkuCQRnzHtk
        ✅ Saved: Untitled Document -> https://www.selfstudys.com/sitepdfs/3H6Lb0QAHQkuCQRnzHtk
        ⚠️ No PDF link found for: Untitled Document
        ✅ Saved: 2Chemistry Paper - 2016 -> https://www.selfstudys.com/sitepdfs/Oz7tGqx6fZY9tiFdjKHJ
        ✅ Saved: Untitled Document -> https://www.selfstudys.com/sitepdfs/Oz7tGqx6fZY9tiFdjKHJ
        ⚠️ No PDF link found for: Untitled Document
      Scraping Subject: 8. 2015 (URL: https://www.selfstudys.com/books/west-bengal/state-books/class-12th/2015/25651)
        Found 3 PDF items for subject 8. 2015.
        ✅ Saved: 1Biology Paper - 2015 -> https://www.selfstudys.com/sitepdfs/MdMRfMA5azhLdiQfWHtX
        ✅ Saved: Untitled Document -> https://www.selfstudys.com/sitepdfs/MdMRfMA5azhLdiQfWHtX
        ⚠️ No PDF link found for: Untitled Document
      Scraping Subject: West Bengal Board Model Paper (URL: https://www.selfstudys.com/books/west-bengal/state-books/class-12th/model-paper/14090)
        Found 0 PDF items for subject West Bengal Board Model Paper.
      Scraping Subject: CBSE MCQ PDF (URL: https://www.selfstudys.com/books/cbse-mcqs/english/class-12th)
        Found 0 PDF items for subject CBSE MCQ PDF.
      Scraping Subject: CBSE Case Study (URL: https://www.selfstudys.com/books/cbse-case-study/english/12th)
        Found 0 PDF items for subject CBSE Case Study.
    Scraping Class: Haryana
      Found 340 subjects for class Haryana.
      Scraping Subject: NCERT Books 2022-23 (URL: https://www.selfstudys.com/books/ncert-books-pdf)
        Found 0 PDF items for subject NCERT Books 2022-23.
      Scraping Subject: NCERT Solutions (URL: https://www.selfstudys.com/books/ncert-solution)
        Found 0 PDF items for subject NCERT Solutions.
      Scraping Subject: NCERT Notes (URL: https://www.selfstudys.com/books/ncert-notes)
        Found 0 PDF items for subject NCERT Notes.
      Scraping Subject: NCERT Exemplar Books (URL: https://www.selfstudys.com/books/ncert-exemplar-books)
        Found 0 PDF items for subject NCERT Exemplar Books.
      Scraping Subject: NCERT Exemplar Solution (URL: https://www.selfstudys.com/books/ncert-exemplar-solution)
        Found 0 PDF items for subject NCERT Exemplar Solution.
      Scraping Subject: States UT Book (URL: https://www.selfstudys.com/books/states-ut-book)
        Found 0 PDF items for subject States UT Book.
      Scraping Subject: School Kits & Lab Manual (URL: https://www.selfstudys.com/books/school-kits-lab-manual)
        Found 0 PDF items for subject School Kits & Lab Manual.
      Scraping Subject: NCERT Books 2021-22 (URL: https://www.selfstudys.com/books/new-ncert-books)
        Found 0 PDF items for subject NCERT Books 2021-22.
      Scraping Subject: NCERT Books 2020-21 (URL: https://www.selfstudys.com/books/ncert-books)
        Found 0 PDF items for subject NCERT Books 2020-21.
      Scraping Subject: NCERT Book 2019-2020 (URL: https://www.selfstudys.com/books/ncert-new-book)
        Found 0 PDF items for subject NCERT Book 2019-2020.
      Scraping Subject: NCERT Book 2015-2016 (URL: https://www.selfstudys.com/books/ncert-old-book)
        Found 0 PDF items for subject NCERT Book 2015-2016.
      Scraping Subject: RD Sharma Solution (URL: https://www.selfstudys.com/books/rdsharma-solution)
        Found 0 PDF items for subject RD Sharma Solution.
      Scraping Subject: TS Grewal Solution (URL: https://www.selfstudys.com/books/ts-grewal-solution)
        Found 0 PDF items for subject TS Grewal Solution.
      Scraping Subject: TR Jain Solution (URL: https://www.selfstudys.com/books/tr-jain-solution)
        Found 0 PDF items for subject TR Jain Solution.
      Scraping Subject: Selina Solution (URL: https://www.selfstudys.com/books/selina-publisher-solutions)
        Found 0 PDF items for subject Selina Solution.
      Scraping Subject: Frank Solution (URL: https://www.selfstudys.com/books/frank-solutions)
        Found 0 PDF items for subject Frank Solution.
      Scraping Subject: Lakhmir Singh and Manjit Kaur Solution (URL: https://www.selfstudys.com/books/lakshmir-singh)
        Found 0 PDF items for subject Lakhmir Singh and Manjit Kaur Solution.
      Scraping Subject: All In One (URL: https://www.selfstudys.com/books/all-in-one)
        Found 0 PDF items for subject All In One.
      Scraping Subject: Dc Pandey (URL: https://www.selfstudys.com/books/dc-pandey)
        Found 0 PDF items for subject Dc Pandey.
      Scraping Subject: I.E.Irodov solutions (URL: https://www.selfstudys.com/books/i-e-irodov)
        Found 120 PDF items for subject I.E.Irodov solutions.
        ✅ Saved: 11. Kinematics -> https://www.selfstudys.com/sitepdfs/SjhRj5YJG1D4FZtwrIwa
        ✅ Saved: Untitled Document -> https://www.selfstudys.com/sitepdfs/SjhRj5YJG1D4FZtwrIwa
        ⚠️ No PDF link found for: Untitled Document
        ✅ Saved: 22. The Fundamental Equation Of Dynamics -> https://www.selfstudys.com/sitepdfs/y2XtTBwC4wnSqZ71njty
        ✅ Saved: Untitled Document -> https://www.selfstudys.com/sitepdfs/y2XtTBwC4wnSqZ71njty
        ⚠️ No PDF link found for: Untitled Document
        ✅ Saved: 33. Laws of Conservation of Energy, Momentum and Angular Momentum -> https://www.selfstudys.com/sitepdfs/uKtHwoXV9bgOqanBViZp
        ✅ Saved: Untitled Document -> https://www.selfstudys.com/sitepdfs/uKtHwoXV9bgOqanBViZp
        ⚠️ No PDF link found for: Untitled Document
        ✅ Saved: 44. Universal Gravitation -> https://www.selfstudys.com/sitepdfs/GF8kOe9hbF73netBu6Bf
        ✅ Saved: Untitled Document -> https://www.selfstudys.com/sitepdfs/GF8kOe9hbF73netBu6Bf
        ⚠️ No PDF link found for: Untitled Document
        ✅ Saved: 55. Dynamics Of A Solid Body -> https://www.selfstudys.com/sitepdfs/XkV7pTKQHZbL4U8WcIuU
        ✅ Saved: Untitled Document -> https://www.selfstudys.com/sitepdfs/XkV7pTKQHZbL4U8WcIuU
        ❌ Error scraping PDF page https://www.selfstudys.com/advance-pdf-viewer/i-e-irodov/eng/class/chapter/5-dynamics-of-a-solid-body/112780: aborted
        ✅ Saved: 66. Elastic Deformations Of A Solid Body -> https://www.selfstudys.com/sitepdfs/8GTRg291xnA45ZorpMVT
        ✅ Saved: Untitled Document -> https://www.selfstudys.com/sitepdfs/8GTRg291xnA45ZorpMVT
        ⚠️ No PDF link found for: Untitled Document
        ✅ Saved: 77. Hydrodynamics -> https://www.selfstudys.com/sitepdfs/zVIUjYV6xpwlCT5NXDPf
        ✅ Saved: Untitled Document -> https://www.selfstudys.com/sitepdfs/zVIUjYV6xpwlCT5NXDPf
        ⚠️ No PDF link found for: Untitled Document
        ✅ Saved: 88. Relativistic Mechanics -> https://www.selfstudys.com/sitepdfs/ayae6j6AWpuistt2zjSt
        ✅ Saved: Untitled Document -> https://www.selfstudys.com/sitepdfs/ayae6j6AWpuistt2zjSt
        ⚠️ No PDF link found for: Untitled Document
        ✅ Saved: 99. Equation Of The Gas State Processes -> https://www.selfstudys.com/sitepdfs/MJkEwZd9BZBIzRHSt9TF
        ✅ Saved: Untitled Document -> https://www.selfstudys.com/sitepdfs/MJkEwZd9BZBIzRHSt9TF
        ⚠️ No PDF link found for: Untitled Document
        ✅ Saved: 1010. The First Law Of Thermodynamics Heat Capacity -> https://www.selfstudys.com/sitepdfs/UCuSM8ReOiG88qHvLSif
        ✅ Saved: Untitled Document -> https://www.selfstudys.com/sitepdfs/UCuSM8ReOiG88qHvLSif
        ❌ Error scraping PDF page https://www.selfstudys.com/advance-pdf-viewer/i-e-irodov/eng/class/chapter/10-the-first-law-of-thermodynamics-heat-capacity/112700: aborted
        ✅ Saved: 1111. Kinetic Theory Of Gases -> https://www.selfstudys.com/sitepdfs/PTK1OfXv5CYaTR37LhGH
        ✅ Saved: Untitled Document -> https://www.selfstudys.com/sitepdfs/PTK1OfXv5CYaTR37LhGH
        ⚠️ No PDF link found for: Untitled Document
        ✅ Saved: 1212. The Second Law Of Thermodynamics Entropy -> https://www.selfstudys.com/sitepdfs/uAApKFyBP1YfEXqD2Rdk
        ✅ Saved: Untitled Document -> https://www.selfstudys.com/sitepdfs/uAApKFyBP1YfEXqD2Rdk
        ⚠️ No PDF link found for: Untitled Document
        ✅ Saved: 1313. Liquids Capillary Effects -> https://www.selfstudys.com/sitepdfs/B5WnXPpDBRaKgqbGvvPQ
        ✅ Saved: Untitled Document -> https://www.selfstudys.com/sitepdfs/B5WnXPpDBRaKgqbGvvPQ
        ⚠️ No PDF link found for: Untitled Document
        ✅ Saved: 1414. Phase Transformations -> https://www.selfstudys.com/sitepdfs/cguqIJRR7stIp6GHevik
        ✅ Saved: Untitled Document -> https://www.selfstudys.com/sitepdfs/cguqIJRR7stIp6GHevik
        ❌ Error scraping PDF page https://www.selfstudys.com/advance-pdf-viewer/i-e-irodov/eng/class/chapter/14-phase-transformations/112695: aborted
        ✅ Saved: 1515. Transport Phenomena -> https://www.selfstudys.com/sitepdfs/S2Ocf2h0YQ0nYNqyaBtb
        ✅ Saved: Untitled Document -> https://www.selfstudys.com/sitepdfs/S2Ocf2h0YQ0nYNqyaBtb
        ⚠️ No PDF link found for: Untitled Document
        ✅ Saved: 1616. Constant Electric Field In Vacuum -> https://www.selfstudys.com/sitepdfs/cIFJ54AjJOasOp0D7kXD
        ✅ Saved: Untitled Document -> https://www.selfstudys.com/sitepdfs/cIFJ54AjJOasOp0D7kXD
        ⚠️ No PDF link found for: Untitled Document
        ❌ Error scraping PDF page https://www.selfstudys.com/books/i-e-irodov/eng/class/chapter/17-conductors-and-dielectrics-in-an-electric-field/112619: aborted
        ✅ Saved: Untitled Document -> https://www.selfstudys.com/sitepdfs/IagDWLzQaOvPqe8sMTtT
        ⚠️ No PDF link found for: Untitled Document
        ✅ Saved: 1818. Electric Capacitance Energy Of An Electric Field -> https://www.selfstudys.com/sitepdfs/gJJAGWd3G0eW7887ydAf
        ✅ Saved: Untitled Document -> https://www.selfstudys.com/sitepdfs/gJJAGWd3G0eW7887ydAf
        ⚠️ No PDF link found for: Untitled Document
        ✅ Saved: 1919. Electric Current -> https://www.selfstudys.com/sitepdfs/2lO7yWBn0q2BKgNSgDrG
        ✅ Saved: Untitled Document -> https://www.selfstudys.com/sitepdfs/2lO7yWBn0q2BKgNSgDrG
        ⚠️ No PDF link found for: Untitled Document
        ✅ Saved: 2020. Constant Magnetic Field Magnetics -> https://www.selfstudys.com/sitepdfs/mF2TIgm5SPnvNfaNJGAN
        ✅ Saved: Untitled Document -> https://www.selfstudys.com/sitepdfs/mF2TIgm5SPnvNfaNJGAN
        ⚠️ No PDF link found for: Untitled Document
        ✅ Saved: 2121. Electromagnetic Induction Maxwell’s Equations -> https://www.selfstudys.com/sitepdfs/j3PVlsGeHs5NmQMCKEKq
        ✅ Saved: Untitled Document -> https://www.selfstudys.com/sitepdfs/j3PVlsGeHs5NmQMCKEKq
        ⚠️ No PDF link found for: Untitled Document
        ✅ Saved: 2222. Motion Of Charged Particles In Electric And Magne -> https://www.selfstudys.com/sitepdfs/AEJe01TSGbp6mYviHRyV
        ✅ Saved: Untitled Document -> https://www.selfstudys.com/sitepdfs/AEJe01TSGbp6mYviHRyV
        ⚠️ No PDF link found for: Untitled Document
        ✅ Saved: 2323. Mechanical Oscillations -> https://www.selfstudys.com/sitepdfs/vygFJutwxZdOvIV7Afwn
        ✅ Saved: Untitled Document -> https://www.selfstudys.com/sitepdfs/vygFJutwxZdOvIV7Afwn
        ⚠️ No PDF link found for: Untitled Document
        ✅ Saved: 2424. Electric Oscillations -> https://www.selfstudys.com/sitepdfs/je6vxXBfPmSbRuujBth1
        ✅ Saved: Untitled Document -> https://www.selfstudys.com/sitepdfs/je6vxXBfPmSbRuujBth1
        ⚠️ No PDF link found for: Untitled Document
        ✅ Saved: 2525. Elastic Waves -> https://www.selfstudys.com/sitepdfs/923oRiRBKQcTaNcmRBsm
        ✅ Saved: Untitled Document -> https://www.selfstudys.com/sitepdfs/923oRiRBKQcTaNcmRBsm
        ⚠️ No PDF link found for: Untitled Document
        ✅ Saved: 2626. Electromagnetic Waves -> https://www.selfstudys.com/sitepdfs/w2WTi2rEwOSdsEJbbYhZ
        ✅ Saved: Untitled Document -> https://www.selfstudys.com/sitepdfs/w2WTi2rEwOSdsEJbbYhZ
        ⚠️ No PDF link found for: Untitled Document
        ✅ Saved: 2727. Photometry and Geometrical Optics -> https://www.selfstudys.com/sitepdfs/4adXJqNifneAsdLNzzyb
        ✅ Saved: Untitled Document -> https://www.selfstudys.com/sitepdfs/4adXJqNifneAsdLNzzyb
        ⚠️ No PDF link found for: Untitled Document
        ✅ Saved: 2828. Interference of Light -> https://www.selfstudys.com/sitepdfs/cpSEPt7T00GNvh1CWOcp
        ✅ Saved: Untitled Document -> https://www.selfstudys.com/sitepdfs/cpSEPt7T00GNvh1CWOcp
        ⚠️ No PDF link found for: Untitled Document
        ✅ Saved: 2929. Diffraction of Light -> https://www.selfstudys.com/sitepdfs/yxEFNMfGR8U0FxDJo3YF
        ✅ Saved: Untitled Document -> https://www.selfstudys.com/sitepdfs/yxEFNMfGR8U0FxDJo3YF
        ⚠️ No PDF link found for: Untitled Document
        ✅ Saved: 3030. Polarization of Light -> https://www.selfstudys.com/sitepdfs/eJ8oMjsKQdtT5ncbwK0Y
        ✅ Saved: Untitled Document -> https://www.selfstudys.com/sitepdfs/eJ8oMjsKQdtT5ncbwK0Y
        ⚠️ No PDF link found for: Untitled Document
        ✅ Saved: 3131. Dispersion and Absorption of Light -> https://www.selfstudys.com/sitepdfs/wS03sidzUmlfeurczRhD
        ✅ Saved: Untitled Document -> https://www.selfstudys.com/sitepdfs/wS03sidzUmlfeurczRhD
        ⚠️ No PDF link found for: Untitled Document
        ✅ Saved: 3232. Optics of Moving Sources -> https://www.selfstudys.com/sitepdfs/75s3RTuUxEMAr1M2zGij
        ✅ Saved: Untitled Document -> https://www.selfstudys.com/sitepdfs/75s3RTuUxEMAr1M2zGij
        ⚠️ No PDF link found for: Untitled Document
        ✅ Saved: 3333. Thermal Radiation. Quantum Nature of Light -> https://www.selfstudys.com/sitepdfs/D1WTgf73BNjHcCO70mnZ
        ✅ Saved: Untitled Document -> https://www.selfstudys.com/sitepdfs/D1WTgf73BNjHcCO70mnZ
        ⚠️ No PDF link found for: Untitled Document
        ✅ Saved: 3434. Scattering of Particles. Rutherford-Bohr Atom -> https://www.selfstudys.com/sitepdfs/sB31RkbF9LLYjgGdcrop
        ✅ Saved: Untitled Document -> https://www.selfstudys.com/sitepdfs/sB31RkbF9LLYjgGdcrop
        ⚠️ No PDF link found for: Untitled Document
        ✅ Saved: 3535. Wave Properties of Particles. Schrodinger Equation -> https://www.selfstudys.com/sitepdfs/VO7oSfldiM14XPlJYPMt
        ✅ Saved: Untitled Document -> https://www.selfstudys.com/sitepdfs/VO7oSfldiM14XPlJYPMt
        ⚠️ No PDF link found for: Untitled Document
        ✅ Saved: 3636. Properties of Atoms. Spectra -> https://www.selfstudys.com/sitepdfs/8e8p3F7pZFSjqN3MUpnp
        ✅ Saved: Untitled Document -> https://www.selfstudys.com/sitepdfs/8e8p3F7pZFSjqN3MUpnp
        ⚠️ No PDF link found for: Untitled Document
        ❌ Error scraping PDF page https://www.selfstudys.com/books/i-e-irodov/eng/class/chapter/37-molecules-and-crystals/112464: aborted
        ✅ Saved: Untitled Document -> https://www.selfstudys.com/sitepdfs/BDtvtlDm1Gb1HjCQzpyN
        ⚠️ No PDF link found for: Untitled Document
        ✅ Saved: 3838. Radioactivity -> https://www.selfstudys.com/sitepdfs/ZVz7HfYbir8jr6KDqU73
        ✅ Saved: Untitled Document -> https://www.selfstudys.com/sitepdfs/ZVz7HfYbir8jr6KDqU73
        ⚠️ No PDF link found for: Untitled Document
        ✅ Saved: 3939. Nuclear Reactions -> https://www.selfstudys.com/sitepdfs/CuVHbSWDHYYTsdJBVRI6
        ✅ Saved: Untitled Document -> https://www.selfstudys.com/sitepdfs/CuVHbSWDHYYTsdJBVRI6
        ⚠️ No PDF link found for: Untitled Document
        ✅ Saved: 4040. Elementary Particles -> https://www.selfstudys.com/sitepdfs/qVnpfqEoseAvacCEXQbY
        ✅ Saved: Untitled Document -> https://www.selfstudys.com/sitepdfs/qVnpfqEoseAvacCEXQbY
        ⚠️ No PDF link found for: Untitled Document
      Scraping Subject: ICSE - Goyal Brothers Park (URL: https://www.selfstudys.com/books/books-icse-goyal)
        Found 0 PDF items for subject ICSE - Goyal Brothers Park.
      Scraping Subject: ICSE - Dorothy M. Noronhe (URL: https://www.selfstudys.com/books/books-icse-dorothy)
        Found 0 PDF items for subject ICSE - Dorothy M. Noronhe.
      Scraping Subject: Micheal Vaz Solution (URL: https://www.selfstudys.com/books/micheal-vaz-solution)
        Found 0 PDF items for subject Micheal Vaz Solution.
      Scraping Subject: S.S. Krotov Solution (URL: https://www.selfstudys.com/books/s-s-krotov-solution)
        Found 0 PDF items for subject S.S. Krotov Solution.
      Scraping Subject: Evergreen Science (URL: https://www.selfstudys.com/books/evergreen-science)
        Found 0 PDF items for subject Evergreen Science.
      Scraping Subject: KC Sinha Solution (URL: https://www.selfstudys.com/books/kc-sinha-solution)
        Found 0 PDF items for subject KC Sinha Solution.
      Scraping Subject: ICSE - ISC Jayanti Sengupta, Oxford (URL: https://www.selfstudys.com/books/icse-isc-jayanti-sengupta-oxford)
        Found 0 PDF items for subject ICSE - ISC Jayanti Sengupta, Oxford.
      Scraping Subject: ICSE Focus on History (URL: https://www.selfstudys.com/books/icse-focus-on-history)
        Found 0 PDF items for subject ICSE Focus on History.
      Scraping Subject: ICSE GeoGraphy Voyage (URL: https://www.selfstudys.com/books/icse-geo-graphy-voyage)
        Found 0 PDF items for subject ICSE GeoGraphy Voyage.
      Scraping Subject: ICSE Hindi Solution (URL: https://www.selfstudys.com/books/icse-hindi-solution)
        Found 0 PDF items for subject ICSE Hindi Solution.
      Scraping Subject: ICSE Treasure Trove Solution (URL: https://www.selfstudys.com/books/icse-treasure-trove-solution)
        Found 0 PDF items for subject ICSE Treasure Trove Solution.
      Scraping Subject: Thomas & Finney Solution (URL: https://www.selfstudys.com/books/thomas-finney-solutions)
        Found 0 PDF items for subject Thomas & Finney Solution.
      Scraping Subject: SL Loney Solution (URL: https://www.selfstudys.com/books/slloney-solution)
        Error scraping subject SL Loney Solution: aborted
      Scraping Subject: SB Mathur Solution (URL: https://www.selfstudys.com/books/sb-mathur-solution)
        Found 0 PDF items for subject SB Mathur Solution.
      Scraping Subject: P Bahadur Solution (URL: https://www.selfstudys.com/books/pbahadur-solution)
        Found 0 PDF items for subject P Bahadur Solution.
      Scraping Subject: Narendra Awasthi Solution (URL: https://www.selfstudys.com/books/narendra-awasthi-solution)
        Found 0 PDF items for subject Narendra Awasthi Solution.
      Scraping Subject: LA Sena Solution (URL: https://www.selfstudys.com/books/la-sena-solution)
        Found 0 PDF items for subject LA Sena Solution.
      Scraping Subject: Integral Calculus Amit Agarwal Solution (URL: https://www.selfstudys.com/books/integral-calculus-amit-m-agarwal-solution)
        Found 0 PDF items for subject Integral Calculus Amit Agarwal Solution.
      Scraping Subject: IA Maron Solution (URL: https://www.selfstudys.com/books/ia-maron-solutions)
        Found 0 PDF items for subject IA Maron Solution.
      Scraping Subject: Hall & Knight Solution (URL: https://www.selfstudys.com/books/hall-and-knight-solutions)
        Found 0 PDF items for subject Hall & Knight Solution.
      Scraping Subject: Errorless Solution (URL: https://www.selfstudys.com/books/errorless-solutions)
        Error scraping subject Errorless Solution: aborted
      Scraping Subject: Pradeep's KL Gogia Solution (URL: https://www.selfstudys.com/books/pradeeps-kl-gogia-solutions)
        Found 0 PDF items for subject Pradeep's KL Gogia Solution.
      Scraping Subject: OP Tandon Solutions (URL: https://www.selfstudys.com/books/op-tandon-solutions)
        Found 0 PDF items for subject OP Tandon Solutions.
      Scraping Subject: Sample Papers (URL: https://www.selfstudys.com/books/cbse-sample-paper)
        Found 0 PDF items for subject Sample Papers.
      Scraping Subject: Previous Year Question Paper (URL: https://www.selfstudys.com/books/cbse-prev-paper)
        Found 0 PDF items for subject Previous Year Question Paper.
      Scraping Subject: Important Question (URL: https://www.selfstudys.com/books/cbse-important-questions)
        Found 0 PDF items for subject Important Question.
      Scraping Subject: Value Based Questions (URL: https://www.selfstudys.com/books/cbse-valued-qns)
        Found 0 PDF items for subject Value Based Questions.
      Scraping Subject: CBSE Syllabus (URL: https://www.selfstudys.com/books/cbse-syllabus)
        Found 0 PDF items for subject CBSE Syllabus.
      Scraping Subject: CBSE MCQs PDF (URL: https://www.selfstudys.com/books/cbse-mcqs)
        Found 0 PDF items for subject CBSE MCQs PDF.
      Scraping Subject: Assertion & Reason (URL: https://www.selfstudys.com/books/cbse-assertion-reason)
        Found 0 PDF items for subject Assertion & Reason.
      Scraping Subject: New Revision Notes (URL: https://www.selfstudys.com/books/cbse-new-revision-notes)
        Found 0 PDF items for subject New Revision Notes.
      Scraping Subject: Revision Notes (URL: https://www.selfstudys.com/books/cbse-revisions-notes)
        Found 0 PDF items for subject Revision Notes.
      Scraping Subject: Question Bank (URL: https://www.selfstudys.com/books/cbse-hots-qsn)
        Found 0 PDF items for subject Question Bank.
      Scraping Subject: Lab Manual (URL: https://www.selfstudys.com/books/cbse-lab-manual)
        Found 0 PDF items for subject Lab Manual.
      Scraping Subject: Marks Wise Question (URL: https://www.selfstudys.com/books/cbse-marks-wise-qns)
        Found 0 PDF items for subject Marks Wise Question.
      Scraping Subject: Toppers Answer Sheets (URL: https://www.selfstudys.com/books/cbse-toppers-answer-sheet)
        Found 0 PDF items for subject Toppers Answer Sheets.
      Scraping Subject: Exam Paper Aalysis (URL: https://www.selfstudys.com/books/cbse-exam-paper-analysis)
        Found 0 PDF items for subject Exam Paper Aalysis.
      Scraping Subject: Concept Map (URL: https://www.selfstudys.com/books/cbse-concept-map)
        Found 0 PDF items for subject Concept Map.
      Scraping Subject: CBSE Text Book (URL: https://www.selfstudys.com/books/cbse-books)
        Found 0 PDF items for subject CBSE Text Book.
      Scraping Subject: Additional Practice Questions (URL: https://www.selfstudys.com/books/cbse-additional-practice-questions)
        Found 0 PDF items for subject Additional Practice Questions.
      Scraping Subject: Vocational Book (URL: https://www.selfstudys.com/books/cbse-vocational-book)
        Found 0 PDF items for subject Vocational Book.
      Scraping Subject: CBSE - Concept (URL: https://www.selfstudys.com/books/cbse-concept)
        Found 0 PDF items for subject CBSE - Concept.
      Scraping Subject: Case Study (URL: https://www.selfstudys.com/books/cbse-case-study)
        Found 0 PDF items for subject Case Study.
      Scraping Subject: KVS NCERT CBSE Worksheets (URL: https://www.selfstudys.com/books/kvs-ncert-cbse-worksheets)
        Found 0 PDF items for subject KVS NCERT CBSE Worksheets.
      Scraping Subject: Formula Class Wise (URL: https://www.selfstudys.com/books/formula-class-wise)
        Found 0 PDF items for subject Formula Class Wise.
      Scraping Subject: CBSE Flashcards (URL: https://www.selfstudys.com/books/cbse-flashcard)
        Found 0 PDF items for subject CBSE Flashcards.
      Scraping Subject: Formula Chapter Wise (URL: https://www.selfstudys.com/books/formula-chapter-wise)
        Found 0 PDF items for subject Formula Chapter Wise.
      Scraping Subject: Toppers Notes (URL: https://www.selfstudys.com/books/cbse-toppers-notes)
        Found 0 PDF items for subject Toppers Notes.
      Scraping Subject: Most Repeated Question (URL: https://www.selfstudys.com/books/cbse-most-repeated-question)
        Found 0 PDF items for subject Most Repeated Question.
      Scraping Subject: Diagram Based Question (URL: https://www.selfstudys.com/books/cbse-diagram-based-question)
        Found 0 PDF items for subject Diagram Based Question.
      Scraping Subject: Study Planner (URL: https://www.selfstudys.com/books/cbse-study-planner)
        Found 0 PDF items for subject Study Planner.
      Scraping Subject: Competency Based Questions (URL: https://www.selfstudys.com/books/cbse-competency-based-questions)
        Found 0 PDF items for subject Competency Based Questions.
      Scraping Subject: Physics (URL: https://www.selfstudys.com/books/jee-physics)
        Found 0 PDF items for subject Physics.
      Scraping Subject: Chemistry (URL: https://www.selfstudys.com/books/jee-chemistry)
        Found 0 PDF items for subject Chemistry.
      Scraping Subject: Maths (URL: https://www.selfstudys.com/books/jee-maths)
        Found 0 PDF items for subject Maths.
      Scraping Subject: JEE Previous Year Paper (URL: https://www.selfstudys.com/books/jee-previous-year-paper)
        Found 0 PDF items for subject JEE Previous Year Paper.
      Scraping Subject: JEE Crash Course (URL: https://www.selfstudys.com/books/iit-jee-crash-course)
        Found 0 PDF items for subject JEE Crash Course.
      Scraping Subject: JEE Sample Papers (URL: https://www.selfstudys.com/books/jee-sample-papers/english/jee-main)
        Found 0 PDF items for subject JEE Sample Papers.
      Scraping Subject: JEE Toppers Notes (URL: https://www.selfstudys.com/books/jee-topper-notes)
        Found 0 PDF items for subject JEE Toppers Notes.
      Scraping Subject: JEE Formula (URL: https://www.selfstudys.com/books/jee-formula)
        Found 0 PDF items for subject JEE Formula.
      Scraping Subject: JEE Important Question (URL: https://www.selfstudys.com/books/jee-important-question)
        Found 0 PDF items for subject JEE Important Question.
      Scraping Subject: JEE Mind Map (URL: https://www.selfstudys.com/books/jee-mind-map)
        Found 0 PDF items for subject JEE Mind Map.
      Scraping Subject: JEE Integer-Numerical Type Question (URL: https://www.selfstudys.com/books/jee-integer-numerical-type-question)
        Found 0 PDF items for subject JEE Integer-Numerical Type Question.
      Scraping Subject: JEE Study Planner (URL: https://www.selfstudys.com/books/jee-study-planner/eng/class/chapter/51799)
        Found 0 PDF items for subject JEE Study Planner.
      Scraping Subject: JEE Flashcards (URL: https://www.selfstudys.com/books/jee-flashcards)
        Found 0 PDF items for subject JEE Flashcards.
      Scraping Subject: ICAR AIEEA Previous Year Paper (URL: https://www.selfstudys.com/books/icar-aieea-previous-year-paper)
        Found 0 PDF items for subject ICAR AIEEA Previous Year Paper.
      Scraping Subject: Important Info (URL: https://www.selfstudys.com/books/jee-important-info)
        Found 0 PDF items for subject Important Info.
      Scraping Subject: SRM-JEEE Previous Year Paper (URL: https://www.selfstudys.com/books/srmjeee-previous-year-paper)
        Found 0 PDF items for subject SRM-JEEE Previous Year Paper.
      Scraping Subject: VITEEE Previous Year Paper (URL: https://www.selfstudys.com/books/viteee-previous-year-paper)
        Found 0 PDF items for subject VITEEE Previous Year Paper.
      Scraping Subject: BITSAT Previous Year Paper (URL: https://www.selfstudys.com/books/bitsat-previous-year-paper)
        Found 0 PDF items for subject BITSAT Previous Year Paper.
      Scraping Subject: Manipal Previous Year Paper (URL: https://www.selfstudys.com/books/manipal-previous-year-paper)
        Found 0 PDF items for subject Manipal Previous Year Paper.
      Scraping Subject: AP EAMCET Previous Year Paper (URL: https://www.selfstudys.com/books/ap-eamcet-previous-year-paper)
        Found 0 PDF items for subject AP EAMCET Previous Year Paper.
      Scraping Subject: COMEDK Previous Year Paper (URL: https://www.selfstudys.com/books/comedk-previous-year-paper)
        Found 0 PDF items for subject COMEDK Previous Year Paper.
      Scraping Subject: GUJCET Previous Year Paper (URL: https://www.selfstudys.com/books/gujcet-previous-year-paper)
        Found 0 PDF items for subject GUJCET Previous Year Paper.
      Scraping Subject: KCET Previous Year Paper (URL: https://www.selfstudys.com/books/kcet-previous-year-paper)
        Found 0 PDF items for subject KCET Previous Year Paper.
      Scraping Subject: KEAM Previous Year Paper (URL: https://www.selfstudys.com/books/keam-previous-year-paper)
        Found 0 PDF items for subject KEAM Previous Year Paper.
      Scraping Subject: MHT CET Previous Year Paper (URL: https://www.selfstudys.com/books/mhtcet-previous-year-paper)
        Found 0 PDF items for subject MHT CET Previous Year Paper.
      Scraping Subject: TS EAMCET Previous Year Paper (URL: https://www.selfstudys.com/books/tseamcet-previous-year-paper)
        Found 0 PDF items for subject TS EAMCET Previous Year Paper.
      Scraping Subject: WBJEE Previous Year Paper (URL: https://www.selfstudys.com/books/wbjee-previous-year-paper)
        Found 0 PDF items for subject WBJEE Previous Year Paper.
      Scraping Subject: AMU Previous Year Paper (URL: https://www.selfstudys.com/books/amu-previous-year-paper)
        Found 0 PDF items for subject AMU Previous Year Paper.
      Scraping Subject: CUSAT Previous Year Paper (URL: https://www.selfstudys.com/books/cusat-previous-year-paper)
        Found 0 PDF items for subject CUSAT Previous Year Paper.
      Scraping Subject: AEEE Previous Year Paper (URL: https://www.selfstudys.com/books/aeee-previous-year-paper)
        Found 0 PDF items for subject AEEE Previous Year Paper.
      Scraping Subject: UPSEE Previous Year Paper (URL: https://www.selfstudys.com/books/upsee-previous-year-papers)
        Error scraping subject UPSEE Previous Year Paper: aborted
      Scraping Subject: CGPET Previous Year Paper (URL: https://www.selfstudys.com/books/cgpet-previous-year-papers)
        Found 0 PDF items for subject CGPET Previous Year Paper.
      Scraping Subject: BCECE Previous Year Paper (URL: https://www.selfstudys.com/books/bcece-previous-year-papers)
        Found 0 PDF items for subject BCECE Previous Year Paper.
      Scraping Subject: JCECE Previous Year Paper (URL: https://www.selfstudys.com/books/jcece-previous-year-papers)
        Found 0 PDF items for subject JCECE Previous Year Paper.
      Scraping Subject: LPU Previous Year Paper (URL: https://www.selfstudys.com/books/lpu-previous-year-papers)
        Found 0 PDF items for subject LPU Previous Year Paper.
      Scraping Subject: IISER Previous Year Paper (URL: https://www.selfstudys.com/books/iiser-previous-year-paper)
        Found 0 PDF items for subject IISER Previous Year Paper.
      Scraping Subject: NEST Previous Year Paper (URL: https://www.selfstudys.com/books/nest-previous-year-papers)
        Found 0 PDF items for subject NEST Previous Year Paper.
      Scraping Subject: Physics (URL: https://www.selfstudys.com/books/neet-physics)
        Found 0 PDF items for subject Physics.
      Scraping Subject: Chemistry (URL: https://www.selfstudys.com/books/neet-chemistry)
        Found 0 PDF items for subject Chemistry.
      Scraping Subject: Biology (URL: https://www.selfstudys.com/books/neet-biology)
        Found 0 PDF items for subject Biology.
      Scraping Subject: Crash Course (URL: https://www.selfstudys.com/books/neet-crash-course)
        Found 0 PDF items for subject Crash Course.
      Scraping Subject: NEET NCERT Book (URL: https://www.selfstudys.com/books/neet-ncert-books)
        Found 0 PDF items for subject NEET NCERT Book.
      Scraping Subject: Previous Year Paper (URL: https://www.selfstudys.com/books/neet-previous-year-paper)
        Found 0 PDF items for subject Previous Year Paper.
      Scraping Subject: Important Info (URL: https://www.selfstudys.com/books/neet-important-info)
        Found 0 PDF items for subject Important Info.
      Scraping Subject: NCERT Based Short Notes (URL: https://www.selfstudys.com/books/neet-ncert-based-short-notes)
        Found 0 PDF items for subject NCERT Based Short Notes.
      Scraping Subject: NEET Most Repeated Question (URL: https://www.selfstudys.com/books/neet-most-repeated-questions)
        Found 0 PDF items for subject NEET Most Repeated Question.
      Scraping Subject: NEET Sample Paper (URL: https://www.selfstudys.com/books/neet-sample-paper/english/year-wise)
        Found 0 PDF items for subject NEET Sample Paper.
      Scraping Subject: NEET Toppers Notes (URL: https://www.selfstudys.com/books/neet-topper-notes)
        Found 0 PDF items for subject NEET Toppers Notes.
      Scraping Subject: NEET Formula (URL: https://www.selfstudys.com/books/neet-formula)
        Found 0 PDF items for subject NEET Formula.
      Scraping Subject: NEET Important Question (URL: https://www.selfstudys.com/books/neet-important-question)
        Found 0 PDF items for subject NEET Important Question.
      Scraping Subject: NEET Assertion Reason Question (URL: https://www.selfstudys.com/books/neet-assertion-reason-question)
        Found 0 PDF items for subject NEET Assertion Reason Question.
      Scraping Subject: NEET Study Planner (URL: https://www.selfstudys.com/books/neet-study-planner/eng/class/chapter/52606)
        Found 0 PDF items for subject NEET Study Planner.
      Scraping Subject: NEET Flashcards (URL: https://www.selfstudys.com/books/neet-flashcards)
        Found 0 PDF items for subject NEET Flashcards.
      Scraping Subject: NEET Diagram Based Question (URL: https://www.selfstudys.com/books/neet-diagram-based-question)
        Found 0 PDF items for subject NEET Diagram Based Question.
      Scraping Subject: NEET Matching Based Question (URL: https://www.selfstudys.com/books/neet-matching-based-questions)
        Found 0 PDF items for subject NEET Matching Based Question.
      Scraping Subject: Previous Year Papers (URL: https://www.selfstudys.com/books/cuet-previous-year-paper)
        Found 0 PDF items for subject Previous Year Papers.
      Scraping Subject: CUET Mind Map (URL: https://www.selfstudys.com/books/cuet-mind-map)
        Found 0 PDF items for subject CUET Mind Map.
      Scraping Subject: CUET Important Question (URL: https://www.selfstudys.com/books/cuet-important-question)
        Found 0 PDF items for subject CUET Important Question.
      Scraping Subject: NDA Previous Year Paper (URL: https://www.selfstudys.com/books/nda-previous-year-paper)
        Found 0 PDF items for subject NDA Previous Year Paper.
      Scraping Subject: NCERT Books 2022-23 (URL: https://www.selfstudys.com/books/ncert-books-pdf)
        Found 0 PDF items for subject NCERT Books 2022-23.
      Scraping Subject: NCERT Solutions (URL: https://www.selfstudys.com/books/ncert-solution)
        Found 0 PDF items for subject NCERT Solutions.
      Scraping Subject: NCERT Notes (URL: https://www.selfstudys.com/books/ncert-notes)
        Found 0 PDF items for subject NCERT Notes.
      Scraping Subject: NCERT Exemplar Books (URL: https://www.selfstudys.com/books/ncert-exemplar-books)
        Found 0 PDF items for subject NCERT Exemplar Books.
      Scraping Subject: NCERT Exemplar Solution (URL: https://www.selfstudys.com/books/ncert-exemplar-solution)
        Found 0 PDF items for subject NCERT Exemplar Solution.
      Scraping Subject: States UT Book (URL: https://www.selfstudys.com/books/states-ut-book)
        Found 0 PDF items for subject States UT Book.
      Scraping Subject: School Kits & Lab Manual (URL: https://www.selfstudys.com/books/school-kits-lab-manual)
        Found 0 PDF items for subject School Kits & Lab Manual.
      Scraping Subject: NCERT Books 2021-22 (URL: https://www.selfstudys.com/books/new-ncert-books)
        Found 0 PDF items for subject NCERT Books 2021-22.
      Scraping Subject: NCERT Books 2020-21 (URL: https://www.selfstudys.com/books/ncert-books)
        Found 0 PDF items for subject NCERT Books 2020-21.
      Scraping Subject: NCERT Book 2019-2020 (URL: https://www.selfstudys.com/books/ncert-new-book)
        Found 0 PDF items for subject NCERT Book 2019-2020.
      Scraping Subject: NCERT Book 2015-2016 (URL: https://www.selfstudys.com/books/ncert-old-book)
        Found 0 PDF items for subject NCERT Book 2015-2016.
      Scraping Subject: RD Sharma Solution (URL: https://www.selfstudys.com/books/rdsharma-solution)
        Found 0 PDF items for subject RD Sharma Solution.
      Scraping Subject: TS Grewal Solution (URL: https://www.selfstudys.com/books/ts-grewal-solution)
        Found 0 PDF items for subject TS Grewal Solution.
      Scraping Subject: TR Jain Solution (URL: https://www.selfstudys.com/books/tr-jain-solution)
        Found 0 PDF items for subject TR Jain Solution.
      Scraping Subject: Selina Solution (URL: https://www.selfstudys.com/books/selina-publisher-solutions)
        Found 0 PDF items for subject Selina Solution.
      Scraping Subject: Frank Solution (URL: https://www.selfstudys.com/books/frank-solutions)
        Found 0 PDF items for subject Frank Solution.
      Scraping Subject: Lakhmir Singh and Manjit Kaur Solution (URL: https://www.selfstudys.com/books/lakshmir-singh)
        Found 0 PDF items for subject Lakhmir Singh and Manjit Kaur Solution.
      Scraping Subject: SB Mathur Solution (URL: https://www.selfstudys.com/books/sb-mathur-solution)
        Found 0 PDF items for subject SB Mathur Solution.
      Scraping Subject: P Bahadur Solution (URL: https://www.selfstudys.com/books/pbahadur-solution)
        Found 0 PDF items for subject P Bahadur Solution.
      Scraping Subject: OP Tandon Solutions (URL: https://www.selfstudys.com/books/op-tandon-solutions)
        Found 0 PDF items for subject OP Tandon Solutions.
      Scraping Subject: All In One (URL: https://www.selfstudys.com/books/all-in-one)
        Found 0 PDF items for subject All In One.
      Scraping Subject: Dc Pandey (URL: https://www.selfstudys.com/books/dc-pandey)
        Found 0 PDF items for subject Dc Pandey.
      Scraping Subject: I.E.Irodov solutions (URL: https://www.selfstudys.com/books/i-e-irodov)
        Found 120 PDF items for subject I.E.Irodov solutions.
        ✅ Saved: 11. Kinematics -> https://www.selfstudys.com/sitepdfs/SjhRj5YJG1D4FZtwrIwa
        ✅ Saved: Untitled Document -> https://www.selfstudys.com/sitepdfs/SjhRj5YJG1D4FZtwrIwa
        ⚠️ No PDF link found for: Untitled Document
        ✅ Saved: 22. The Fundamental Equation Of Dynamics -> https://www.selfstudys.com/sitepdfs/y2XtTBwC4wnSqZ71njty
        ✅ Saved: Untitled Document -> https://www.selfstudys.com/sitepdfs/y2XtTBwC4wnSqZ71njty
        ⚠️ No PDF link found for: Untitled Document
        ✅ Saved: 33. Laws of Conservation of Energy, Momentum and Angular Momentum -> https://www.selfstudys.com/sitepdfs/uKtHwoXV9bgOqanBViZp
        ✅ Saved: Untitled Document -> https://www.selfstudys.com/sitepdfs/uKtHwoXV9bgOqanBViZp
        ⚠️ No PDF link found for: Untitled Document
        ✅ Saved: 44. Universal Gravitation -> https://www.selfstudys.com/sitepdfs/GF8kOe9hbF73netBu6Bf
        ✅ Saved: Untitled Document -> https://www.selfstudys.com/sitepdfs/GF8kOe9hbF73netBu6Bf
        ⚠️ No PDF link found for: Untitled Document
        ✅ Saved: 55. Dynamics Of A Solid Body -> https://www.selfstudys.com/sitepdfs/XkV7pTKQHZbL4U8WcIuU
        ✅ Saved: Untitled Document -> https://www.selfstudys.com/sitepdfs/XkV7pTKQHZbL4U8WcIuU
        ⚠️ No PDF link found for: Untitled Document
        ✅ Saved: 66. Elastic Deformations Of A Solid Body -> https://www.selfstudys.com/sitepdfs/8GTRg291xnA45ZorpMVT
        ✅ Saved: Untitled Document -> https://www.selfstudys.com/sitepdfs/8GTRg291xnA45ZorpMVT
        ⚠️ No PDF link found for: Untitled Document
        ✅ Saved: 77. Hydrodynamics -> https://www.selfstudys.com/sitepdfs/zVIUjYV6xpwlCT5NXDPf
        ✅ Saved: Untitled Document -> https://www.selfstudys.com/sitepdfs/zVIUjYV6xpwlCT5NXDPf
        ⚠️ No PDF link found for: Untitled Document
        ✅ Saved: 88. Relativistic Mechanics -> https://www.selfstudys.com/sitepdfs/ayae6j6AWpuistt2zjSt
        ✅ Saved: Untitled Document -> https://www.selfstudys.com/sitepdfs/ayae6j6AWpuistt2zjSt
        ⚠️ No PDF link found for: Untitled Document
        ✅ Saved: 99. Equation Of The Gas State Processes -> https://www.selfstudys.com/sitepdfs/MJkEwZd9BZBIzRHSt9TF
        ✅ Saved: Untitled Document -> https://www.selfstudys.com/sitepdfs/MJkEwZd9BZBIzRHSt9TF
        ⚠️ No PDF link found for: Untitled Document
        ✅ Saved: 1010. The First Law Of Thermodynamics Heat Capacity -> https://www.selfstudys.com/sitepdfs/UCuSM8ReOiG88qHvLSif
        ✅ Saved: Untitled Document -> https://www.selfstudys.com/sitepdfs/UCuSM8ReOiG88qHvLSif
        ⚠️ No PDF link found for: Untitled Document
        ✅ Saved: 1111. Kinetic Theory Of Gases -> https://www.selfstudys.com/sitepdfs/PTK1OfXv5CYaTR37LhGH
        ✅ Saved: Untitled Document -> https://www.selfstudys.com/sitepdfs/PTK1OfXv5CYaTR37LhGH
        ⚠️ No PDF link found for: Untitled Document
        ✅ Saved: 1212. The Second Law Of Thermodynamics Entropy -> https://www.selfstudys.com/sitepdfs/uAApKFyBP1YfEXqD2Rdk
        ✅ Saved: Untitled Document -> https://www.selfstudys.com/sitepdfs/uAApKFyBP1YfEXqD2Rdk
        ⚠️ No PDF link found for: Untitled Document
        ✅ Saved: 1313. Liquids Capillary Effects -> https://www.selfstudys.com/sitepdfs/B5WnXPpDBRaKgqbGvvPQ
        ✅ Saved: Untitled Document -> https://www.selfstudys.com/sitepdfs/B5WnXPpDBRaKgqbGvvPQ
        ⚠️ No PDF link found for: Untitled Document
        ✅ Saved: 1414. Phase Transformations -> https://www.selfstudys.com/sitepdfs/cguqIJRR7stIp6GHevik
        ✅ Saved: Untitled Document -> https://www.selfstudys.com/sitepdfs/cguqIJRR7stIp6GHevik
        ⚠️ No PDF link found for: Untitled Document
        ✅ Saved: 1515. Transport Phenomena -> https://www.selfstudys.com/sitepdfs/S2Ocf2h0YQ0nYNqyaBtb
        ❌ Error scraping PDF page https://www.selfstudys.com/books/i-e-irodov/eng/class/chapter/15-transport-phenomena/112693: aborted
        ⚠️ No PDF link found for: Untitled Document
        ✅ Saved: 1616. Constant Electric Field In Vacuum -> https://www.selfstudys.com/sitepdfs/cIFJ54AjJOasOp0D7kXD
        ✅ Saved: Untitled Document -> https://www.selfstudys.com/sitepdfs/cIFJ54AjJOasOp0D7kXD
        ⚠️ No PDF link found for: Untitled Document
        ✅ Saved: 1717. Conductors And Dielectrics In An Electric Field -> https://www.selfstudys.com/sitepdfs/IagDWLzQaOvPqe8sMTtT
        ✅ Saved: Untitled Document -> https://www.selfstudys.com/sitepdfs/IagDWLzQaOvPqe8sMTtT
        ⚠️ No PDF link found for: Untitled Document
        ✅ Saved: 1818. Electric Capacitance Energy Of An Electric Field -> https://www.selfstudys.com/sitepdfs/gJJAGWd3G0eW7887ydAf
        ✅ Saved: Untitled Document -> https://www.selfstudys.com/sitepdfs/gJJAGWd3G0eW7887ydAf
        ⚠️ No PDF link found for: Untitled Document
        ✅ Saved: 1919. Electric Current -> https://www.selfstudys.com/sitepdfs/2lO7yWBn0q2BKgNSgDrG
        ✅ Saved: Untitled Document -> https://www.selfstudys.com/sitepdfs/2lO7yWBn0q2BKgNSgDrG
        ⚠️ No PDF link found for: Untitled Document
        ✅ Saved: 2020. Constant Magnetic Field Magnetics -> https://www.selfstudys.com/sitepdfs/mF2TIgm5SPnvNfaNJGAN
        ✅ Saved: Untitled Document -> https://www.selfstudys.com/sitepdfs/mF2TIgm5SPnvNfaNJGAN
        ⚠️ No PDF link found for: Untitled Document
        ✅ Saved: 2121. Electromagnetic Induction Maxwell’s Equations -> https://www.selfstudys.com/sitepdfs/j3PVlsGeHs5NmQMCKEKq
        ✅ Saved: Untitled Document -> https://www.selfstudys.com/sitepdfs/j3PVlsGeHs5NmQMCKEKq
        ⚠️ No PDF link found for: Untitled Document
        ✅ Saved: 2222. Motion Of Charged Particles In Electric And Magne -> https://www.selfstudys.com/sitepdfs/AEJe01TSGbp6mYviHRyV
        ✅ Saved: Untitled Document -> https://www.selfstudys.com/sitepdfs/AEJe01TSGbp6mYviHRyV
        ⚠️ No PDF link found for: Untitled Document
        ✅ Saved: 2323. Mechanical Oscillations -> https://www.selfstudys.com/sitepdfs/vygFJutwxZdOvIV7Afwn
        ✅ Saved: Untitled Document -> https://www.selfstudys.com/sitepdfs/vygFJutwxZdOvIV7Afwn
        ⚠️ No PDF link found for: Untitled Document
        ✅ Saved: 2424. Electric Oscillations -> https://www.selfstudys.com/sitepdfs/je6vxXBfPmSbRuujBth1
        ✅ Saved: Untitled Document -> https://www.selfstudys.com/sitepdfs/je6vxXBfPmSbRuujBth1
        ⚠️ No PDF link found for: Untitled Document
        ✅ Saved: 2525. Elastic Waves -> https://www.selfstudys.com/sitepdfs/923oRiRBKQcTaNcmRBsm
        ✅ Saved: Untitled Document -> https://www.selfstudys.com/sitepdfs/923oRiRBKQcTaNcmRBsm
        ❌ Error scraping PDF page https://www.selfstudys.com/advance-pdf-viewer/i-e-irodov/eng/class/chapter/25-elastic-waves/112477: aborted
        ✅ Saved: 2626. Electromagnetic Waves -> https://www.selfstudys.com/sitepdfs/w2WTi2rEwOSdsEJbbYhZ
        ✅ Saved: Untitled Document -> https://www.selfstudys.com/sitepdfs/w2WTi2rEwOSdsEJbbYhZ
        ⚠️ No PDF link found for: Untitled Document
        ✅ Saved: 2727. Photometry and Geometrical Optics -> https://www.selfstudys.com/sitepdfs/4adXJqNifneAsdLNzzyb
        ✅ Saved: Untitled Document -> https://www.selfstudys.com/sitepdfs/4adXJqNifneAsdLNzzyb
        ⚠️ No PDF link found for: Untitled Document
        ✅ Saved: 2828. Interference of Light -> https://www.selfstudys.com/sitepdfs/cpSEPt7T00GNvh1CWOcp
        ✅ Saved: Untitled Document -> https://www.selfstudys.com/sitepdfs/cpSEPt7T00GNvh1CWOcp
        ⚠️ No PDF link found for: Untitled Document
        ✅ Saved: 2929. Diffraction of Light -> https://www.selfstudys.com/sitepdfs/yxEFNMfGR8U0FxDJo3YF
        ✅ Saved: Untitled Document -> https://www.selfstudys.com/sitepdfs/yxEFNMfGR8U0FxDJo3YF
        ⚠️ No PDF link found for: Untitled Document
        ✅ Saved: 3030. Polarization of Light -> https://www.selfstudys.com/sitepdfs/eJ8oMjsKQdtT5ncbwK0Y
        ✅ Saved: Untitled Document -> https://www.selfstudys.com/sitepdfs/eJ8oMjsKQdtT5ncbwK0Y
        ⚠️ No PDF link found for: Untitled Document
        ✅ Saved: 3131. Dispersion and Absorption of Light -> https://www.selfstudys.com/sitepdfs/wS03sidzUmlfeurczRhD
        ✅ Saved: Untitled Document -> https://www.selfstudys.com/sitepdfs/wS03sidzUmlfeurczRhD
        ⚠️ No PDF link found for: Untitled Document
        ✅ Saved: 3232. Optics of Moving Sources -> https://www.selfstudys.com/sitepdfs/75s3RTuUxEMAr1M2zGij
        ✅ Saved: Untitled Document -> https://www.selfstudys.com/sitepdfs/75s3RTuUxEMAr1M2zGij
        ⚠️ No PDF link found for: Untitled Document
        ✅ Saved: 3333. Thermal Radiation. Quantum Nature of Light -> https://www.selfstudys.com/sitepdfs/D1WTgf73BNjHcCO70mnZ
        ✅ Saved: Untitled Document -> https://www.selfstudys.com/sitepdfs/D1WTgf73BNjHcCO70mnZ
        ⚠️ No PDF link found for: Untitled Document
        ✅ Saved: 3434. Scattering of Particles. Rutherford-Bohr Atom -> https://www.selfstudys.com/sitepdfs/sB31RkbF9LLYjgGdcrop
        ✅ Saved: Untitled Document -> https://www.selfstudys.com/sitepdfs/sB31RkbF9LLYjgGdcrop
        ⚠️ No PDF link found for: Untitled Document
        ✅ Saved: 3535. Wave Properties of Particles. Schrodinger Equation -> https://www.selfstudys.com/sitepdfs/VO7oSfldiM14XPlJYPMt
        ✅ Saved: Untitled Document -> https://www.selfstudys.com/sitepdfs/VO7oSfldiM14XPlJYPMt
        ⚠️ No PDF link found for: Untitled Document
        ✅ Saved: 3636. Properties of Atoms. Spectra -> https://www.selfstudys.com/sitepdfs/8e8p3F7pZFSjqN3MUpnp
        ✅ Saved: Untitled Document -> https://www.selfstudys.com/sitepdfs/8e8p3F7pZFSjqN3MUpnp
        ⚠️ No PDF link found for: Untitled Document
        ✅ Saved: 3737. Molecules and Crystals -> https://www.selfstudys.com/sitepdfs/BDtvtlDm1Gb1HjCQzpyN
        ✅ Saved: Untitled Document -> https://www.selfstudys.com/sitepdfs/BDtvtlDm1Gb1HjCQzpyN
        ⚠️ No PDF link found for: Untitled Document
        ✅ Saved: 3838. Radioactivity -> https://www.selfstudys.com/sitepdfs/ZVz7HfYbir8jr6KDqU73
        ✅ Saved: Untitled Document -> https://www.selfstudys.com/sitepdfs/ZVz7HfYbir8jr6KDqU73
        ⚠️ No PDF link found for: Untitled Document
        ✅ Saved: 3939. Nuclear Reactions -> https://www.selfstudys.com/sitepdfs/CuVHbSWDHYYTsdJBVRI6
        ✅ Saved: Untitled Document -> https://www.selfstudys.com/sitepdfs/CuVHbSWDHYYTsdJBVRI6
        ⚠️ No PDF link found for: Untitled Document
        ✅ Saved: 4040. Elementary Particles -> https://www.selfstudys.com/sitepdfs/qVnpfqEoseAvacCEXQbY
        ✅ Saved: Untitled Document -> https://www.selfstudys.com/sitepdfs/qVnpfqEoseAvacCEXQbY
        ⚠️ No PDF link found for: Untitled Document
      Scraping Subject: ICSE - Goyal Brothers Park (URL: https://www.selfstudys.com/books/books-icse-goyal)
        Found 0 PDF items for subject ICSE - Goyal Brothers Park.
      Scraping Subject: ICSE - Dorothy M. Noronhe (URL: https://www.selfstudys.com/books/books-icse-dorothy)
        Found 0 PDF items for subject ICSE - Dorothy M. Noronhe.
      Scraping Subject: Micheal Vaz Solution (URL: https://www.selfstudys.com/books/micheal-vaz-solution)
        Found 0 PDF items for subject Micheal Vaz Solution.
      Scraping Subject: S.S. Krotov Solution (URL: https://www.selfstudys.com/books/s-s-krotov-solution)
        Found 0 PDF items for subject S.S. Krotov Solution.
      Scraping Subject: Evergreen Science (URL: https://www.selfstudys.com/books/evergreen-science)
        Found 0 PDF items for subject Evergreen Science.
      Scraping Subject: KC Sinha Solution (URL: https://www.selfstudys.com/books/kc-sinha-solution)
        Found 0 PDF items for subject KC Sinha Solution.
      Scraping Subject: ICSE - ISC Jayanti Sengupta, Oxford (URL: https://www.selfstudys.com/books/icse-isc-jayanti-sengupta-oxford)
        Found 0 PDF items for subject ICSE - ISC Jayanti Sengupta, Oxford.
      Scraping Subject: ICSE Focus on History (URL: https://www.selfstudys.com/books/icse-focus-on-history)
        Found 0 PDF items for subject ICSE Focus on History.
      Scraping Subject: ICSE GeoGraphy Voyage (URL: https://www.selfstudys.com/books/icse-geo-graphy-voyage)
        Found 0 PDF items for subject ICSE GeoGraphy Voyage.
      Scraping Subject: ICSE Hindi Solution (URL: https://www.selfstudys.com/books/icse-hindi-solution)
        Found 0 PDF items for subject ICSE Hindi Solution.
      Scraping Subject: ICSE Treasure Trove Solution (URL: https://www.selfstudys.com/books/icse-treasure-trove-solution)
        Found 0 PDF items for subject ICSE Treasure Trove Solution.
      Scraping Subject: Thomas & Finney Solution (URL: https://www.selfstudys.com/books/thomas-finney-solutions)
        Found 0 PDF items for subject Thomas & Finney Solution.
      Scraping Subject: SL Loney Solution (URL: https://www.selfstudys.com/books/slloney-solution)
        Found 0 PDF items for subject SL Loney Solution.
      Scraping Subject: Narendra Awasthi Solution (URL: https://www.selfstudys.com/books/narendra-awasthi-solution)
        Found 0 PDF items for subject Narendra Awasthi Solution.
      Scraping Subject: LA Sena Solution (URL: https://www.selfstudys.com/books/la-sena-solution)
        Found 0 PDF items for subject LA Sena Solution.
      Scraping Subject: Integral Calculus Amit Agarwal Solution (URL: https://www.selfstudys.com/books/integral-calculus-amit-m-agarwal-solution)
        Found 0 PDF items for subject Integral Calculus Amit Agarwal Solution.
      Scraping Subject: IA Maron Solution (URL: https://www.selfstudys.com/books/ia-maron-solutions)
        Found 0 PDF items for subject IA Maron Solution.
      Scraping Subject: Hall & Knight Solution (URL: https://www.selfstudys.com/books/hall-and-knight-solutions)
        Found 0 PDF items for subject Hall & Knight Solution.
      Scraping Subject: Errorless Solution (URL: https://www.selfstudys.com/books/errorless-solutions)
        Found 0 PDF items for subject Errorless Solution.
      Scraping Subject: Pradeep's KL Gogia Solution (URL: https://www.selfstudys.com/books/pradeeps-kl-gogia-solutions)
        Found 0 PDF items for subject Pradeep's KL Gogia Solution.
      Scraping Subject: Sample Papers (URL: https://www.selfstudys.com/books/cbse-sample-paper)
        Found 0 PDF items for subject Sample Papers.
      Scraping Subject: Previous Year Question Paper (URL: https://www.selfstudys.com/books/cbse-prev-paper)
        Found 0 PDF items for subject Previous Year Question Paper.
      Scraping Subject: Important Question (URL: https://www.selfstudys.com/books/cbse-important-questions)
        Found 0 PDF items for subject Important Question.
      Scraping Subject: Value Based Questions (URL: https://www.selfstudys.com/books/cbse-valued-qns)
        Found 0 PDF items for subject Value Based Questions.
      Scraping Subject: CBSE Syllabus (URL: https://www.selfstudys.com/books/cbse-syllabus)
        Error scraping subject CBSE Syllabus: aborted
      Scraping Subject: CBSE MCQs PDF (URL: https://www.selfstudys.com/books/cbse-mcqs)
        Found 0 PDF items for subject CBSE MCQs PDF.
      Scraping Subject: Formula Class Wise (URL: https://www.selfstudys.com/books/formula-class-wise)
        Found 0 PDF items for subject Formula Class Wise.
      Scraping Subject: CBSE Flashcards (URL: https://www.selfstudys.com/books/cbse-flashcard)
        Found 0 PDF items for subject CBSE Flashcards.
      Scraping Subject: New Revision Notes (URL: https://www.selfstudys.com/books/cbse-new-revision-notes)
        Found 0 PDF items for subject New Revision Notes.
      Scraping Subject: Revision Notes (URL: https://www.selfstudys.com/books/cbse-revisions-notes)
        Found 0 PDF items for subject Revision Notes.
      Scraping Subject: Question Bank (URL: https://www.selfstudys.com/books/cbse-hots-qsn)
        Found 0 PDF items for subject Question Bank.
      Scraping Subject: Lab Manual (URL: https://www.selfstudys.com/books/cbse-lab-manual)
        Found 0 PDF items for subject Lab Manual.
      Scraping Subject: Formula Chapter Wise (URL: https://www.selfstudys.com/books/formula-chapter-wise)
        Found 0 PDF items for subject Formula Chapter Wise.
      Scraping Subject: Toppers Notes (URL: https://www.selfstudys.com/books/cbse-toppers-notes)
        Found 0 PDF items for subject Toppers Notes.
      Scraping Subject: Marks Wise Question (URL: https://www.selfstudys.com/books/cbse-marks-wise-qns)
        Found 0 PDF items for subject Marks Wise Question.
      Scraping Subject: Toppers Answer Sheets (URL: https://www.selfstudys.com/books/cbse-toppers-answer-sheet)
        Found 0 PDF items for subject Toppers Answer Sheets.
      Scraping Subject: Exam Paper Aalysis (URL: https://www.selfstudys.com/books/cbse-exam-paper-analysis)
        Found 0 PDF items for subject Exam Paper Aalysis.
      Scraping Subject: Concept Map (URL: https://www.selfstudys.com/books/cbse-concept-map)
        Found 0 PDF items for subject Concept Map.
      Scraping Subject: CBSE Text Book (URL: https://www.selfstudys.com/books/cbse-books)
        Found 0 PDF items for subject CBSE Text Book.
      Scraping Subject: Additional Practice Questions (URL: https://www.selfstudys.com/books/cbse-additional-practice-questions)
        Found 0 PDF items for subject Additional Practice Questions.
      Scraping Subject: Most Repeated Question (URL: https://www.selfstudys.com/books/cbse-most-repeated-question)
        Found 0 PDF items for subject Most Repeated Question.
      Scraping Subject: Vocational Book (URL: https://www.selfstudys.com/books/cbse-vocational-book)
        Found 0 PDF items for subject Vocational Book.
      Scraping Subject: CBSE - Concept (URL: https://www.selfstudys.com/books/cbse-concept)
        Found 0 PDF items for subject CBSE - Concept.
      Scraping Subject: Case Study (URL: https://www.selfstudys.com/books/cbse-case-study)
        Found 0 PDF items for subject Case Study.
      Scraping Subject: KVS NCERT CBSE Worksheets (URL: https://www.selfstudys.com/books/kvs-ncert-cbse-worksheets)
        Found 0 PDF items for subject KVS NCERT CBSE Worksheets.
      Scraping Subject: Assertion & Reason (URL: https://www.selfstudys.com/books/cbse-assertion-reason)
        Found 0 PDF items for subject Assertion & Reason.
      Scraping Subject: Diagram Based Question (URL: https://www.selfstudys.com/books/cbse-diagram-based-question)
        Found 0 PDF items for subject Diagram Based Question.
      Scraping Subject: Study Planner (URL: https://www.selfstudys.com/books/cbse-study-planner)
        Found 0 PDF items for subject Study Planner.
      Scraping Subject: Competency Based Questions (URL: https://www.selfstudys.com/books/cbse-competency-based-questions)
        Found 0 PDF items for subject Competency Based Questions.
      Scraping Subject: Physics (URL: https://www.selfstudys.com/books/jee-physics)
        Found 0 PDF items for subject Physics.
      Scraping Subject: Chemistry (URL: https://www.selfstudys.com/books/jee-chemistry)
        Error scraping subject Chemistry: aborted
      Scraping Subject: Maths (URL: https://www.selfstudys.com/books/jee-maths)
        Found 0 PDF items for subject Maths.
      Scraping Subject: JEE Previous Year Paper (URL: https://www.selfstudys.com/books/jee-previous-year-paper)
        Found 0 PDF items for subject JEE Previous Year Paper.
      Scraping Subject: JEE Crash Course (URL: https://www.selfstudys.com/books/iit-jee-crash-course)
        Found 0 PDF items for subject JEE Crash Course.
      Scraping Subject: JEE Sample Papers (URL: https://www.selfstudys.com/books/jee-sample-papers/english/jee-main)
        Found 0 PDF items for subject JEE Sample Papers.
      Scraping Subject: JEE Toppers Notes (URL: https://www.selfstudys.com/books/jee-topper-notes)
        Found 0 PDF items for subject JEE Toppers Notes.
      Scraping Subject: JEE Formula (URL: https://www.selfstudys.com/books/jee-formula)
        Found 0 PDF items for subject JEE Formula.
      Scraping Subject: JEE Important Question (URL: https://www.selfstudys.com/books/jee-important-question)
        Found 0 PDF items for subject JEE Important Question.
      Scraping Subject: JEE Mind Map (URL: https://www.selfstudys.com/books/jee-mind-map)
        Found 0 PDF items for subject JEE Mind Map.
      Scraping Subject: JEE Integer Numerical Type Question (URL: https://www.selfstudys.com/books/jee-integer-numerical-type-question)
        Found 0 PDF items for subject JEE Integer Numerical Type Question.
      Scraping Subject: JEE Study Planner (URL: https://www.selfstudys.com/books/jee-study-planner/eng/class/chapter/51799)
        Error scraping subject JEE Study Planner: aborted
      Scraping Subject: JEE Flashcards (URL: https://www.selfstudys.com/books/jee-flashcards)
        Found 0 PDF items for subject JEE Flashcards.
      Scraping Subject: ICAR AIEEA Previous Year Paper (URL: https://www.selfstudys.com/books/icar-aieea-previous-year-paper)
        Found 0 PDF items for subject ICAR AIEEA Previous Year Paper.
      Scraping Subject: Important Info (URL: https://www.selfstudys.com/books/jee-important-info)
        Found 0 PDF items for subject Important Info.
      Scraping Subject: SRM-JEEE Previous Year Paper (URL: https://www.selfstudys.com/books/srmjeee-previous-year-paper)
        Found 0 PDF items for subject SRM-JEEE Previous Year Paper.
      Scraping Subject: VITEEE Previous Year Paper (URL: https://www.selfstudys.com/books/viteee-previous-year-paper)
        Found 0 PDF items for subject VITEEE Previous Year Paper.
      Scraping Subject: BITSAT Previous Year Paper (URL: https://www.selfstudys.com/books/bitsat-previous-year-paper)
        Found 0 PDF items for subject BITSAT Previous Year Paper.
      Scraping Subject: Manipal Previous Year Paper (URL: https://www.selfstudys.com/books/manipal-previous-year-paper)
        Found 0 PDF items for subject Manipal Previous Year Paper.
      Scraping Subject: AP EAMCET Previous Year Paper (URL: https://www.selfstudys.com/books/ap-eamcet-previous-year-paper)
        Found 0 PDF items for subject AP EAMCET Previous Year Paper.
      Scraping Subject: COMEDK Previous Year Paper (URL: https://www.selfstudys.com/books/comedk-previous-year-paper)
        Found 0 PDF items for subject COMEDK Previous Year Paper.
      Scraping Subject: IISER Previous Year Paper (URL: https://www.selfstudys.com/books/iiser-previous-year-paper)
        Found 0 PDF items for subject IISER Previous Year Paper.
      Scraping Subject: GUJCET Previous Year Paper (URL: https://www.selfstudys.com/books/gujcet-previous-year-paper)
        Found 0 PDF items for subject GUJCET Previous Year Paper.
      Scraping Subject: KCET Previous Year Paper (URL: https://www.selfstudys.com/books/kcet-previous-year-paper)
        Found 0 PDF items for subject KCET Previous Year Paper.
      Scraping Subject: KEAM Previous Year Paper (URL: https://www.selfstudys.com/books/keam-previous-year-paper)
        Found 0 PDF items for subject KEAM Previous Year Paper.
      Scraping Subject: MHT CET Previous Year Paper (URL: https://www.selfstudys.com/books/mhtcet-previous-year-paper)
        Found 0 PDF items for subject MHT CET Previous Year Paper.
      Scraping Subject: TS EAMCET Previous Year Paper (URL: https://www.selfstudys.com/books/tseamcet-previous-year-paper)
        Found 0 PDF items for subject TS EAMCET Previous Year Paper.
      Scraping Subject: WBJEE Previous Year Paper (URL: https://www.selfstudys.com/books/wbjee-previous-year-paper)
        Found 0 PDF items for subject WBJEE Previous Year Paper.
      Scraping Subject: AMU Previous Year Paper (URL: https://www.selfstudys.com/books/amu-previous-year-paper)
        Found 0 PDF items for subject AMU Previous Year Paper.
      Scraping Subject: CUSAT Previous Year Paper (URL: https://www.selfstudys.com/books/cusat-previous-year-paper)
        Found 0 PDF items for subject CUSAT Previous Year Paper.
      Scraping Subject: AEEE Previous Year Paper (URL: https://www.selfstudys.com/books/aeee-previous-year-paper)
        Found 0 PDF items for subject AEEE Previous Year Paper.
      Scraping Subject: UPSEE Previous Year Paper (URL: https://www.selfstudys.com/books/upsee-previous-year-papers)
        Found 0 PDF items for subject UPSEE Previous Year Paper.
      Scraping Subject: CGPET Previous Year Paper (URL: https://www.selfstudys.com/books/cgpet-previous-year-papers)
        Found 0 PDF items for subject CGPET Previous Year Paper.
      Scraping Subject: BCECE Previous Year Paper (URL: https://www.selfstudys.com/books/bcece-previous-year-papers)
        Found 0 PDF items for subject BCECE Previous Year Paper.
      Scraping Subject: JCECE Previous Year Paper (URL: https://www.selfstudys.com/books/jcece-previous-year-papers)
        Found 0 PDF items for subject JCECE Previous Year Paper.
      Scraping Subject: LPU Previous Year Paper (URL: https://www.selfstudys.com/books/lpu-previous-year-papers)
        Found 0 PDF items for subject LPU Previous Year Paper.
      Scraping Subject: NEST Previous Year Paper (URL: https://www.selfstudys.com/books/nest-previous-year-papers)
        Found 0 PDF items for subject NEST Previous Year Paper.
      Scraping Subject: Physics (URL: https://www.selfstudys.com/books/neet-physics)
        Found 0 PDF items for subject Physics.
      Scraping Subject: Chemistry (URL: https://www.selfstudys.com/books/neet-chemistry)
        Found 0 PDF items for subject Chemistry.
      Scraping Subject: Biology (URL: https://www.selfstudys.com/books/neet-biology)
        Found 0 PDF items for subject Biology.
      Scraping Subject: Crash Course (URL: https://www.selfstudys.com/books/neet-crash-course)
        Found 0 PDF items for subject Crash Course.
      Scraping Subject: NEET NCERT Book (URL: https://www.selfstudys.com/books/neet-ncert-books)
        Found 0 PDF items for subject NEET NCERT Book.
      Scraping Subject: Previous Year Paper (URL: https://www.selfstudys.com/books/neet-previous-year-paper)
        Found 0 PDF items for subject Previous Year Paper.
      Scraping Subject: Important Info (URL: https://www.selfstudys.com/books/neet-important-info)
        Found 0 PDF items for subject Important Info.
      Scraping Subject: NCERT Based Short Notes (URL: https://www.selfstudys.com/books/neet-ncert-based-short-notes)
        Found 0 PDF items for subject NCERT Based Short Notes.
      Scraping Subject: NEET Most Repeated Question (URL: https://www.selfstudys.com/books/neet-most-repeated-questions)
        Found 0 PDF items for subject NEET Most Repeated Question.
      Scraping Subject: NEET Sample Paper (URL: https://www.selfstudys.com/books/neet-sample-paper/english/year-wise)
        Found 0 PDF items for subject NEET Sample Paper.
      Scraping Subject: NEET Toppers Notes (URL: https://www.selfstudys.com/books/neet-topper-notes)
        Found 0 PDF items for subject NEET Toppers Notes.
      Scraping Subject: NEET Formula (URL: https://www.selfstudys.com/books/neet-formula)
        Found 0 PDF items for subject NEET Formula.
      Scraping Subject: NEET Matching Based Question (URL: https://www.selfstudys.com/books/neet-matching-based-questions)
        Found 0 PDF items for subject NEET Matching Based Question.
      Scraping Subject: NEET Important Question (URL: https://www.selfstudys.com/books/neet-important-question)
        Found 0 PDF items for subject NEET Important Question.
      Scraping Subject: NEET Assertion Reason Question (URL: https://www.selfstudys.com/books/neet-assertion-reason-question)
        Found 0 PDF items for subject NEET Assertion Reason Question.
      Scraping Subject: NEET Study Planner (URL: https://www.selfstudys.com/books/neet-study-planner/eng/class/chapter/52606)
        Found 0 PDF items for subject NEET Study Planner.
      Scraping Subject: NEET Flashcards (URL: https://www.selfstudys.com/books/neet-flashcards)
        Found 0 PDF items for subject NEET Flashcards.
      Scraping Subject: NEET Diagram Based Question (URL: https://www.selfstudys.com/books/neet-diagram-based-question)
        Found 0 PDF items for subject NEET Diagram Based Question.
      Scraping Subject: Previous Year Papers (URL: https://www.selfstudys.com/books/cuet-previous-year-paper)
        Found 0 PDF items for subject Previous Year Papers.
      Scraping Subject: CUET Mind Map (URL: https://www.selfstudys.com/books/cuet-mind-map)
        Found 0 PDF items for subject CUET Mind Map.
      Scraping Subject: CUET Important Question (URL: https://www.selfstudys.com/books/cuet-important-question)
        Found 0 PDF items for subject CUET Important Question.
      Scraping Subject: NDA Previous Year Paper (URL: https://www.selfstudys.com/books/nda-previous-year-paper)
        Found 0 PDF items for subject NDA Previous Year Paper.
      Scraping Subject: 1. Mathematics Part - 1 (URL: https://www.selfstudys.com/books/haryana/state-books/class-12th/mathematics-part-1/27577)
        Found 30 PDF items for subject 1. Mathematics Part - 1.
        ✅ Saved: 1Prelims -> https://www.selfstudys.com/sitepdfs/hNZ2wPUsDboW6Ny9x82L
        ✅ Saved: Untitled Document -> https://www.selfstudys.com/sitepdfs/hNZ2wPUsDboW6Ny9x82L
        ⚠️ No PDF link found for: Untitled Document
        ✅ Saved: 21. Relations And Functions -> https://www.selfstudys.com/sitepdfs/YW6uI3KOrJwF9cp6GDr9
        ✅ Saved: Untitled Document -> https://www.selfstudys.com/sitepdfs/YW6uI3KOrJwF9cp6GDr9
        ⚠️ No PDF link found for: Untitled Document
        ✅ Saved: 32. Inverse Trigonometric Functions -> https://www.selfstudys.com/sitepdfs/rSNe0r5t9BH9W4gsiTDc
        ✅ Saved: Untitled Document -> https://www.selfstudys.com/sitepdfs/rSNe0r5t9BH9W4gsiTDc
        ⚠️ No PDF link found for: Untitled Document
        ✅ Saved: 43. Matrices -> https://www.selfstudys.com/sitepdfs/8izAP3r3Z5LPVbPJK8Hd
        ✅ Saved: Untitled Document -> https://www.selfstudys.com/sitepdfs/8izAP3r3Z5LPVbPJK8Hd
        ⚠️ No PDF link found for: Untitled Document
        ✅ Saved: 54. Determinants -> https://www.selfstudys.com/sitepdfs/KxrwMzqNHOlSXtl7JnXN
        ✅ Saved: Untitled Document -> https://www.selfstudys.com/sitepdfs/KxrwMzqNHOlSXtl7JnXN
        ⚠️ No PDF link found for: Untitled Document
        ✅ Saved: 65. Continuity And Differentiability -> https://www.selfstudys.com/sitepdfs/bgmckOnk1aUEFBcCk0Vi
        ❌ Error scraping PDF page https://www.selfstudys.com/books/haryana/state-books/class-12th/mathematics-part-1/5-continuity-and-differentiability/447618: aborted
        ⚠️ No PDF link found for: Untitled Document
        ✅ Saved: 76. Application Of Derivatives -> https://www.selfstudys.com/sitepdfs/4s9d4Ne0yiFojsTRAdqP
        ✅ Saved: Untitled Document -> https://www.selfstudys.com/sitepdfs/4s9d4Ne0yiFojsTRAdqP
        ⚠️ No PDF link found for: Untitled Document
        ✅ Saved: 8Answers -> https://www.selfstudys.com/sitepdfs/P310fixFc4xHEKVocZB9
        ✅ Saved: Untitled Document -> https://www.selfstudys.com/sitepdfs/P310fixFc4xHEKVocZB9
        ⚠️ No PDF link found for: Untitled Document
        ✅ Saved: 9Appendix I -> https://www.selfstudys.com/sitepdfs/qDX13laIHdeZJeH9VCLr
        ✅ Saved: Untitled Document -> https://www.selfstudys.com/sitepdfs/qDX13laIHdeZJeH9VCLr
        ⚠️ No PDF link found for: Untitled Document
        ✅ Saved: 10Appendix II -> https://www.selfstudys.com/sitepdfs/8hGR8oLhVf9ik3pBHo2N
        ✅ Saved: Untitled Document -> https://www.selfstudys.com/sitepdfs/8hGR8oLhVf9ik3pBHo2N
        ⚠️ No PDF link found for: Untitled Document
      Scraping Subject: 2. Mathematics Part - 2 (URL: https://www.selfstudys.com/books/haryana/state-books/class-12th/mathematics-part-2/27578)
        Found 21 PDF items for subject 2. Mathematics Part - 2.
        ✅ Saved: 17. Integrals -> https://www.selfstudys.com/sitepdfs/Qv9ROhWYtJzMD1rnK5Fv
        ✅ Saved: Untitled Document -> https://www.selfstudys.com/sitepdfs/Qv9ROhWYtJzMD1rnK5Fv
        ⚠️ No PDF link found for: Untitled Document
        ✅ Saved: 28. Application Of Integrals -> https://www.selfstudys.com/sitepdfs/PfYYNQb78iKsq6wnJ2q6
        ✅ Saved: Untitled Document -> https://www.selfstudys.com/sitepdfs/PfYYNQb78iKsq6wnJ2q6
        ⚠️ No PDF link found for: Untitled Document
        ✅ Saved: 39. Differential Equations -> https://www.selfstudys.com/sitepdfs/TPydJwxt8LM1rC7If4Cu
        ✅ Saved: Untitled Document -> https://www.selfstudys.com/sitepdfs/TPydJwxt8LM1rC7If4Cu
        ⚠️ No PDF link found for: Untitled Document
        ✅ Saved: 410. Vector Algebra -> https://www.selfstudys.com/sitepdfs/VA8LAdyLRKt4YSy0VUwO
        ✅ Saved: Untitled Document -> https://www.selfstudys.com/sitepdfs/VA8LAdyLRKt4YSy0VUwO
        ⚠️ No PDF link found for: Untitled Document
        ✅ Saved: 511. Three Dimensional Geometry -> https://www.selfstudys.com/sitepdfs/tZ65XwL7G3e0THN0LM0m
        ✅ Saved: Untitled Document -> https://www.selfstudys.com/sitepdfs/tZ65XwL7G3e0THN0LM0m
        ⚠️ No PDF link found for: Untitled Document
        ✅ Saved: 612. Linear Programming -> https://www.selfstudys.com/sitepdfs/htiwDGYlzDnLtOnQhLnN
        ✅ Saved: Untitled Document -> https://www.selfstudys.com/sitepdfs/htiwDGYlzDnLtOnQhLnN
        ⚠️ No PDF link found for: Untitled Document
        ✅ Saved: 713. Probability -> https://www.selfstudys.com/sitepdfs/0ZrEq1niYncfjC1EMy5H
        ✅ Saved: Untitled Document -> https://www.selfstudys.com/sitepdfs/0ZrEq1niYncfjC1EMy5H
        ❌ Error scraping PDF page https://www.selfstudys.com/advance-pdf-viewer/haryana/state-books/class-12th/mathematics-part-2/13-probability/447628: aborted
      Scraping Subject: 3. Physics Part - I (URL: https://www.selfstudys.com/books/haryana/state-books/class-12th/physics-part-i/27581)
        Found 30 PDF items for subject 3. Physics Part - I.
        ✅ Saved: 1Prelims -> https://www.selfstudys.com/sitepdfs/3AXvJZMdpzDBTyupI60v
        ✅ Saved: Untitled Document -> https://www.selfstudys.com/sitepdfs/3AXvJZMdpzDBTyupI60v
        ⚠️ No PDF link found for: Untitled Document
        ✅ Saved: 21. Electric Charges And Fields -> https://www.selfstudys.com/sitepdfs/IrRdHPaTqLbP24jdmBof
        ✅ Saved: Untitled Document -> https://www.selfstudys.com/sitepdfs/IrRdHPaTqLbP24jdmBof
        ⚠️ No PDF link found for: Untitled Document
        ✅ Saved: 32. Electrostatic Potential And Capacitance -> https://www.selfstudys.com/sitepdfs/rUOxyUFmdMzIkbYBSz9n
        ✅ Saved: Untitled Document -> https://www.selfstudys.com/sitepdfs/rUOxyUFmdMzIkbYBSz9n
        ⚠️ No PDF link found for: Untitled Document
        ✅ Saved: 43. Current Electricity -> https://www.selfstudys.com/sitepdfs/H3BFdqqZzr7n0IKdCAGj
        ✅ Saved: Untitled Document -> https://www.selfstudys.com/sitepdfs/H3BFdqqZzr7n0IKdCAGj
        ⚠️ No PDF link found for: Untitled Document
        ✅ Saved: 54. Moving Charges And Magnetism -> https://www.selfstudys.com/sitepdfs/B1EHAGB85GXXQWqLGdoX
        ✅ Saved: Untitled Document -> https://www.selfstudys.com/sitepdfs/B1EHAGB85GXXQWqLGdoX
        ⚠️ No PDF link found for: Untitled Document
        ✅ Saved: 65. Magnetism And Matter -> https://www.selfstudys.com/sitepdfs/Osx9s6RQSvbHZKUak6hD
        ✅ Saved: Untitled Document -> https://www.selfstudys.com/sitepdfs/Osx9s6RQSvbHZKUak6hD
        ⚠️ No PDF link found for: Untitled Document
        ✅ Saved: 76. Electromagnetic Induction -> https://www.selfstudys.com/sitepdfs/NQXtg7Cw51x8vz5oVHCG
        ✅ Saved: Untitled Document -> https://www.selfstudys.com/sitepdfs/NQXtg7Cw51x8vz5oVHCG
        ⚠️ No PDF link found for: Untitled Document
        ✅ Saved: 87. Alternating Current -> https://www.selfstudys.com/sitepdfs/68OfXCBIFjMZSwnX3Tok
        ✅ Saved: Untitled Document -> https://www.selfstudys.com/sitepdfs/68OfXCBIFjMZSwnX3Tok
        ⚠️ No PDF link found for: Untitled Document
        ✅ Saved: 98. Electromagnetic Waves -> https://www.selfstudys.com/sitepdfs/aKR8bU9BPirPUdq3sdls
        ✅ Saved: Untitled Document -> https://www.selfstudys.com/sitepdfs/aKR8bU9BPirPUdq3sdls
        ⚠️ No PDF link found for: Untitled Document
        ✅ Saved: 10Answers -> https://www.selfstudys.com/sitepdfs/cKYqVUaLTzYiejH2bJ1W
        ✅ Saved: Untitled Document -> https://www.selfstudys.com/sitepdfs/cKYqVUaLTzYiejH2bJ1W
        ⚠️ No PDF link found for: Untitled Document
      Scraping Subject: 4. Physics Part - II (URL: https://www.selfstudys.com/books/haryana/state-books/class-12th/physics-part-ii/27582)
        Found 30 PDF items for subject 4. Physics Part - II.
        ✅ Saved: 1Prelims -> https://www.selfstudys.com/sitepdfs/rRHtEHZRkk4xWC0JCz6X
        ✅ Saved: Untitled Document -> https://www.selfstudys.com/sitepdfs/rRHtEHZRkk4xWC0JCz6X
        ⚠️ No PDF link found for: Untitled Document
        ✅ Saved: 21. Ray Optics And Optical Instruments -> https://www.selfstudys.com/sitepdfs/gM2a7KoALz6h8HEu1UkA
        ✅ Saved: Untitled Document -> https://www.selfstudys.com/sitepdfs/gM2a7KoALz6h8HEu1UkA
        ⚠️ No PDF link found for: Untitled Document
        ✅ Saved: 32. Wave Optics -> https://www.selfstudys.com/sitepdfs/KvoHe7jYvTuDKFVNCVHe
        ✅ Saved: Untitled Document -> https://www.selfstudys.com/sitepdfs/KvoHe7jYvTuDKFVNCVHe
        ⚠️ No PDF link found for: Untitled Document
        ✅ Saved: 43. Dual Nature Of Radiation And Matter -> https://www.selfstudys.com/sitepdfs/VXvMOSeZ1e06Uvc3FrtJ
        ✅ Saved: Untitled Document -> https://www.selfstudys.com/sitepdfs/VXvMOSeZ1e06Uvc3FrtJ
        ⚠️ No PDF link found for: Untitled Document
        ✅ Saved: 54. Atoms -> https://www.selfstudys.com/sitepdfs/UzD8exBhpXYCcMFORWQW
        ❌ Error scraping PDF page https://www.selfstudys.com/books/haryana/state-books/class-12th/physics-part-ii/4-atoms/447653: aborted
        ⚠️ No PDF link found for: Untitled Document
        ✅ Saved: 65. Nuclei -> https://www.selfstudys.com/sitepdfs/IiBxlIZREUOL138lF54j
        ✅ Saved: Untitled Document -> https://www.selfstudys.com/sitepdfs/IiBxlIZREUOL138lF54j
        ⚠️ No PDF link found for: Untitled Document
        ✅ Saved: 76. Semiconductor Electronics - Materials, Devices & Simple Circuits -> https://www.selfstudys.com/sitepdfs/4zbzXThvb7RJCGHEq1Ss
        ✅ Saved: Untitled Document -> https://www.selfstudys.com/sitepdfs/4zbzXThvb7RJCGHEq1Ss
        ⚠️ No PDF link found for: Untitled Document
        ✅ Saved: 8Answers -> https://www.selfstudys.com/sitepdfs/HJgs7FcngXguhzaRFoKl
        ✅ Saved: Untitled Document -> https://www.selfstudys.com/sitepdfs/HJgs7FcngXguhzaRFoKl
        ⚠️ No PDF link found for: Untitled Document
        ✅ Saved: 9Appendices -> https://www.selfstudys.com/sitepdfs/EATG4WyjgMWakLCKIE1u
        ✅ Saved: Untitled Document -> https://www.selfstudys.com/sitepdfs/EATG4WyjgMWakLCKIE1u
        ⚠️ No PDF link found for: Untitled Document
        ✅ Saved: 10Bibliography -> https://www.selfstudys.com/sitepdfs/Be62Lahk1ghTJgVEq3WQ
        ✅ Saved: Untitled Document -> https://www.selfstudys.com/sitepdfs/Be62Lahk1ghTJgVEq3WQ
        ⚠️ No PDF link found for: Untitled Document
      Scraping Subject: 5. Accountancy - I (URL: https://www.selfstudys.com/books/haryana/state-books/class-12th/accountancy-i/27583)
        Found 18 PDF items for subject 5. Accountancy - I.
        ✅ Saved: 1Prelims -> https://www.selfstudys.com/sitepdfs/isMPItDRoppM2jUHZ73G
        ✅ Saved: Untitled Document -> https://www.selfstudys.com/sitepdfs/isMPItDRoppM2jUHZ73G
        ⚠️ No PDF link found for: Untitled Document
        ✅ Saved: 21. Accounting for Not-for-Profit Organisation -> https://www.selfstudys.com/sitepdfs/2fiD5KPv41r0r0Fz0Nhb
        ✅ Saved: Untitled Document -> https://www.selfstudys.com/sitepdfs/2fiD5KPv41r0r0Fz0Nhb
        ⚠️ No PDF link found for: Untitled Document
        ✅ Saved: 32. Accounting for Partnership - Basic Concepts -> https://www.selfstudys.com/sitepdfs/z4WAkvNj4S7ugUeWyrjP
        ✅ Saved: Untitled Document -> https://www.selfstudys.com/sitepdfs/z4WAkvNj4S7ugUeWyrjP
        ⚠️ No PDF link found for: Untitled Document
        ✅ Saved: 43. Reconstitution of a Partnership Firm – Admission of a Partner -> https://www.selfstudys.com/sitepdfs/m8MQmx7HKYe1YqBunewd
        ✅ Saved: Untitled Document -> https://www.selfstudys.com/sitepdfs/m8MQmx7HKYe1YqBunewd
        ⚠️ No PDF link found for: Untitled Document
        ✅ Saved: 54. Reconstitution of a Partnership Firm – Retirement-Death of a Partner -> https://www.selfstudys.com/sitepdfs/bYYS8YoBWcT5C5htMeyy
        ✅ Saved: Untitled Document -> https://www.selfstudys.com/sitepdfs/bYYS8YoBWcT5C5htMeyy
        ⚠️ No PDF link found for: Untitled Document
        ✅ Saved: 65. Dissolution of Partnership Firm -> https://www.selfstudys.com/sitepdfs/u2abfNIYbhDKBW2HRwT5
        ✅ Saved: Untitled Document -> https://www.selfstudys.com/sitepdfs/u2abfNIYbhDKBW2HRwT5
        ⚠️ No PDF link found for: Untitled Document
      Scraping Subject: 6. Accountancy - II (URL: https://www.selfstudys.com/books/haryana/state-books/class-12th/accountancy-ii/27584)
        Found 21 PDF items for subject 6. Accountancy - II.
        ✅ Saved: 1Prelims -> https://www.selfstudys.com/sitepdfs/D2Y6zgeSB0u3T8C3ca8A
        ✅ Saved: Untitled Document -> https://www.selfstudys.com/sitepdfs/D2Y6zgeSB0u3T8C3ca8A
        ⚠️ No PDF link found for: Untitled Document
        ✅ Saved: 21. Accounting for Share Capital -> https://www.selfstudys.com/sitepdfs/VePXkj3RKyQkliOeDGIh
        ✅ Saved: Untitled Document -> https://www.selfstudys.com/sitepdfs/VePXkj3RKyQkliOeDGIh
        ⚠️ No PDF link found for: Untitled Document
        ✅ Saved: 32. Issue and Redemption of Debentures -> https://www.selfstudys.com/sitepdfs/XnMM39uYRh94UohjnLC0
        ✅ Saved: Untitled Document -> https://www.selfstudys.com/sitepdfs/XnMM39uYRh94UohjnLC0
        ⚠️ No PDF link found for: Untitled Document
        ✅ Saved: 43. Financial Statements of a Company -> https://www.selfstudys.com/sitepdfs/MzivJGN3i6zAKXOZdqEF
        ✅ Saved: Untitled Document -> https://www.selfstudys.com/sitepdfs/MzivJGN3i6zAKXOZdqEF
        ⚠️ No PDF link found for: Untitled Document
        ✅ Saved: 54. Analysis of Financial Statements -> https://www.selfstudys.com/sitepdfs/xxwEvUIsCoNgGm3Pj3iL
        ✅ Saved: Untitled Document -> https://www.selfstudys.com/sitepdfs/xxwEvUIsCoNgGm3Pj3iL
        ⚠️ No PDF link found for: Untitled Document
        ✅ Saved: 65. Accounting Ratios -> https://www.selfstudys.com/sitepdfs/LJtADNa3XaV9sDW2lliP
        ✅ Saved: Untitled Document -> https://www.selfstudys.com/sitepdfs/LJtADNa3XaV9sDW2lliP
        ⚠️ No PDF link found for: Untitled Document
        ✅ Saved: 76. Cash Flow Statement -> https://www.selfstudys.com/sitepdfs/5DxFuCrjfVhKO2mvqYqo
        ✅ Saved: Untitled Document -> https://www.selfstudys.com/sitepdfs/5DxFuCrjfVhKO2mvqYqo
        ⚠️ No PDF link found for: Untitled Document
      Scraping Subject: 7. Computerised Accounting System (URL: https://www.selfstudys.com/books/haryana/state-books/class-12th/computerised-accounting-system/27585)
        Found 18 PDF items for subject 7. Computerised Accounting System.
        ✅ Saved: 1Prelims -> https://www.selfstudys.com/sitepdfs/3YfcS05JdGk9bfmsKT0y
        ✅ Saved: Untitled Document -> https://www.selfstudys.com/sitepdfs/3YfcS05JdGk9bfmsKT0y
        ⚠️ No PDF link found for: Untitled Document
        ✅ Saved: 21. Overview of Computerised Accounting System -> https://www.selfstudys.com/sitepdfs/8yYAPCbtGUCig2SKakkq
        ✅ Saved: Untitled Document -> https://www.selfstudys.com/sitepdfs/8yYAPCbtGUCig2SKakkq
        ⚠️ No PDF link found for: Untitled Document
        ✅ Saved: 32. Spreadsheet -> https://www.selfstudys.com/sitepdfs/rJrzT7fbrBOrkTTJat8H
        ✅ Saved: Untitled Document -> https://www.selfstudys.com/sitepdfs/rJrzT7fbrBOrkTTJat8H
        ⚠️ No PDF link found for: Untitled Document
        ✅ Saved: 43. Use Of Spreadsheet In Business Applications -> https://www.selfstudys.com/sitepdfs/8BoPNmbfDYqKR2Xi0Tb4
        ✅ Saved: Untitled Document -> https://www.selfstudys.com/sitepdfs/8BoPNmbfDYqKR2Xi0Tb4
        ⚠️ No PDF link found for: Untitled Document
        ✅ Saved: 54. Graphs And Charts For Business Data -> https://www.selfstudys.com/sitepdfs/mJBV1MKJuENRMpsZKoZ7
        ✅ Saved: Untitled Document -> https://www.selfstudys.com/sitepdfs/mJBV1MKJuENRMpsZKoZ7
        ⚠️ No PDF link found for: Untitled Document
        ✅ Saved: 65. Data Base Management System For Accounting -> https://www.selfstudys.com/sitepdfs/b4EHrPA52akATLbXvKO2
        ✅ Saved: Untitled Document -> https://www.selfstudys.com/sitepdfs/b4EHrPA52akATLbXvKO2
        ⚠️ No PDF link found for: Untitled Document
      Scraping Subject: 8. Flamingo (URL: https://www.selfstudys.com/books/haryana/state-books/class-12th/flamingo/27588)
        Found 45 PDF items for subject 8. Flamingo.
        ✅ Saved: 1Prelims -> https://www.selfstudys.com/sitepdfs/v4HrNLJP5Hy5MUHT4JLG
        ✅ Saved: Untitled Document -> https://www.selfstudys.com/sitepdfs/v4HrNLJP5Hy5MUHT4JLG
        ⚠️ No PDF link found for: Untitled Document
        ✅ Saved: 21. The Last Lesson -> https://www.selfstudys.com/sitepdfs/vyjpzlybuIWEeKGfUYhe
        ✅ Saved: Untitled Document -> https://www.selfstudys.com/sitepdfs/vyjpzlybuIWEeKGfUYhe
        ⚠️ No PDF link found for: Untitled Document
        ✅ Saved: 32. Lost Spring -> https://www.selfstudys.com/sitepdfs/oGmGo7LSz1Cuaa0zegvW
        ✅ Saved: Untitled Document -> https://www.selfstudys.com/sitepdfs/oGmGo7LSz1Cuaa0zegvW
        ⚠️ No PDF link found for: Untitled Document
        ✅ Saved: 43. Deep Water -> https://www.selfstudys.com/sitepdfs/KBVDYHOfZxJGfTxBR4iG
        ✅ Saved: Untitled Document -> https://www.selfstudys.com/sitepdfs/KBVDYHOfZxJGfTxBR4iG
        ⚠️ No PDF link found for: Untitled Document
        ✅ Saved: 54. The Rattrap -> https://www.selfstudys.com/sitepdfs/bidqXyJRr0vYRRFTzCtP
        ✅ Saved: Untitled Document -> https://www.selfstudys.com/sitepdfs/bidqXyJRr0vYRRFTzCtP
        ⚠️ No PDF link found for: Untitled Document
        ✅ Saved: 65. Indigo -> https://www.selfstudys.com/sitepdfs/RVVmhV4ABA5rKMepVJjz
        ✅ Saved: Untitled Document -> https://www.selfstudys.com/sitepdfs/RVVmhV4ABA5rKMepVJjz
        ⚠️ No PDF link found for: Untitled Document
        ✅ Saved: 76. Poets and Pancakes -> https://www.selfstudys.com/sitepdfs/dLjtjH5VVrPDkbEvuEX2
        ✅ Saved: Untitled Document -> https://www.selfstudys.com/sitepdfs/dLjtjH5VVrPDkbEvuEX2
        ⚠️ No PDF link found for: Untitled Document
        ✅ Saved: 87. The Interview -> https://www.selfstudys.com/sitepdfs/s2fAQfe4K8EkPfCQyznd
        ✅ Saved: Untitled Document -> https://www.selfstudys.com/sitepdfs/s2fAQfe4K8EkPfCQyznd
        ⚠️ No PDF link found for: Untitled Document
        ✅ Saved: 98. Going Places -> https://www.selfstudys.com/sitepdfs/yuuuX3HE2vC8A9QYi2MM
        ✅ Saved: Untitled Document -> https://www.selfstudys.com/sitepdfs/yuuuX3HE2vC8A9QYi2MM
        ⚠️ No PDF link found for: Untitled Document
        ✅ Saved: 109. My Mother at Sixty-six (Poem) -> https://www.selfstudys.com/sitepdfs/s4PnxC04osaM3xFFADjS
        ✅ Saved: Untitled Document -> https://www.selfstudys.com/sitepdfs/s4PnxC04osaM3xFFADjS
        ⚠️ No PDF link found for: Untitled Document
        ✅ Saved: 1110. An Elementary School (Poem) -> https://www.selfstudys.com/sitepdfs/HRZHTc08aQiY9hyyEqSF
        ✅ Saved: Untitled Document -> https://www.selfstudys.com/sitepdfs/HRZHTc08aQiY9hyyEqSF
        ⚠️ No PDF link found for: Untitled Document
        ✅ Saved: 1211. Keeping Quiet (Poem) -> https://www.selfstudys.com/sitepdfs/mIe6QkOOWNPYepySL3FT
        ✅ Saved: Untitled Document -> https://www.selfstudys.com/sitepdfs/mIe6QkOOWNPYepySL3FT
        ⚠️ No PDF link found for: Untitled Document
        ✅ Saved: 1312. A Thing of Beauty (Poem) -> https://www.selfstudys.com/sitepdfs/p8OT2dkiqaUCqojCdjYZ
        ✅ Saved: Untitled Document -> https://www.selfstudys.com/sitepdfs/p8OT2dkiqaUCqojCdjYZ
        ⚠️ No PDF link found for: Untitled Document
        ✅ Saved: 1413. A Roadside Stand (Poem) -> https://www.selfstudys.com/sitepdfs/3xZP1X6jbTHHL7FA7QGV
        ✅ Saved: Untitled Document -> https://www.selfstudys.com/sitepdfs/3xZP1X6jbTHHL7FA7QGV
        ⚠️ No PDF link found for: Untitled Document
        ✅ Saved: 1514. Aunt Jennifer’s Tigers (Poem) -> https://www.selfstudys.com/sitepdfs/YlxS3YOUuY4FRbnjW18v
        ✅ Saved: Untitled Document -> https://www.selfstudys.com/sitepdfs/YlxS3YOUuY4FRbnjW18v
        ⚠️ No PDF link found for: Untitled Document
      Scraping Subject: 9. kaliedoscope (URL: https://www.selfstudys.com/books/haryana/state-books/class-12th/kaliedoscope/27590)
        Found 66 PDF items for subject 9. kaliedoscope.
        ✅ Saved: 1Prelims -> https://www.selfstudys.com/sitepdfs/rH6Q09xfueJ7205IDUEC
        ✅ Saved: Untitled Document -> https://www.selfstudys.com/sitepdfs/rH6Q09xfueJ7205IDUEC
        ⚠️ No PDF link found for: Untitled Document
        ✅ Saved: 21. Sell My Dreams - Short Stories -> https://www.selfstudys.com/sitepdfs/UH1nrQ6pUuyMjpBpZP2Y
        ✅ Saved: Untitled Document -> https://www.selfstudys.com/sitepdfs/UH1nrQ6pUuyMjpBpZP2Y
        ⚠️ No PDF link found for: Untitled Document
        ✅ Saved: 32. Eveline - Short Stories -> https://www.selfstudys.com/sitepdfs/ZNjHX4cjOnHjyG2LkFXp
        ✅ Saved: Untitled Document -> https://www.selfstudys.com/sitepdfs/ZNjHX4cjOnHjyG2LkFXp
        ⚠️ No PDF link found for: Untitled Document
        ✅ Saved: 43. A Wedding In Brownsville - Short Stories -> https://www.selfstudys.com/sitepdfs/9Vg5N3N7A0gEIsssY6W8
        ✅ Saved: Untitled Document -> https://www.selfstudys.com/sitepdfs/9Vg5N3N7A0gEIsssY6W8
        ⚠️ No PDF link found for: Untitled Document
        ✅ Saved: 54. Tomorrow - Short Stories -> https://www.selfstudys.com/sitepdfs/wosKlJBBdRWEVeHGFimm
        ✅ Saved: Untitled Document -> https://www.selfstudys.com/sitepdfs/wosKlJBBdRWEVeHGFimm
        ⚠️ No PDF link found for: Untitled Document
        ✅ Saved: 65. One Centimetre - Short Stories -> https://www.selfstudys.com/sitepdfs/t2WNFwh9eXm8RNn7nC7V
        ✅ Saved: Untitled Document -> https://www.selfstudys.com/sitepdfs/t2WNFwh9eXm8RNn7nC7V
        ⚠️ No PDF link found for: Untitled Document
        ✅ Saved: 76. A Lecture Upon the Shadow - Poerty -> https://www.selfstudys.com/sitepdfs/u0TYhtLP6XQUSn3hJPbC
        ✅ Saved: Untitled Document -> https://www.selfstudys.com/sitepdfs/u0TYhtLP6XQUSn3hJPbC
        ❌ Error scraping PDF page https://www.selfstudys.com/advance-pdf-viewer/haryana/state-books/class-12th/kaliedoscope/6-a-lecture-upon-the-shadow-poerty/447737: aborted
        ✅ Saved: 87. Poems By Milton - Poerty -> https://www.selfstudys.com/sitepdfs/ihM9mi7RQMq5rK9O3fRp
        ✅ Saved: Untitled Document -> https://www.selfstudys.com/sitepdfs/ihM9mi7RQMq5rK9O3fRp
        ⚠️ No PDF link found for: Untitled Document
        ✅ Saved: 98. Poems By Blake - Poerty -> https://www.selfstudys.com/sitepdfs/UW4QYEeyz0dDPdJktwT5
        ✅ Saved: Untitled Document -> https://www.selfstudys.com/sitepdfs/UW4QYEeyz0dDPdJktwT5
        ⚠️ No PDF link found for: Untitled Document
        ✅ Saved: 109. Kubla Khan or A Vision In a Dream A Fragment - Poerty -> https://www.selfstudys.com/sitepdfs/iIotyJQWORtcSEB9EmCY
        ❌ Error scraping PDF page https://www.selfstudys.com/books/haryana/state-books/class-12th/kaliedoscope/9-kubla-khan-or-a-vision-in-a-dream-a-fragment-poerty/447734: aborted
        ⚠️ No PDF link found for: Untitled Document
        ✅ Saved: 1110. Trees - Poerty -> https://www.selfstudys.com/sitepdfs/TuwWvxNyAk22xeqhJxS8
        ✅ Saved: Untitled Document -> https://www.selfstudys.com/sitepdfs/TuwWvxNyAk22xeqhJxS8
        ⚠️ No PDF link found for: Untitled Document
        ✅ Saved: 1211. The Wild Swans At Coole - Poerty -> https://www.selfstudys.com/sitepdfs/Y8v2r8B4GVFcE714qvCx
        ✅ Saved: Untitled Document -> https://www.selfstudys.com/sitepdfs/Y8v2r8B4GVFcE714qvCx
        ⚠️ No PDF link found for: Untitled Document
        ✅ Saved: 1312. Time & Time Again - Poerty -> https://www.selfstudys.com/sitepdfs/wPXAkW5qPrZgiPQlFneg
        ✅ Saved: Untitled Document -> https://www.selfstudys.com/sitepdfs/wPXAkW5qPrZgiPQlFneg
        ⚠️ No PDF link found for: Untitled Document
        ✅ Saved: 1413. Blood - Poerty -> https://www.selfstudys.com/sitepdfs/Mvyhk191BgBknFLc0KaM
        ✅ Saved: Untitled Document -> https://www.selfstudys.com/sitepdfs/Mvyhk191BgBknFLc0KaM
        ⚠️ No PDF link found for: Untitled Document
        ✅ Saved: 1514. Freedom - Non Fiction -> https://www.selfstudys.com/sitepdfs/4rgyGE1f7zqcOaoVV27D
        ✅ Saved: Untitled Document -> https://www.selfstudys.com/sitepdfs/4rgyGE1f7zqcOaoVV27D
        ⚠️ No PDF link found for: Untitled Document
        ✅ Saved: 1615. The Mark On the Wall - Non Fiction -> https://www.selfstudys.com/sitepdfs/CQKgoejgR5RQgkYv39Wo
        ✅ Saved: Untitled Document -> https://www.selfstudys.com/sitepdfs/CQKgoejgR5RQgkYv39Wo
        ⚠️ No PDF link found for: Untitled Document
        ✅ Saved: 1716. Film-making - Non Fiction -> https://www.selfstudys.com/sitepdfs/t9uHCBVTKbXEeMvcG0Hw
        ✅ Saved: Untitled Document -> https://www.selfstudys.com/sitepdfs/t9uHCBVTKbXEeMvcG0Hw
        ⚠️ No PDF link found for: Untitled Document
        ✅ Saved: 1817. Why the Novel Matters - Non Fiction -> https://www.selfstudys.com/sitepdfs/mACrCUy8SIwl2W9RvkE9
        ✅ Saved: Untitled Document -> https://www.selfstudys.com/sitepdfs/mACrCUy8SIwl2W9RvkE9
        ⚠️ No PDF link found for: Untitled Document
        ✅ Saved: 1918. The Argumentative Indian - Non Fiction -> https://www.selfstudys.com/sitepdfs/MZTk4sspjn0257kUEH36
        ✅ Saved: Untitled Document -> https://www.selfstudys.com/sitepdfs/MZTk4sspjn0257kUEH36
        ⚠️ No PDF link found for: Untitled Document
        ✅ Saved: 2019. On Science Fiction - Non Fiction -> https://www.selfstudys.com/sitepdfs/sMmDUpApVw6IX3RQcbyG
        ✅ Saved: Untitled Document -> https://www.selfstudys.com/sitepdfs/sMmDUpApVw6IX3RQcbyG
        ⚠️ No PDF link found for: Untitled Document
        ✅ Saved: 2120. Chandalika - Drama -> https://www.selfstudys.com/sitepdfs/DiwKR2XiaIcirvuCVcNx
        ✅ Saved: Untitled Document -> https://www.selfstudys.com/sitepdfs/DiwKR2XiaIcirvuCVcNx
        ⚠️ No PDF link found for: Untitled Document
        ✅ Saved: 2221. Broken Images - Drama -> https://www.selfstudys.com/sitepdfs/uXHeD0O8cHcBTsaZpdoT
        ✅ Saved: Untitled Document -> https://www.selfstudys.com/sitepdfs/uXHeD0O8cHcBTsaZpdoT
        ⚠️ No PDF link found for: Untitled Document
      Scraping Subject: 10. Vistas (URL: https://www.selfstudys.com/books/haryana/state-books/class-12th/vistas/27591)
        Found 27 PDF items for subject 10. Vistas.
        ✅ Saved: 1Prelims -> https://www.selfstudys.com/sitepdfs/1r3xzWL8n8vLyVdxpU2o
        ✅ Saved: Untitled Document -> https://www.selfstudys.com/sitepdfs/1r3xzWL8n8vLyVdxpU2o
        ⚠️ No PDF link found for: Untitled Document
        ✅ Saved: 21. The Third Level -> https://www.selfstudys.com/sitepdfs/Z8D70QvBl71tUdZ3XEKK
        ✅ Saved: Untitled Document -> https://www.selfstudys.com/sitepdfs/Z8D70QvBl71tUdZ3XEKK
        ⚠️ No PDF link found for: Untitled Document
        ✅ Saved: 32. The Tiger King -> https://www.selfstudys.com/sitepdfs/4GIhlnBqqZCIMV0Anp6e
        ✅ Saved: Untitled Document -> https://www.selfstudys.com/sitepdfs/4GIhlnBqqZCIMV0Anp6e
        ⚠️ No PDF link found for: Untitled Document
        ✅ Saved: 43. Journey to the End of the Earth -> https://www.selfstudys.com/sitepdfs/A3muA7RMjMiCZJZghoKn
        ✅ Saved: Untitled Document -> https://www.selfstudys.com/sitepdfs/A3muA7RMjMiCZJZghoKn
        ⚠️ No PDF link found for: Untitled Document
        ✅ Saved: 54. The Enemy -> https://www.selfstudys.com/sitepdfs/BOd2rk2ZprRxWUicxgmh
        ✅ Saved: Untitled Document -> https://www.selfstudys.com/sitepdfs/BOd2rk2ZprRxWUicxgmh
        ⚠️ No PDF link found for: Untitled Document
        ✅ Saved: 65. Should Wizard Hit Mommy -> https://www.selfstudys.com/sitepdfs/YLFvdUxnbjlEi2RMwkjG
        ✅ Saved: Untitled Document -> https://www.selfstudys.com/sitepdfs/YLFvdUxnbjlEi2RMwkjG
        ⚠️ No PDF link found for: Untitled Document
        ✅ Saved: 76. On The Face Of It -> https://www.selfstudys.com/sitepdfs/SWQN8WaQ5ybhNwtMv3NS
        ✅ Saved: Untitled Document -> https://www.selfstudys.com/sitepdfs/SWQN8WaQ5ybhNwtMv3NS
        ⚠️ No PDF link found for: Untitled Document
        ✅ Saved: 87. Evans Tries An O-Level -> https://www.selfstudys.com/sitepdfs/imE7J3sO7azigkdDaUnu
        ✅ Saved: Untitled Document -> https://www.selfstudys.com/sitepdfs/imE7J3sO7azigkdDaUnu
        ⚠️ No PDF link found for: Untitled Document
        ✅ Saved: 98. Memories Of Childhood -> https://www.selfstudys.com/sitepdfs/BbFcHg4CG04SWGTmBFQg
        ✅ Saved: Untitled Document -> https://www.selfstudys.com/sitepdfs/BbFcHg4CG04SWGTmBFQg
        ⚠️ No PDF link found for: Untitled Document
      Scraping Subject: 11. Biology (URL: https://www.selfstudys.com/books/haryana/state-books/class-12th/biology/27596)
        Found 51 PDF items for subject 11. Biology.
        ❌ Error scraping PDF page https://www.selfstudys.com/books/haryana/state-books/class-12th/biology/prelims/447794: aborted
        ✅ Saved: Untitled Document -> https://www.selfstudys.com/sitepdfs/lYGZacYbh4HY32IuxUpF
        ⚠️ No PDF link found for: Untitled Document
        ✅ Saved: 21. Reproduction In Organisms -> https://www.selfstudys.com/sitepdfs/My02DGzncnTisHHWbhiu
        ✅ Saved: Untitled Document -> https://www.selfstudys.com/sitepdfs/My02DGzncnTisHHWbhiu
        ⚠️ No PDF link found for: Untitled Document
        ✅ Saved: 32. Sexual Reproduction In Flowering Plants -> https://www.selfstudys.com/sitepdfs/L5vCEHvoGUEbw3ergOP8
        ✅ Saved: Untitled Document -> https://www.selfstudys.com/sitepdfs/L5vCEHvoGUEbw3ergOP8
        ⚠️ No PDF link found for: Untitled Document
        ✅ Saved: 43. Human Reproduction -> https://www.selfstudys.com/sitepdfs/udjTxZsDi9t2mdwijPXo
        ✅ Saved: Untitled Document -> https://www.selfstudys.com/sitepdfs/udjTxZsDi9t2mdwijPXo
        ⚠️ No PDF link found for: Untitled Document
        ✅ Saved: 54. Reproductive Health -> https://www.selfstudys.com/sitepdfs/DMHdn3SVYoeWwqtppnxe
        ✅ Saved: Untitled Document -> https://www.selfstudys.com/sitepdfs/DMHdn3SVYoeWwqtppnxe
        ⚠️ No PDF link found for: Untitled Document
        ✅ Saved: 65. Principles Of Inheritance And Variation -> https://www.selfstudys.com/sitepdfs/zoqQbAN4JdLagWeWzxVh
        ✅ Saved: Untitled Document -> https://www.selfstudys.com/sitepdfs/zoqQbAN4JdLagWeWzxVh
        ⚠️ No PDF link found for: Untitled Document
        ✅ Saved: 76. Molecular Basis Of Inheritance -> https://www.selfstudys.com/sitepdfs/TZdgInxvuPnCIoixu6Oz
        ✅ Saved: Untitled Document -> https://www.selfstudys.com/sitepdfs/TZdgInxvuPnCIoixu6Oz
        ⚠️ No PDF link found for: Untitled Document
        ✅ Saved: 87. Evolution -> https://www.selfstudys.com/sitepdfs/uHvMnd1hd3IAQssuxfAa
        ✅ Saved: Untitled Document -> https://www.selfstudys.com/sitepdfs/uHvMnd1hd3IAQssuxfAa
        ⚠️ No PDF link found for: Untitled Document
        ✅ Saved: 98. Human Health And Disease -> https://www.selfstudys.com/sitepdfs/PAYTPAHOMjNzmNrYG0q2
        ✅ Saved: Untitled Document -> https://www.selfstudys.com/sitepdfs/PAYTPAHOMjNzmNrYG0q2
        ⚠️ No PDF link found for: Untitled Document
        ✅ Saved: 109. Strategies For Enhancement In Food Production -> https://www.selfstudys.com/sitepdfs/VGFMvE3P5mgsHVmDRo6D
        ✅ Saved: Untitled Document -> https://www.selfstudys.com/sitepdfs/VGFMvE3P5mgsHVmDRo6D
        ⚠️ No PDF link found for: Untitled Document
        ✅ Saved: 1110. Microbes In Human Welfare -> https://www.selfstudys.com/sitepdfs/vMswTh9jUw2CXPtkdPmU
        ✅ Saved: Untitled Document -> https://www.selfstudys.com/sitepdfs/vMswTh9jUw2CXPtkdPmU
        ⚠️ No PDF link found for: Untitled Document
        ✅ Saved: 1211. Biotechnology - Principles And Processes -> https://www.selfstudys.com/sitepdfs/JYEQCx8ktRjbI6HjGrGE
        ✅ Saved: Untitled Document -> https://www.selfstudys.com/sitepdfs/JYEQCx8ktRjbI6HjGrGE
        ⚠️ No PDF link found for: Untitled Document
        ✅ Saved: 1312. Biotechnology And Its Applications -> https://www.selfstudys.com/sitepdfs/pOqISrET23l8NJhVZoKb
        ❌ Error scraping PDF page https://www.selfstudys.com/books/haryana/state-books/class-12th/biology/12-biotechnology-and-its-applications/447777: timeout of 10000ms exceeded
        ⚠️ No PDF link found for: Untitled Document
        ✅ Saved: 1413. Organisms And Populations -> https://www.selfstudys.com/sitepdfs/ZWHQ5fc7Qlbc9KiO7HFI
        ✅ Saved: Untitled Document -> https://www.selfstudys.com/sitepdfs/ZWHQ5fc7Qlbc9KiO7HFI
        ⚠️ No PDF link found for: Untitled Document
        ✅ Saved: 1514. Ecosystem -> https://www.selfstudys.com/sitepdfs/f9m9dEt8AvU96mBjAMWN
        ✅ Saved: Untitled Document -> https://www.selfstudys.com/sitepdfs/f9m9dEt8AvU96mBjAMWN
        ⚠️ No PDF link found for: Untitled Document
        ✅ Saved: 1615. Biodiversity And Conservation -> https://www.selfstudys.com/sitepdfs/ddsdj9TGCsTjVma7U0MI
        ✅ Saved: Untitled Document -> https://www.selfstudys.com/sitepdfs/ddsdj9TGCsTjVma7U0MI
        ⚠️ No PDF link found for: Untitled Document
        ✅ Saved: 1716. Environmental Issues -> https://www.selfstudys.com/sitepdfs/WKO2RVYExxHPHHS47wY2
        ✅ Saved: Untitled Document -> https://www.selfstudys.com/sitepdfs/WKO2RVYExxHPHHS47wY2
        ⚠️ No PDF link found for: Untitled Document
      Scraping Subject: 12. Themes in Indian History - I (URL: https://www.selfstudys.com/books/haryana/state-books/class-12th/themes-in-indian-history-i/27598)
        Found 15 PDF items for subject 12. Themes in Indian History - I.
        ✅ Saved: 1Prelims -> https://www.selfstudys.com/sitepdfs/LcVOz5KQUtRUwLplG7il
        ✅ Saved: Untitled Document -> https://www.selfstudys.com/sitepdfs/LcVOz5KQUtRUwLplG7il
        ⚠️ No PDF link found for: Untitled Document
        ✅ Saved: 21. Bricks, Beads & Bones - The Harappan Civilisation -> https://www.selfstudys.com/sitepdfs/cHFFYrltMZQG02KyjFVL
        ✅ Saved: Untitled Document -> https://www.selfstudys.com/sitepdfs/cHFFYrltMZQG02KyjFVL
        ⚠️ No PDF link found for: Untitled Document
        ✅ Saved: 32. Kings, Farmers & Towns - Early States & Economies (C. 600 BCE-600 CE) -> https://www.selfstudys.com/sitepdfs/5S50q1eA9qrrKkEvIrRM
        ✅ Saved: Untitled Document -> https://www.selfstudys.com/sitepdfs/5S50q1eA9qrrKkEvIrRM
        ⚠️ No PDF link found for: Untitled Document
        ✅ Saved: 43. Kinship, Caste & Class - Early Societies -> https://www.selfstudys.com/sitepdfs/md4whbIkAanZaWIxEP6w
        ✅ Saved: Untitled Document -> https://www.selfstudys.com/sitepdfs/md4whbIkAanZaWIxEP6w
        ⚠️ No PDF link found for: Untitled Document
        ✅ Saved: 54. Thinkers, Beliefs & Buildings - Cultural Developments -> https://www.selfstudys.com/sitepdfs/4oCY8OM39uZH30kZVXs5
        ✅ Saved: Untitled Document -> https://www.selfstudys.com/sitepdfs/4oCY8OM39uZH30kZVXs5
        ⚠️ No PDF link found for: Untitled Document
      Scraping Subject: 13. Themes in Indian History - II (URL: https://www.selfstudys.com/books/haryana/state-books/class-12th/themes-in-indian-history-ii/27599)
        Found 18 PDF items for subject 13. Themes in Indian History - II.
        ✅ Saved: 1Prelims -> https://www.selfstudys.com/sitepdfs/YNVSPnzZEugNE5aMZImz
        ✅ Saved: Untitled Document -> https://www.selfstudys.com/sitepdfs/YNVSPnzZEugNE5aMZImz
        ⚠️ No PDF link found for: Untitled Document
        ✅ Saved: 21. Through the Eyes of Travellers - Perceptions of Society -> https://www.selfstudys.com/sitepdfs/SHm9HJpRnHJ5LB4kH7IH
        ✅ Saved: Untitled Document -> https://www.selfstudys.com/sitepdfs/SHm9HJpRnHJ5LB4kH7IH
        ⚠️ No PDF link found for: Untitled Document
        ✅ Saved: 32. Bhakti – Sufi Traditions - Changes in Religious Beliefs & Devotional Texts (C. Eight to Eighteenth Century) -> https://www.selfstudys.com/sitepdfs/fbFUqTsbS9mduoJHY7Co
        ✅ Saved: Untitled Document -> https://www.selfstudys.com/sitepdfs/fbFUqTsbS9mduoJHY7Co
        ⚠️ No PDF link found for: Untitled Document
        ✅ Saved: 43. An Imperial Capital - Vijayanagara (C. Fourteenth to Sixteenth Century) -> https://www.selfstudys.com/sitepdfs/IrTsE45fO5qOEJIfH3yh
        ✅ Saved: Untitled Document -> https://www.selfstudys.com/sitepdfs/IrTsE45fO5qOEJIfH3yh
        ⚠️ No PDF link found for: Untitled Document
        ✅ Saved: 54. Peasants, Zamindars & The State - Agrarian Society & the Mughal Empire -> https://www.selfstudys.com/sitepdfs/6tBYAW31pNyRUzlV1kaH
        ✅ Saved: Untitled Document -> https://www.selfstudys.com/sitepdfs/6tBYAW31pNyRUzlV1kaH
        ⚠️ No PDF link found for: Untitled Document
        ✅ Saved: 65. Kings & Chroniclesn - The Mughal Courts -> https://www.selfstudys.com/sitepdfs/pJFb7ZPlcJXacNgCGLHG
        ✅ Saved: Untitled Document -> https://www.selfstudys.com/sitepdfs/pJFb7ZPlcJXacNgCGLHG
        ❌ Error scraping PDF page https://www.selfstudys.com/advance-pdf-viewer/haryana/state-books/class-12th/themes-in-indian-history-ii/5-kings-chroniclesn-the-mughal-courts/447824: aborted
      Scraping Subject: 14. Themes in Indian History - III (URL: https://www.selfstudys.com/books/haryana/state-books/class-12th/themes-in-indian-history-iii/27600)
        Error scraping subject 14. Themes in Indian History - III: aborted
      Scraping Subject: 15. Fundamentals of Human Geography (URL: https://www.selfstudys.com/books/haryana/state-books/class-12th/fundamentals-of-human-geography/27601)
        Found 39 PDF items for subject 15. Fundamentals of Human Geography.
        ✅ Saved: 1Prelims -> https://www.selfstudys.com/sitepdfs/5rDFKCWlavf24aIJ6n8M
        ✅ Saved: Untitled Document -> https://www.selfstudys.com/sitepdfs/5rDFKCWlavf24aIJ6n8M
        ⚠️ No PDF link found for: Untitled Document
        ✅ Saved: 21. Human Geography - Nature & Scope -> https://www.selfstudys.com/sitepdfs/PZ3bKEUnGCKHBjnua0kF
        ❌ Error scraping PDF page https://www.selfstudys.com/books/haryana/state-books/class-12th/fundamentals-of-human-geography/1-human-geography-nature-scope/447853: aborted
        ⚠️ No PDF link found for: Untitled Document
        ✅ Saved: 32. The World Population - Distribution, Density & Growth -> https://www.selfstudys.com/sitepdfs/aZTtL2k8STr7RaDv4D3x
        ✅ Saved: Untitled Document -> https://www.selfstudys.com/sitepdfs/aZTtL2k8STr7RaDv4D3x
        ⚠️ No PDF link found for: Untitled Document
        ✅ Saved: 43. Population Composition -> https://www.selfstudys.com/sitepdfs/GCGMsstdBrLd81yKzxYg
        ✅ Saved: Untitled Document -> https://www.selfstudys.com/sitepdfs/GCGMsstdBrLd81yKzxYg
        ⚠️ No PDF link found for: Untitled Document
        ✅ Saved: 54. Human Development -> https://www.selfstudys.com/sitepdfs/YfuqYzrkNqqPcNVozh8K
        ✅ Saved: Untitled Document -> https://www.selfstudys.com/sitepdfs/YfuqYzrkNqqPcNVozh8K
        ⚠️ No PDF link found for: Untitled Document
        ✅ Saved: 65. Primary Activities -> https://www.selfstudys.com/sitepdfs/XfNJCm548trtoikZCOk8
        ✅ Saved: Untitled Document -> https://www.selfstudys.com/sitepdfs/XfNJCm548trtoikZCOk8
        ⚠️ No PDF link found for: Untitled Document
        ✅ Saved: 76. Secondary Activities -> https://www.selfstudys.com/sitepdfs/fUtIIH2c9qEpfdtzRm0Q
        ✅ Saved: Untitled Document -> https://www.selfstudys.com/sitepdfs/fUtIIH2c9qEpfdtzRm0Q
        ⚠️ No PDF link found for: Untitled Document
        ✅ Saved: 87. Tertiary and Quaternary Activities -> https://www.selfstudys.com/sitepdfs/efFP8KIFWF3M1blMkUar
        ✅ Saved: Untitled Document -> https://www.selfstudys.com/sitepdfs/efFP8KIFWF3M1blMkUar
        ⚠️ No PDF link found for: Untitled Document
        ✅ Saved: 98. Transport and Communication -> https://www.selfstudys.com/sitepdfs/0JAkYdSXcclESVLk1ytA
        ✅ Saved: Untitled Document -> https://www.selfstudys.com/sitepdfs/0JAkYdSXcclESVLk1ytA
        ⚠️ No PDF link found for: Untitled Document
        ✅ Saved: 109. International Trade -> https://www.selfstudys.com/sitepdfs/nwimRkxBgXyqgvoHCFWk
        ✅ Saved: Untitled Document -> https://www.selfstudys.com/sitepdfs/nwimRkxBgXyqgvoHCFWk
        ⚠️ No PDF link found for: Untitled Document
        ✅ Saved: 1110. Human Settlements -> https://www.selfstudys.com/sitepdfs/auWfSXYLlwzdQirgHaaV
        ✅ Saved: Untitled Document -> https://www.selfstudys.com/sitepdfs/auWfSXYLlwzdQirgHaaV
        ⚠️ No PDF link found for: Untitled Document
        ✅ Saved: 12Appendix -> https://www.selfstudys.com/sitepdfs/5yiRFt2V5sv6BD2lxGFl
        ✅ Saved: Untitled Document -> https://www.selfstudys.com/sitepdfs/5yiRFt2V5sv6BD2lxGFl
        ⚠️ No PDF link found for: Untitled Document
        ✅ Saved: 13Glossary -> https://www.selfstudys.com/sitepdfs/WFufWfwZcGvaDNtEf3Ig
        ✅ Saved: Untitled Document -> https://www.selfstudys.com/sitepdfs/WFufWfwZcGvaDNtEf3Ig
        ⚠️ No PDF link found for: Untitled Document
      Scraping Subject: 16. Indian - People And Economy (URL: https://www.selfstudys.com/books/haryana/state-books/class-12th/indian-people-and-economy/27602)
        Found 45 PDF items for subject 16. Indian - People And Economy.
        ✅ Saved: 1Prelims -> https://www.selfstudys.com/sitepdfs/urhqRIgtuAwx0rknSc3G
        ✅ Saved: Untitled Document -> https://www.selfstudys.com/sitepdfs/urhqRIgtuAwx0rknSc3G
        ⚠️ No PDF link found for: Untitled Document
        ✅ Saved: 21. Population - Distribution, Density, Growth & Composition -> https://www.selfstudys.com/sitepdfs/ZFhZRJnKKx4N8dE264rD
        ✅ Saved: Untitled Document -> https://www.selfstudys.com/sitepdfs/ZFhZRJnKKx4N8dE264rD
        ⚠️ No PDF link found for: Untitled Document
        ✅ Saved: 32. Migration - Types, Causes & Consequences -> https://www.selfstudys.com/sitepdfs/qxJL0b2pSpBkArBsWVJA
        ✅ Saved: Untitled Document -> https://www.selfstudys.com/sitepdfs/qxJL0b2pSpBkArBsWVJA
        ⚠️ No PDF link found for: Untitled Document
        ✅ Saved: 43. Human Development -> https://www.selfstudys.com/sitepdfs/vySBAUcWqzi0gIL5AjQM
        ✅ Saved: Untitled Document -> https://www.selfstudys.com/sitepdfs/vySBAUcWqzi0gIL5AjQM
        ⚠️ No PDF link found for: Untitled Document
        ✅ Saved: 54. Human Settlements -> https://www.selfstudys.com/sitepdfs/928D2GzzMUeHM6Ai7Rjt
        ✅ Saved: Untitled Document -> https://www.selfstudys.com/sitepdfs/928D2GzzMUeHM6Ai7Rjt
        ⚠️ No PDF link found for: Untitled Document
        ✅ Saved: 65. Land Resources & Agriculture -> https://www.selfstudys.com/sitepdfs/hWTKOUDjso0R1MykVR4z
        ✅ Saved: Untitled Document -> https://www.selfstudys.com/sitepdfs/hWTKOUDjso0R1MykVR4z
        ⚠️ No PDF link found for: Untitled Document
        ✅ Saved: 76. Water Resources -> https://www.selfstudys.com/sitepdfs/VALw30hV2dPxjtzE6aVG
        ✅ Saved: Untitled Document -> https://www.selfstudys.com/sitepdfs/VALw30hV2dPxjtzE6aVG
        ⚠️ No PDF link found for: Untitled Document
        ✅ Saved: 87. Mineral And Energy Resources -> https://www.selfstudys.com/sitepdfs/PBPF2tA5NqeafBEy3DrG
        ✅ Saved: Untitled Document -> https://www.selfstudys.com/sitepdfs/PBPF2tA5NqeafBEy3DrG
        ⚠️ No PDF link found for: Untitled Document
        ✅ Saved: 98. Manufacturing Industries -> https://www.selfstudys.com/sitepdfs/2NDgjgDB4R1DwqnzUfNh
        ✅ Saved: Untitled Document -> https://www.selfstudys.com/sitepdfs/2NDgjgDB4R1DwqnzUfNh
        ⚠️ No PDF link found for: Untitled Document
        ✅ Saved: 109. Planning & Sustainable Development in Indian Context -> https://www.selfstudys.com/sitepdfs/jabpYZbFPabH1fUSMbgT
        ✅ Saved: Untitled Document -> https://www.selfstudys.com/sitepdfs/jabpYZbFPabH1fUSMbgT
        ⚠️ No PDF link found for: Untitled Document
        ✅ Saved: 1110. Transport And Communication -> https://www.selfstudys.com/sitepdfs/GI96a2FX7GfOUZNRRmPN
        ✅ Saved: Untitled Document -> https://www.selfstudys.com/sitepdfs/GI96a2FX7GfOUZNRRmPN
        ⚠️ No PDF link found for: Untitled Document
        ✅ Saved: 1211. International Trade -> https://www.selfstudys.com/sitepdfs/Yzj3Reyaxm7XVQX7VRrB
        ✅ Saved: Untitled Document -> https://www.selfstudys.com/sitepdfs/Yzj3Reyaxm7XVQX7VRrB
        ⚠️ No PDF link found for: Untitled Document
        ✅ Saved: 1312. Geographical Perspective on Selected Issues & Problems -> https://www.selfstudys.com/sitepdfs/Erb4Y9CQQSvAymFROqmB
        ✅ Saved: Untitled Document -> https://www.selfstudys.com/sitepdfs/Erb4Y9CQQSvAymFROqmB
        ⚠️ No PDF link found for: Untitled Document
        ✅ Saved: 14Appendix -> https://www.selfstudys.com/sitepdfs/KkUwWt6LzKWt1q1JDNKB
        ✅ Saved: Untitled Document -> https://www.selfstudys.com/sitepdfs/KkUwWt6LzKWt1q1JDNKB
        ⚠️ No PDF link found for: Untitled Document
        ✅ Saved: 15Glossary -> https://www.selfstudys.com/sitepdfs/LWQirY8uajOM1MOaBNCv
        ✅ Saved: Untitled Document -> https://www.selfstudys.com/sitepdfs/LWQirY8uajOM1MOaBNCv
        ⚠️ No PDF link found for: Untitled Document
      Scraping Subject: 17. Practical Work in Geography Part - II (URL: https://www.selfstudys.com/books/haryana/state-books/class-12th/practical-work-in-geography-part-ii/27603)
        Found 27 PDF items for subject 17. Practical Work in Geography Part - II.
        ✅ Saved: 1Prelims -> https://www.selfstudys.com/sitepdfs/qlThjRYLdWZDx32BPPUe
        ✅ Saved: Untitled Document -> https://www.selfstudys.com/sitepdfs/qlThjRYLdWZDx32BPPUe
        ⚠️ No PDF link found for: Untitled Document
        ✅ Saved: 21. Data - Its Source And Compilation -> https://www.selfstudys.com/sitepdfs/sy6XOPQ9vagom6tDi0FZ
        ✅ Saved: Untitled Document -> https://www.selfstudys.com/sitepdfs/sy6XOPQ9vagom6tDi0FZ
        ⚠️ No PDF link found for: Untitled Document
        ✅ Saved: 32. Data Processing -> https://www.selfstudys.com/sitepdfs/lG1q80mydiolDRCrQMVV
        ✅ Saved: Untitled Document -> https://www.selfstudys.com/sitepdfs/lG1q80mydiolDRCrQMVV
        ⚠️ No PDF link found for: Untitled Document
        ✅ Saved: 43. Graphical Representation of Data -> https://www.selfstudys.com/sitepdfs/SYeqh2zdCBC21CkPgZvi
        ✅ Saved: Untitled Document -> https://www.selfstudys.com/sitepdfs/SYeqh2zdCBC21CkPgZvi
        ⚠️ No PDF link found for: Untitled Document
        ❌ Error scraping PDF page https://www.selfstudys.com/books/haryana/state-books/class-12th/practical-work-in-geography-part-ii/4-use-of-computer-in-data-processing-mapping/447884: aborted
        ✅ Saved: Untitled Document -> https://www.selfstudys.com/sitepdfs/VL0MWN01zz3K0Z0bOuMU
        ⚠️ No PDF link found for: Untitled Document
        ✅ Saved: 65. Field Surveys -> https://www.selfstudys.com/sitepdfs/5Odbn0FNrukrI9jCKCVE
        ✅ Saved: Untitled Document -> https://www.selfstudys.com/sitepdfs/5Odbn0FNrukrI9jCKCVE
        ⚠️ No PDF link found for: Untitled Document
        ✅ Saved: 76. Spatial Information Technology -> https://www.selfstudys.com/sitepdfs/oHHuj5KfJK5aX4Toi76G
        ✅ Saved: Untitled Document -> https://www.selfstudys.com/sitepdfs/oHHuj5KfJK5aX4Toi76G
        ⚠️ No PDF link found for: Untitled Document
        ✅ Saved: 8Appendix -> https://www.selfstudys.com/sitepdfs/AUkF5dqUpprCHgppN8nm
        ✅ Saved: Untitled Document -> https://www.selfstudys.com/sitepdfs/AUkF5dqUpprCHgppN8nm
        ⚠️ No PDF link found for: Untitled Document
        ✅ Saved: 9Annexure -> https://www.selfstudys.com/sitepdfs/xxmvdSCbNlZpkWpxJIvW
        ✅ Saved: Untitled Document -> https://www.selfstudys.com/sitepdfs/xxmvdSCbNlZpkWpxJIvW
        ⚠️ No PDF link found for: Untitled Document
      Scraping Subject: 18. Psychology (URL: https://www.selfstudys.com/books/haryana/state-books/class-12th/psychology/27604)
        Found 30 PDF items for subject 18. Psychology.
        ✅ Saved: 1Prelims -> https://www.selfstudys.com/sitepdfs/5korQzAimj2tcfF9EnSz
        ✅ Saved: Untitled Document -> https://www.selfstudys.com/sitepdfs/5korQzAimj2tcfF9EnSz
        ⚠️ No PDF link found for: Untitled Document
        ✅ Saved: 21. Variations in Psychological Attributes -> https://www.selfstudys.com/sitepdfs/cPWliPcKNVdOsHJeLgWB
        ✅ Saved: Untitled Document -> https://www.selfstudys.com/sitepdfs/cPWliPcKNVdOsHJeLgWB
        ⚠️ No PDF link found for: Untitled Document
        ✅ Saved: 32. Self and Personality -> https://www.selfstudys.com/sitepdfs/bP0DPN11o1hnuJx4Acdw
        ✅ Saved: Untitled Document -> https://www.selfstudys.com/sitepdfs/bP0DPN11o1hnuJx4Acdw
        ⚠️ No PDF link found for: Untitled Document
        ✅ Saved: 44. Psychological Disorders -> https://www.selfstudys.com/sitepdfs/P9prMXOWtgQMbqczIKLi
        ✅ Saved: Untitled Document -> https://www.selfstudys.com/sitepdfs/P9prMXOWtgQMbqczIKLi
        ⚠️ No PDF link found for: Untitled Document
        ✅ Saved: 55. Therapeutic Approaches -> https://www.selfstudys.com/sitepdfs/19liQMhoBRcGtaRweQZn
        ✅ Saved: Untitled Document -> https://www.selfstudys.com/sitepdfs/19liQMhoBRcGtaRweQZn
        ⚠️ No PDF link found for: Untitled Document
        ✅ Saved: 66. Attitude and Social Cognition -> https://www.selfstudys.com/sitepdfs/Qa2Ox2t01vw2jX6gRx5k
        ❌ Error scraping PDF page https://www.selfstudys.com/books/haryana/state-books/class-12th/psychology/6-attitude-and-social-cognition/447893: aborted
        ⚠️ No PDF link found for: Untitled Document
        ✅ Saved: 77. Social Influence and Group Processes -> https://www.selfstudys.com/sitepdfs/8Uksc4OsUoEhaeFB7lDy
        ✅ Saved: Untitled Document -> https://www.selfstudys.com/sitepdfs/8Uksc4OsUoEhaeFB7lDy
        ⚠️ No PDF link found for: Untitled Document
        ✅ Saved: 88. Psychology and Life -> https://www.selfstudys.com/sitepdfs/Qb9yiSQCNXKSC3MsU5i2
        ✅ Saved: Untitled Document -> https://www.selfstudys.com/sitepdfs/Qb9yiSQCNXKSC3MsU5i2
        ⚠️ No PDF link found for: Untitled Document
        ✅ Saved: 99. Developing Psychological Skills -> https://www.selfstudys.com/sitepdfs/Er8fOO82vGh2D6ShwECh
        ✅ Saved: Untitled Document -> https://www.selfstudys.com/sitepdfs/Er8fOO82vGh2D6ShwECh
        ⚠️ No PDF link found for: Untitled Document
        ✅ Saved: 10Glossary -> https://www.selfstudys.com/sitepdfs/uFVSv8mM4rCjOtl9LBTw
        ✅ Saved: Untitled Document -> https://www.selfstudys.com/sitepdfs/uFVSv8mM4rCjOtl9LBTw
        ⚠️ No PDF link found for: Untitled Document
      Scraping Subject: 19. Indian Society (Sociology) (URL: https://www.selfstudys.com/books/haryana/state-books/class-12th/indian-society-sociology/27605)
        Found 24 PDF items for subject 19. Indian Society (Sociology).
        ✅ Saved: 1Prelims -> https://www.selfstudys.com/sitepdfs/Q1IgpfzNEX711zpyL9nC
        ✅ Saved: Untitled Document -> https://www.selfstudys.com/sitepdfs/Q1IgpfzNEX711zpyL9nC
        ⚠️ No PDF link found for: Untitled Document
        ✅ Saved: 21. Introducing Indian Society -> https://www.selfstudys.com/sitepdfs/NSQKrVnq2YgyHTjLc0p3
        ✅ Saved: Untitled Document -> https://www.selfstudys.com/sitepdfs/NSQKrVnq2YgyHTjLc0p3
        ⚠️ No PDF link found for: Untitled Document
        ✅ Saved: 32. The Demographic Structure of the Indian Society -> https://www.selfstudys.com/sitepdfs/ueG15tMPgbqy8ceqgicU
        ✅ Saved: Untitled Document -> https://www.selfstudys.com/sitepdfs/ueG15tMPgbqy8ceqgicU
        ⚠️ No PDF link found for: Untitled Document
        ✅ Saved: 43. Social Institutions - Continuity And Change -> https://www.selfstudys.com/sitepdfs/2RiLF7NfYTBL4GTX0UgX
        ✅ Saved: Untitled Document -> https://www.selfstudys.com/sitepdfs/2RiLF7NfYTBL4GTX0UgX
        ⚠️ No PDF link found for: Untitled Document
        ✅ Saved: 54. The Market as a Social Institution -> https://www.selfstudys.com/sitepdfs/gZcqKUdpfAoA2mnYyXNk
        ✅ Saved: Untitled Document -> https://www.selfstudys.com/sitepdfs/gZcqKUdpfAoA2mnYyXNk
        ⚠️ No PDF link found for: Untitled Document
        ✅ Saved: 65. Patterns Of Social Inequality And Exclusion -> https://www.selfstudys.com/sitepdfs/b4Yfr8YjWghtwmwnglCS
        ✅ Saved: Untitled Document -> https://www.selfstudys.com/sitepdfs/b4Yfr8YjWghtwmwnglCS
        ⚠️ No PDF link found for: Untitled Document
        ✅ Saved: 77. Suggestions for Project Work -> https://www.selfstudys.com/sitepdfs/MZS5AZoXUbmLQjiY9A9Z
        ✅ Saved: Untitled Document -> https://www.selfstudys.com/sitepdfs/MZS5AZoXUbmLQjiY9A9Z
        ⚠️ No PDF link found for: Untitled Document
        ✅ Saved: 8Glossary -> https://www.selfstudys.com/sitepdfs/oNe79uonB0i1wnDe5hlO
        ✅ Saved: Untitled Document -> https://www.selfstudys.com/sitepdfs/oNe79uonB0i1wnDe5hlO
        ❌ Error scraping PDF page https://www.selfstudys.com/advance-pdf-viewer/haryana/state-books/class-12th/indian-society-sociology/glossary/447912: aborted
      Scraping Subject: 20. Social Change & Development India (URL: https://www.selfstudys.com/books/haryana/state-books/class-12th/social-change-development-india/27606)
        Found 30 PDF items for subject 20. Social Change & Development India.
        ✅ Saved: 1Prelims -> https://www.selfstudys.com/sitepdfs/bvRvpMh34tOjR5qzcHrp
        ✅ Saved: Untitled Document -> https://www.selfstudys.com/sitepdfs/bvRvpMh34tOjR5qzcHrp
        ⚠️ No PDF link found for: Untitled Document
        ✅ Saved: 21. Structural Change -> https://www.selfstudys.com/sitepdfs/kjV8dmEJ2vkLPi8o6MVi
        ✅ Saved: Untitled Document -> https://www.selfstudys.com/sitepdfs/kjV8dmEJ2vkLPi8o6MVi
        ⚠️ No PDF link found for: Untitled Document
        ✅ Saved: 32. Cultural Change -> https://www.selfstudys.com/sitepdfs/imWqxebJIygb5LkgHb0q
        ✅ Saved: Untitled Document -> https://www.selfstudys.com/sitepdfs/imWqxebJIygb5LkgHb0q
        ⚠️ No PDF link found for: Untitled Document
        ✅ Saved: 43. The Story of Indian Democracy -> https://www.selfstudys.com/sitepdfs/iv0Mv8kOYWzyO1pLFHpv
        ✅ Saved: Untitled Document -> https://www.selfstudys.com/sitepdfs/iv0Mv8kOYWzyO1pLFHpv
        ⚠️ No PDF link found for: Untitled Document
        ✅ Saved: 54. Change and Development in Rural Society -> https://www.selfstudys.com/sitepdfs/hFn4l6I7fxicLLirWamF
        ✅ Saved: Untitled Document -> https://www.selfstudys.com/sitepdfs/hFn4l6I7fxicLLirWamF
        ⚠️ No PDF link found for: Untitled Document
        ✅ Saved: 65. Change and Development in Industrial Society -> https://www.selfstudys.com/sitepdfs/8n8MatddK6R3H6PylfGJ
        ✅ Saved: Untitled Document -> https://www.selfstudys.com/sitepdfs/8n8MatddK6R3H6PylfGJ
        ⚠️ No PDF link found for: Untitled Document
        ✅ Saved: 76. Globalisation And Social Change -> https://www.selfstudys.com/sitepdfs/aHlRuMfZ7T51zK90Ysds
        ✅ Saved: Untitled Document -> https://www.selfstudys.com/sitepdfs/aHlRuMfZ7T51zK90Ysds
        ⚠️ No PDF link found for: Untitled Document
        ✅ Saved: 87. Mass Media And Communications -> https://www.selfstudys.com/sitepdfs/fT5i9DlsXUqcwby8gFId
        ✅ Saved: Untitled Document -> https://www.selfstudys.com/sitepdfs/fT5i9DlsXUqcwby8gFId
        ⚠️ No PDF link found for: Untitled Document
        ✅ Saved: 98. Social Movements -> https://www.selfstudys.com/sitepdfs/N3Fq87bKbO7uHXGtCEwv
        ✅ Saved: Untitled Document -> https://www.selfstudys.com/sitepdfs/N3Fq87bKbO7uHXGtCEwv
        ⚠️ No PDF link found for: Untitled Document
        ✅ Saved: 10Glossary -> https://www.selfstudys.com/sitepdfs/PRljYYh6EZKql40ADVfG
        ✅ Saved: Untitled Document -> https://www.selfstudys.com/sitepdfs/PRljYYh6EZKql40ADVfG
        ⚠️ No PDF link found for: Untitled Document
      Scraping Subject: 21. Chemistry - I (URL: https://www.selfstudys.com/books/haryana/state-books/class-12th/chemistry-i/27607)
        Found 39 PDF items for subject 21. Chemistry - I.
        ✅ Saved: 1Prelims -> https://www.selfstudys.com/sitepdfs/rb7FyRCqRyaoGLtWUCDv
        ✅ Saved: Untitled Document -> https://www.selfstudys.com/sitepdfs/rb7FyRCqRyaoGLtWUCDv
        ⚠️ No PDF link found for: Untitled Document
        ✅ Saved: 2Index -> https://www.selfstudys.com/sitepdfs/gP1rZANNrXjanyi5Uvk3
        ✅ Saved: Untitled Document -> https://www.selfstudys.com/sitepdfs/gP1rZANNrXjanyi5Uvk3
        ⚠️ No PDF link found for: Untitled Document
        ✅ Saved: 31. The Solid State -> https://www.selfstudys.com/sitepdfs/SsgTZPFpdMKk7LOw03Xw
        ✅ Saved: Untitled Document -> https://www.selfstudys.com/sitepdfs/SsgTZPFpdMKk7LOw03Xw
        ⚠️ No PDF link found for: Untitled Document
        ✅ Saved: 42. Solutions -> https://www.selfstudys.com/sitepdfs/iAS5LzyNkdSRJo9r8nOS
        ✅ Saved: Untitled Document -> https://www.selfstudys.com/sitepdfs/iAS5LzyNkdSRJo9r8nOS
        ⚠️ No PDF link found for: Untitled Document
        ✅ Saved: 53. Electrochemistry -> https://www.selfstudys.com/sitepdfs/kZuKuhzJKIkjNYLA8pOr
        ✅ Saved: Untitled Document -> https://www.selfstudys.com/sitepdfs/kZuKuhzJKIkjNYLA8pOr
        ❌ Error scraping PDF page https://www.selfstudys.com/advance-pdf-viewer/haryana/state-books/class-12th/chemistry-i/3-electrochemistry/447967: aborted
        ✅ Saved: 64. Chemical Kinetics -> https://www.selfstudys.com/sitepdfs/V6AFcCy7RcCJEKYigHUd
        ✅ Saved: Untitled Document -> https://www.selfstudys.com/sitepdfs/V6AFcCy7RcCJEKYigHUd
        ⚠️ No PDF link found for: Untitled Document
        ✅ Saved: 75. Surface Chemistry -> https://www.selfstudys.com/sitepdfs/CnBCG7VATRAR9u81b91w
        ✅ Saved: Untitled Document -> https://www.selfstudys.com/sitepdfs/CnBCG7VATRAR9u81b91w
        ⚠️ No PDF link found for: Untitled Document
        ✅ Saved: 86. General Principles & Processes of Isolation of Elements -> https://www.selfstudys.com/sitepdfs/ih7dZ0C5V74LniqEKBZv
        ✅ Saved: Untitled Document -> https://www.selfstudys.com/sitepdfs/ih7dZ0C5V74LniqEKBZv
        ⚠️ No PDF link found for: Untitled Document
        ✅ Saved: 97. The p-Block Elements -> https://www.selfstudys.com/sitepdfs/Vt2AkeRRHj5IFywbfz8Q
        ✅ Saved: Untitled Document -> https://www.selfstudys.com/sitepdfs/Vt2AkeRRHj5IFywbfz8Q
        ⚠️ No PDF link found for: Untitled Document
        ✅ Saved: 108. The d-and f -Block Elements -> https://www.selfstudys.com/sitepdfs/MSRDPt7F4Ukp8pKtGmTV
        ✅ Saved: Untitled Document -> https://www.selfstudys.com/sitepdfs/MSRDPt7F4Ukp8pKtGmTV
        ⚠️ No PDF link found for: Untitled Document
        ✅ Saved: 119. Coordination Compounds -> https://www.selfstudys.com/sitepdfs/jLeyxfHvfOoKODCClKHg
        ✅ Saved: Untitled Document -> https://www.selfstudys.com/sitepdfs/jLeyxfHvfOoKODCClKHg
        ⚠️ No PDF link found for: Untitled Document
        ✅ Saved: 12Appendix -> https://www.selfstudys.com/sitepdfs/q1kQJe5dUMNumeQkLehq
        ✅ Saved: Untitled Document -> https://www.selfstudys.com/sitepdfs/q1kQJe5dUMNumeQkLehq
        ⚠️ No PDF link found for: Untitled Document
        ✅ Saved: 13Answers -> https://www.selfstudys.com/sitepdfs/TnuM2llaNK45LSZQdZ9D
        ✅ Saved: Untitled Document -> https://www.selfstudys.com/sitepdfs/TnuM2llaNK45LSZQdZ9D
        ⚠️ No PDF link found for: Untitled Document
      Scraping Subject: 22. Chemistry - II (URL: https://www.selfstudys.com/books/haryana/state-books/class-12th/chemistry-ii/27608)
        Found 30 PDF items for subject 22. Chemistry - II.
        ✅ Saved: 1Prelims -> https://www.selfstudys.com/sitepdfs/eZvf96Jyf6c4t0Su7IDO
        ✅ Saved: Untitled Document -> https://www.selfstudys.com/sitepdfs/eZvf96Jyf6c4t0Su7IDO
        ❌ Error scraping PDF page https://www.selfstudys.com/advance-pdf-viewer/haryana/state-books/class-12th/chemistry-ii/prelims/447948: aborted
        ✅ Saved: 2Index -> https://www.selfstudys.com/sitepdfs/sRTriI1TMnuEqCKB9mvX
        ✅ Saved: Untitled Document -> https://www.selfstudys.com/sitepdfs/sRTriI1TMnuEqCKB9mvX
        ⚠️ No PDF link found for: Untitled Document
        ✅ Saved: 31. Haloalkanes and Haloarenes -> https://www.selfstudys.com/sitepdfs/lGh2jekEZEb72xO5hE8X
        ✅ Saved: Untitled Document -> https://www.selfstudys.com/sitepdfs/lGh2jekEZEb72xO5hE8X
        ⚠️ No PDF link found for: Untitled Document
        ✅ Saved: 42. Alcohols, Phenols and Ethers -> https://www.selfstudys.com/sitepdfs/fR76OIKysKyphEnv1ji4
        ✅ Saved: Untitled Document -> https://www.selfstudys.com/sitepdfs/fR76OIKysKyphEnv1ji4
        ⚠️ No PDF link found for: Untitled Document
        ✅ Saved: 53. Aldehydes, Ketones & Carboxylic Acids -> https://www.selfstudys.com/sitepdfs/lB6ra9BzAeKFL5YACMDV
        ✅ Saved: Untitled Document -> https://www.selfstudys.com/sitepdfs/lB6ra9BzAeKFL5YACMDV
        ⚠️ No PDF link found for: Untitled Document
        ✅ Saved: 64. Amines -> https://www.selfstudys.com/sitepdfs/GKiasOatbpPhVsoeMnkg
        ✅ Saved: Untitled Document -> https://www.selfstudys.com/sitepdfs/GKiasOatbpPhVsoeMnkg
        ⚠️ No PDF link found for: Untitled Document
        ✅ Saved: 75. Biomolecules -> https://www.selfstudys.com/sitepdfs/9PfFHSGgE8U28dZQ03Wh
        ✅ Saved: Untitled Document -> https://www.selfstudys.com/sitepdfs/9PfFHSGgE8U28dZQ03Wh
        ⚠️ No PDF link found for: Untitled Document
        ✅ Saved: 86. Polymers -> https://www.selfstudys.com/sitepdfs/fBPX6iYup61n2N15pTDu
        ✅ Saved: Untitled Document -> https://www.selfstudys.com/sitepdfs/fBPX6iYup61n2N15pTDu
        ⚠️ No PDF link found for: Untitled Document
        ✅ Saved: 97. Chemistry in Everyday Life -> https://www.selfstudys.com/sitepdfs/WqowXzAq8XVkgZUZGA5H
        ✅ Saved: Untitled Document -> https://www.selfstudys.com/sitepdfs/WqowXzAq8XVkgZUZGA5H
        ⚠️ No PDF link found for: Untitled Document
        ✅ Saved: 10Answers -> https://www.selfstudys.com/sitepdfs/uEjSopgsr6CDTFo2iUbO
        ✅ Saved: Untitled Document -> https://www.selfstudys.com/sitepdfs/uEjSopgsr6CDTFo2iUbO
        ⚠️ No PDF link found for: Untitled Document
      Scraping Subject: 23. Contemporary World Politics (URL: https://www.selfstudys.com/books/haryana/state-books/class-12th/contemporary-world-politics/27609)
        Found 30 PDF items for subject 23. Contemporary World Politics.
        ✅ Saved: 1Prelims -> https://www.selfstudys.com/sitepdfs/PGJxoNQAZ7r0RAEAIqFy
        ✅ Saved: Untitled Document -> https://www.selfstudys.com/sitepdfs/PGJxoNQAZ7r0RAEAIqFy
        ⚠️ No PDF link found for: Untitled Document
        ✅ Saved: 21. The Cold War Era -> https://www.selfstudys.com/sitepdfs/w6TGb7u4dMGoWkVttId2
        ✅ Saved: Untitled Document -> https://www.selfstudys.com/sitepdfs/w6TGb7u4dMGoWkVttId2
        ⚠️ No PDF link found for: Untitled Document
        ✅ Saved: 32. The End of Bipolarity -> https://www.selfstudys.com/sitepdfs/ut1kIhkxdMaG7YNtZ8qX
        ✅ Saved: Untitled Document -> https://www.selfstudys.com/sitepdfs/ut1kIhkxdMaG7YNtZ8qX
        ⚠️ No PDF link found for: Untitled Document
        ✅ Saved: 43. US Hegemony in World Politics -> https://www.selfstudys.com/sitepdfs/xRXGGo6TJIBRePa0vJwR
        ✅ Saved: Untitled Document -> https://www.selfstudys.com/sitepdfs/xRXGGo6TJIBRePa0vJwR
        ⚠️ No PDF link found for: Untitled Document
        ✅ Saved: 54. Alternative Centres of Power -> https://www.selfstudys.com/sitepdfs/oLSJNw0uHIKd3UFu89RN
        ✅ Saved: Untitled Document -> https://www.selfstudys.com/sitepdfs/oLSJNw0uHIKd3UFu89RN
        ⚠️ No PDF link found for: Untitled Document
        ✅ Saved: 65. Contemporary South Asia -> https://www.selfstudys.com/sitepdfs/Vg01N0BWbVrmpoPivKVR
        ✅ Saved: Untitled Document -> https://www.selfstudys.com/sitepdfs/Vg01N0BWbVrmpoPivKVR
        ⚠️ No PDF link found for: Untitled Document
        ✅ Saved: 76. International Organisations -> https://www.selfstudys.com/sitepdfs/DzhDTChDTeqdvguJ8nPv
        ✅ Saved: Untitled Document -> https://www.selfstudys.com/sitepdfs/DzhDTChDTeqdvguJ8nPv
        ⚠️ No PDF link found for: Untitled Document
        ✅ Saved: 87. Security in the Contemporary World -> https://www.selfstudys.com/sitepdfs/SiCY7xuK4duWSERpR6fp
        ✅ Saved: Untitled Document -> https://www.selfstudys.com/sitepdfs/SiCY7xuK4duWSERpR6fp
        ⚠️ No PDF link found for: Untitled Document
        ✅ Saved: 98. Environment and Natural Resources -> https://www.selfstudys.com/sitepdfs/mhJjgrqD8mKwUF5VIuRo
        ✅ Saved: Untitled Document -> https://www.selfstudys.com/sitepdfs/mhJjgrqD8mKwUF5VIuRo
        ⚠️ No PDF link found for: Untitled Document
        ✅ Saved: 109. Globalisation -> https://www.selfstudys.com/sitepdfs/xVBfb08gGVaOJiPLjZLw
        ✅ Saved: Untitled Document -> https://www.selfstudys.com/sitepdfs/xVBfb08gGVaOJiPLjZLw
        ⚠️ No PDF link found for: Untitled Document
      Scraping Subject: 24. Politics in India Since Independence (URL: https://www.selfstudys.com/books/haryana/state-books/class-12th/politics-in-india-since-independence/27610)
        Found 24 PDF items for subject 24. Politics in India Since Independence.
        ✅ Saved: 1Prelims -> https://www.selfstudys.com/sitepdfs/foXuJaFuziyeQDTYieZn
        ✅ Saved: Untitled Document -> https://www.selfstudys.com/sitepdfs/foXuJaFuziyeQDTYieZn
        ⚠️ No PDF link found for: Untitled Document
        ✅ Saved: 22. Era of One-Party Dominance -> https://www.selfstudys.com/sitepdfs/Thfbg6pi6r72ydvTg1J7
        ✅ Saved: Untitled Document -> https://www.selfstudys.com/sitepdfs/Thfbg6pi6r72ydvTg1J7
        ⚠️ No PDF link found for: Untitled Document
        ✅ Saved: 33. Politics of Planned Development -> https://www.selfstudys.com/sitepdfs/BZoytDuGBJADYHS853K2
        ✅ Saved: Untitled Document -> https://www.selfstudys.com/sitepdfs/BZoytDuGBJADYHS853K2
        ⚠️ No PDF link found for: Untitled Document
        ✅ Saved: 44. India’s External Relations -> https://www.selfstudys.com/sitepdfs/3cGbvVlnVIV06w1xdnfl
        ✅ Saved: Untitled Document -> https://www.selfstudys.com/sitepdfs/3cGbvVlnVIV06w1xdnfl
        ⚠️ No PDF link found for: Untitled Document
        ✅ Saved: 56. The Crisis of Democratic Order -> https://www.selfstudys.com/sitepdfs/QRboFzOFKiLus5yaxIXD
        ✅ Saved: Untitled Document -> https://www.selfstudys.com/sitepdfs/QRboFzOFKiLus5yaxIXD
        ⚠️ No PDF link found for: Untitled Document
        ✅ Saved: 67. Rise of Popular Movements -> https://www.selfstudys.com/sitepdfs/1otqU8wU60phpTuMipmq
        ✅ Saved: Untitled Document -> https://www.selfstudys.com/sitepdfs/1otqU8wU60phpTuMipmq
        ⚠️ No PDF link found for: Untitled Document
        ✅ Saved: 78. Regional Aspirations -> https://www.selfstudys.com/sitepdfs/DtEIqBEVwthZGMrin2dI
        ✅ Saved: Untitled Document -> https://www.selfstudys.com/sitepdfs/DtEIqBEVwthZGMrin2dI
        ⚠️ No PDF link found for: Untitled Document
        ✅ Saved: 89. Recent Developments in Indian Politics -> https://www.selfstudys.com/sitepdfs/7FujrueDMdsNlPuHA4Rp
        ✅ Saved: Untitled Document -> https://www.selfstudys.com/sitepdfs/7FujrueDMdsNlPuHA4Rp
        ⚠️ No PDF link found for: Untitled Document
      Scraping Subject: 25. Introductory Macroeconomics (URL: https://www.selfstudys.com/books/haryana/state-books/class-12th/introductory-macroeconomics/27615)
        Found 24 PDF items for subject 25. Introductory Macroeconomics.
        ✅ Saved: 1Prelims -> https://www.selfstudys.com/sitepdfs/2TBrQsF81RDjSuUTK14Z
        ✅ Saved: Untitled Document -> https://www.selfstudys.com/sitepdfs/2TBrQsF81RDjSuUTK14Z
        ⚠️ No PDF link found for: Untitled Document
        ✅ Saved: 21. Introduction -> https://www.selfstudys.com/sitepdfs/5dDxC3uJc1vbTttSUKrJ
        ✅ Saved: Untitled Document -> https://www.selfstudys.com/sitepdfs/5dDxC3uJc1vbTttSUKrJ
        ⚠️ No PDF link found for: Untitled Document
        ✅ Saved: 32. National Income Accounting -> https://www.selfstudys.com/sitepdfs/fxl4deBycqeuLtd9tfXY
        ✅ Saved: Untitled Document -> https://www.selfstudys.com/sitepdfs/fxl4deBycqeuLtd9tfXY
        ⚠️ No PDF link found for: Untitled Document
        ✅ Saved: 43. Money & Banking -> https://www.selfstudys.com/sitepdfs/BWByd8cTdBEaYP0BnYwf
        ✅ Saved: Untitled Document -> https://www.selfstudys.com/sitepdfs/BWByd8cTdBEaYP0BnYwf
        ⚠️ No PDF link found for: Untitled Document
        ✅ Saved: 54. Determination of Income & Employment -> https://www.selfstudys.com/sitepdfs/71Ot0AA59dmIwsanbXck
        ✅ Saved: Untitled Document -> https://www.selfstudys.com/sitepdfs/71Ot0AA59dmIwsanbXck
        ⚠️ No PDF link found for: Untitled Document
        ✅ Saved: 65. Government Budget & the Economy -> https://www.selfstudys.com/sitepdfs/su53Uf4hGUmq6QtdJS16
        ✅ Saved: Untitled Document -> https://www.selfstudys.com/sitepdfs/su53Uf4hGUmq6QtdJS16
        ⚠️ No PDF link found for: Untitled Document
        ✅ Saved: 76. Open Economy Macroeconomics -> https://www.selfstudys.com/sitepdfs/ld8Vv3LeApMqS75hTN2m
        ✅ Saved: Untitled Document -> https://www.selfstudys.com/sitepdfs/ld8Vv3LeApMqS75hTN2m
        ⚠️ No PDF link found for: Untitled Document
        ✅ Saved: 8Glossary -> https://www.selfstudys.com/sitepdfs/KbUzDeFbZvSd1Gfi5oFB
        ✅ Saved: Untitled Document -> https://www.selfstudys.com/sitepdfs/KbUzDeFbZvSd1Gfi5oFB
        ⚠️ No PDF link found for: Untitled Document
      Scraping Subject: 26. Introductory Microeconomics (URL: https://www.selfstudys.com/books/haryana/state-books/class-12th/introductory-microeconomics/27616)
        Found 24 PDF items for subject 26. Introductory Microeconomics.
        ✅ Saved: 1Prelims -> https://www.selfstudys.com/sitepdfs/6b93Q66I4EQzAroEXtRV
        ✅ Saved: Untitled Document -> https://www.selfstudys.com/sitepdfs/6b93Q66I4EQzAroEXtRV
        ⚠️ No PDF link found for: Untitled Document
        ✅ Saved: 21. Introduction -> https://www.selfstudys.com/sitepdfs/cFxGBfKmYKWGNDlXHecs
        ✅ Saved: Untitled Document -> https://www.selfstudys.com/sitepdfs/cFxGBfKmYKWGNDlXHecs
        ⚠️ No PDF link found for: Untitled Document
        ✅ Saved: 32. Theory The Consumer Behaviour -> https://www.selfstudys.com/sitepdfs/dLMBXzuYFSdtLzVlOQHA
        ✅ Saved: Untitled Document -> https://www.selfstudys.com/sitepdfs/dLMBXzuYFSdtLzVlOQHA
        ⚠️ No PDF link found for: Untitled Document
        ✅ Saved: 43. Production And Costs -> https://www.selfstudys.com/sitepdfs/1akdwnE1FHfsHGcMDVRm
        ✅ Saved: Untitled Document -> https://www.selfstudys.com/sitepdfs/1akdwnE1FHfsHGcMDVRm
        ⚠️ No PDF link found for: Untitled Document
        ✅ Saved: 54. The Theory of the Firm Under Perfect Competiton -> https://www.selfstudys.com/sitepdfs/gCxaGUx2RC0qB5KrOWRK
        ✅ Saved: Untitled Document -> https://www.selfstudys.com/sitepdfs/gCxaGUx2RC0qB5KrOWRK
        ⚠️ No PDF link found for: Untitled Document
        ✅ Saved: 65. Market Equilibrium -> https://www.selfstudys.com/sitepdfs/lkJyeBWSqPSloxpXGmuo
        ✅ Saved: Untitled Document -> https://www.selfstudys.com/sitepdfs/lkJyeBWSqPSloxpXGmuo
        ⚠️ No PDF link found for: Untitled Document
        ✅ Saved: 76. Non-Competitive Markets -> https://www.selfstudys.com/sitepdfs/YTzrqIR16gnYZJ4bA3rT
        ✅ Saved: Untitled Document -> https://www.selfstudys.com/sitepdfs/YTzrqIR16gnYZJ4bA3rT
        ⚠️ No PDF link found for: Untitled Document
        ✅ Saved: 8Glossary -> https://www.selfstudys.com/sitepdfs/yZHVaWnIHAFiLZEehscK
        ✅ Saved: Untitled Document -> https://www.selfstudys.com/sitepdfs/yZHVaWnIHAFiLZEehscK
        ⚠️ No PDF link found for: Untitled Document
      Scraping Subject: 27. Business Studies - I (URL: https://www.selfstudys.com/books/haryana/state-books/class-12th/business-studies-i/27621)
        Found 27 PDF items for subject 27. Business Studies - I.
        ✅ Saved: 1Prelims -> https://www.selfstudys.com/sitepdfs/6ocpXTZ5Xx08seV85Xag
        ✅ Saved: Untitled Document -> https://www.selfstudys.com/sitepdfs/6ocpXTZ5Xx08seV85Xag
        ⚠️ No PDF link found for: Untitled Document
        ✅ Saved: 21. Nature And Significance of Management -> https://www.selfstudys.com/sitepdfs/nNGjntwTzxyenwc8xGfs
        ✅ Saved: Untitled Document -> https://www.selfstudys.com/sitepdfs/nNGjntwTzxyenwc8xGfs
        ⚠️ No PDF link found for: Untitled Document
        ✅ Saved: 32. Principles of Management -> https://www.selfstudys.com/sitepdfs/D7SfoX5eL9ILBOEHZcNW
        ✅ Saved: Untitled Document -> https://www.selfstudys.com/sitepdfs/D7SfoX5eL9ILBOEHZcNW
        ⚠️ No PDF link found for: Untitled Document
        ✅ Saved: 43. Business Environment -> https://www.selfstudys.com/sitepdfs/GWmzXpbjIuMv9Qv7biHI
        ✅ Saved: Untitled Document -> https://www.selfstudys.com/sitepdfs/GWmzXpbjIuMv9Qv7biHI
        ⚠️ No PDF link found for: Untitled Document
        ❌ Error scraping PDF page https://www.selfstudys.com/books/haryana/state-books/class-12th/business-studies-i/4-planning/448040: aborted
        ✅ Saved: Untitled Document -> https://www.selfstudys.com/sitepdfs/KuggpNvXWEU9XUna96g4
        ⚠️ No PDF link found for: Untitled Document
        ✅ Saved: 65. Organising -> https://www.selfstudys.com/sitepdfs/ojAZiumhhN9IqwBpJrf9
        ✅ Saved: Untitled Document -> https://www.selfstudys.com/sitepdfs/ojAZiumhhN9IqwBpJrf9
        ⚠️ No PDF link found for: Untitled Document
        ✅ Saved: 76. Staffing -> https://www.selfstudys.com/sitepdfs/Esa0QiZOt9eQq7DESAkF
        ✅ Saved: Untitled Document -> https://www.selfstudys.com/sitepdfs/Esa0QiZOt9eQq7DESAkF
        ⚠️ No PDF link found for: Untitled Document
        ✅ Saved: 87. Directing -> https://www.selfstudys.com/sitepdfs/ahVXonkAIKuGc3ZQvCOJ
        ✅ Saved: Untitled Document -> https://www.selfstudys.com/sitepdfs/ahVXonkAIKuGc3ZQvCOJ
        ⚠️ No PDF link found for: Untitled Document
        ✅ Saved: 98. Controlling -> https://www.selfstudys.com/sitepdfs/qLPnZ2iJiQfVtE7plaFZ
        ✅ Saved: Untitled Document -> https://www.selfstudys.com/sitepdfs/qLPnZ2iJiQfVtE7plaFZ
        ⚠️ No PDF link found for: Untitled Document
      Scraping Subject: 28. Business Studies - II (URL: https://www.selfstudys.com/books/haryana/state-books/class-12th/business-studies-ii/27622)
        Found 15 PDF items for subject 28. Business Studies - II.
        ✅ Saved: 1Prelims -> https://www.selfstudys.com/sitepdfs/cpF2qsCaKqes5quj6qil
        ✅ Saved: Untitled Document -> https://www.selfstudys.com/sitepdfs/cpF2qsCaKqes5quj6qil
        ⚠️ No PDF link found for: Untitled Document
        ✅ Saved: 21. Financial Management -> https://www.selfstudys.com/sitepdfs/H4hTyqMqiL1B2kJWtEO8
        ✅ Saved: Untitled Document -> https://www.selfstudys.com/sitepdfs/H4hTyqMqiL1B2kJWtEO8
        ⚠️ No PDF link found for: Untitled Document
        ✅ Saved: 32. Financial Markets -> https://www.selfstudys.com/sitepdfs/2DljLmzitF8fJzowfi7j
        ✅ Saved: Untitled Document -> https://www.selfstudys.com/sitepdfs/2DljLmzitF8fJzowfi7j
        ⚠️ No PDF link found for: Untitled Document
        ✅ Saved: 43. Marketing -> https://www.selfstudys.com/sitepdfs/AkNOb61aElCBBzUYaLwt
        ✅ Saved: Untitled Document -> https://www.selfstudys.com/sitepdfs/AkNOb61aElCBBzUYaLwt
        ⚠️ No PDF link found for: Untitled Document
        ✅ Saved: 54. Consumer Protection -> https://www.selfstudys.com/sitepdfs/zUQdeLEb4FgHmT7KH5LT
        ✅ Saved: Untitled Document -> https://www.selfstudys.com/sitepdfs/zUQdeLEb4FgHmT7KH5LT
        ⚠️ No PDF link found for: Untitled Document
      Scraping Subject: 29. A New Age Graphic Design (URL: https://www.selfstudys.com/books/haryana/state-books/class-12th/a-new-age-graphic-design/27623)
        Found 42 PDF items for subject 29. A New Age Graphic Design.
        ✅ Saved: 1Prelims -> https://www.selfstudys.com/sitepdfs/WwBfiTmQ0vlnl5JgXhpg
        ✅ Saved: Untitled Document -> https://www.selfstudys.com/sitepdfs/WwBfiTmQ0vlnl5JgXhpg
        ⚠️ No PDF link found for: Untitled Document
        ✅ Saved: 21. Role Of Design In Society -> https://www.selfstudys.com/sitepdfs/c0ZO4N0Ib5BDhl5TJALh
        ✅ Saved: Untitled Document -> https://www.selfstudys.com/sitepdfs/c0ZO4N0Ib5BDhl5TJALh
        ⚠️ No PDF link found for: Untitled Document
        ✅ Saved: 32. Graphic Design Processes -> https://www.selfstudys.com/sitepdfs/ExL8pW8vvYn71jE11fwF
        ✅ Saved: Untitled Document -> https://www.selfstudys.com/sitepdfs/ExL8pW8vvYn71jE11fwF
        ⚠️ No PDF link found for: Untitled Document
        ✅ Saved: 43. Sketching And Drawing -> https://www.selfstudys.com/sitepdfs/aNxhwAL7krS788CfOcos
        ✅ Saved: Untitled Document -> https://www.selfstudys.com/sitepdfs/aNxhwAL7krS788CfOcos
        ⚠️ No PDF link found for: Untitled Document
        ✅ Saved: 54. Colour -> https://www.selfstudys.com/sitepdfs/1lQEsk17SvWCt76qTs8F
        ✅ Saved: Untitled Document -> https://www.selfstudys.com/sitepdfs/1lQEsk17SvWCt76qTs8F
        ⚠️ No PDF link found for: Untitled Document
        ✅ Saved: 65. Fundamentals Of Visual Composition -> https://www.selfstudys.com/sitepdfs/0wC7ShPYlocW9BxDYBJN
        ✅ Saved: Untitled Document -> https://www.selfstudys.com/sitepdfs/0wC7ShPYlocW9BxDYBJN
        ⚠️ No PDF link found for: Untitled Document
        ✅ Saved: 76. Typography -> https://www.selfstudys.com/sitepdfs/ggqpXi00AABVJkzP3SFw
        ✅ Saved: Untitled Document -> https://www.selfstudys.com/sitepdfs/ggqpXi00AABVJkzP3SFw
        ⚠️ No PDF link found for: Untitled Document
        ✅ Saved: 87. Principles Of Layout Design -> https://www.selfstudys.com/sitepdfs/wstm21rmWwrPk3e1IODn
        ✅ Saved: Untitled Document -> https://www.selfstudys.com/sitepdfs/wstm21rmWwrPk3e1IODn
        ⚠️ No PDF link found for: Untitled Document
        ✅ Saved: 98. Digital Imaging And Printing -> https://www.selfstudys.com/sitepdfs/ggqMWvepPqYdBqtSWgWK
        ✅ Saved: Untitled Document -> https://www.selfstudys.com/sitepdfs/ggqMWvepPqYdBqtSWgWK
        ⚠️ No PDF link found for: Untitled Document
        ✅ Saved: 109. Advertising Design -> https://www.selfstudys.com/sitepdfs/1XWhWgL3yTdS5gOD5LTR
        ✅ Saved: Untitled Document -> https://www.selfstudys.com/sitepdfs/1XWhWgL3yTdS5gOD5LTR
        ⚠️ No PDF link found for: Untitled Document
        ✅ Saved: 1110. Campaign Design -> https://www.selfstudys.com/sitepdfs/VXFt43C58GylhQ2ZsPHb
        ✅ Saved: Untitled Document -> https://www.selfstudys.com/sitepdfs/VXFt43C58GylhQ2ZsPHb
        ⚠️ No PDF link found for: Untitled Document
        ✅ Saved: 1211. Integrated Methods Of Advertising -> https://www.selfstudys.com/sitepdfs/2nwA322RzW8c2OqpSCU2
        ✅ Saved: Untitled Document -> https://www.selfstudys.com/sitepdfs/2nwA322RzW8c2OqpSCU2
        ⚠️ No PDF link found for: Untitled Document
        ✅ Saved: 1312. Graphic Design For Interactive Media -> https://www.selfstudys.com/sitepdfs/fNkBLGjrYolbtAFii1iT
        ✅ Saved: Untitled Document -> https://www.selfstudys.com/sitepdfs/fNkBLGjrYolbtAFii1iT
        ⚠️ No PDF link found for: Untitled Document
        ✅ Saved: 14Glossary -> https://www.selfstudys.com/sitepdfs/OZU21d2Bcr0TiVKLXjMV
        ✅ Saved: Untitled Document -> https://www.selfstudys.com/sitepdfs/OZU21d2Bcr0TiVKLXjMV
        ⚠️ No PDF link found for: Untitled Document
      Scraping Subject: 30. Human Ecology & Family Science Part - I (URL: https://www.selfstudys.com/books/haryana/state-books/class-12th/human-ecology-family-science-part-i/27624)
        Found 33 PDF items for subject 30. Human Ecology & Family Science Part - I.
        ✅ Saved: 1Prelims -> https://www.selfstudys.com/sitepdfs/6LsiNsSI8OSeHeQ9GnP0
        ✅ Saved: Untitled Document -> https://www.selfstudys.com/sitepdfs/6LsiNsSI8OSeHeQ9GnP0
        ⚠️ No PDF link found for: Untitled Document
        ✅ Saved: 21. Work, Livelihood And Career -> https://www.selfstudys.com/sitepdfs/R5CYFpGk1inVcm7yk8ZP
        ✅ Saved: Untitled Document -> https://www.selfstudys.com/sitepdfs/R5CYFpGk1inVcm7yk8ZP
        ⚠️ No PDF link found for: Untitled Document
        ✅ Saved: 32. Clinical Nutrition And Dietetics -> https://www.selfstudys.com/sitepdfs/yHgtpgP44sYsi5j8i0Xt
        ✅ Saved: Untitled Document -> https://www.selfstudys.com/sitepdfs/yHgtpgP44sYsi5j8i0Xt
        ⚠️ No PDF link found for: Untitled Document
        ✅ Saved: 43. Public Nutrition And Health -> https://www.selfstudys.com/sitepdfs/fGmEo327u3eQe1xU4kZG
        ✅ Saved: Untitled Document -> https://www.selfstudys.com/sitepdfs/fGmEo327u3eQe1xU4kZG
        ⚠️ No PDF link found for: Untitled Document
        ✅ Saved: 54. Catering And Food Service Management -> https://www.selfstudys.com/sitepdfs/U1Up6v4Ag1VIZjXa9nWG
        ✅ Saved: Untitled Document -> https://www.selfstudys.com/sitepdfs/U1Up6v4Ag1VIZjXa9nWG
        ⚠️ No PDF link found for: Untitled Document
        ✅ Saved: 65. Food Processing And Technology -> https://www.selfstudys.com/sitepdfs/A0DbGOWiv6GH2D63SmwB
        ✅ Saved: Untitled Document -> https://www.selfstudys.com/sitepdfs/A0DbGOWiv6GH2D63SmwB
        ⚠️ No PDF link found for: Untitled Document
        ✅ Saved: 76. Food Quality And Food Safety -> https://www.selfstudys.com/sitepdfs/JEqVJT9xCp81Qv9chdSA
        ✅ Saved: Untitled Document -> https://www.selfstudys.com/sitepdfs/JEqVJT9xCp81Qv9chdSA
        ⚠️ No PDF link found for: Untitled Document
        ✅ Saved: 87. Early Childhood Care And Education -> https://www.selfstudys.com/sitepdfs/tpg8snTUyU3q3ugQv2uR
        ✅ Saved: Untitled Document -> https://www.selfstudys.com/sitepdfs/tpg8snTUyU3q3ugQv2uR
        ⚠️ No PDF link found for: Untitled Document
        ✅ Saved: 98. Guidance and Counselling -> https://www.selfstudys.com/sitepdfs/Qahkk3Fzyk39oePBDkX8
        ✅ Saved: Untitled Document -> https://www.selfstudys.com/sitepdfs/Qahkk3Fzyk39oePBDkX8
        ⚠️ No PDF link found for: Untitled Document
        ✅ Saved: 109. Special Education And Support Services -> https://www.selfstudys.com/sitepdfs/sVBPMqbaVB5qM07RknBx
        ✅ Saved: Untitled Document -> https://www.selfstudys.com/sitepdfs/sVBPMqbaVB5qM07RknBx
        ⚠️ No PDF link found for: Untitled Document
        ✅ Saved: 1110. Management Of Support Services, Institutions & Programmes For Children, Youth & Elderly -> https://www.selfstudys.com/sitepdfs/YAQFmAZdGQntnSGNw98O
        ✅ Saved: Untitled Document -> https://www.selfstudys.com/sitepdfs/YAQFmAZdGQntnSGNw98O
        ⚠️ No PDF link found for: Untitled Document
      Scraping Subject: 31. Human Ecology & Family Science Part - II (URL: https://www.selfstudys.com/books/haryana/state-books/class-12th/human-ecology-family-science-part-ii/27625)
        Found 51 PDF items for subject 31. Human Ecology & Family Science Part - II.
        ✅ Saved: 1Prelims -> https://www.selfstudys.com/sitepdfs/Bc5yitDQDX3humgoMGrx
        ✅ Saved: Untitled Document -> https://www.selfstudys.com/sitepdfs/Bc5yitDQDX3humgoMGrx
        ⚠️ No PDF link found for: Untitled Document
        ✅ Saved: 21. Design For Fabric And Apparel -> https://www.selfstudys.com/sitepdfs/aJgK95PIGoCsF7Hjs9gs
        ✅ Saved: Untitled Document -> https://www.selfstudys.com/sitepdfs/aJgK95PIGoCsF7Hjs9gs
        ⚠️ No PDF link found for: Untitled Document
        ✅ Saved: 32. Fashion Design And Merchandising -> https://www.selfstudys.com/sitepdfs/ueXY3CD0GVyphvXD3hcI
        ✅ Saved: Untitled Document -> https://www.selfstudys.com/sitepdfs/ueXY3CD0GVyphvXD3hcI
        ⚠️ No PDF link found for: Untitled Document
        ✅ Saved: 43. Production And Quality Control In The Garment Industry -> https://www.selfstudys.com/sitepdfs/Ma7dXXMsHiS59bBJbAmV
        ✅ Saved: Untitled Document -> https://www.selfstudys.com/sitepdfs/Ma7dXXMsHiS59bBJbAmV
        ⚠️ No PDF link found for: Untitled Document
        ✅ Saved: 54. Textile Conservation In Museums -> https://www.selfstudys.com/sitepdfs/5DtCwSgv2inhbXyg0UAo
        ✅ Saved: Untitled Document -> https://www.selfstudys.com/sitepdfs/5DtCwSgv2inhbXyg0UAo
        ⚠️ No PDF link found for: Untitled Document
        ✅ Saved: 65. Care And Maintenance Of Fabrics In Institutions -> https://www.selfstudys.com/sitepdfs/ijqYPtA9jcSxqJXWwacl
        ✅ Saved: Untitled Document -> https://www.selfstudys.com/sitepdfs/ijqYPtA9jcSxqJXWwacl
        ⚠️ No PDF link found for: Untitled Document
        ✅ Saved: 76. Human Resource Management -> https://www.selfstudys.com/sitepdfs/WeUAR3TDCoTW68I6kwZ9
        ✅ Saved: Untitled Document -> https://www.selfstudys.com/sitepdfs/WeUAR3TDCoTW68I6kwZ9
        ⚠️ No PDF link found for: Untitled Document
        ✅ Saved: 87. Hospitality Management -> https://www.selfstudys.com/sitepdfs/8tIoMvNogxlTbxCZ7jJi
        ✅ Saved: Untitled Document -> https://www.selfstudys.com/sitepdfs/8tIoMvNogxlTbxCZ7jJi
        ⚠️ No PDF link found for: Untitled Document
        ✅ Saved: 98. Ergonomics And Designing Of Interior & Exterior Spaces -> https://www.selfstudys.com/sitepdfs/KkUJSTqcYz6o6N7BRxpE
        ✅ Saved: Untitled Document -> https://www.selfstudys.com/sitepdfs/KkUJSTqcYz6o6N7BRxpE
        ⚠️ No PDF link found for: Untitled Document
        ✅ Saved: 109. Event Management -> https://www.selfstudys.com/sitepdfs/qchHylouxEuVIlojDzyi
        ✅ Saved: Untitled Document -> https://www.selfstudys.com/sitepdfs/qchHylouxEuVIlojDzyi
        ⚠️ No PDF link found for: Untitled Document
        ✅ Saved: 1110. Consumer Education and Protection -> https://www.selfstudys.com/sitepdfs/IZg6s30RDguezxGKD5qE
        ✅ Saved: Untitled Document -> https://www.selfstudys.com/sitepdfs/IZg6s30RDguezxGKD5qE
        ⚠️ No PDF link found for: Untitled Document
        ✅ Saved: 1211. Development Communication And Journalism -> https://www.selfstudys.com/sitepdfs/OHYcRihXsUtrJ1JwVCfM
        ✅ Saved: Untitled Document -> https://www.selfstudys.com/sitepdfs/OHYcRihXsUtrJ1JwVCfM
        ⚠️ No PDF link found for: Untitled Document
        ✅ Saved: 1312. Advocacy -> https://www.selfstudys.com/sitepdfs/W5wR6kweBlURdGlzcNbQ
        ✅ Saved: Untitled Document -> https://www.selfstudys.com/sitepdfs/W5wR6kweBlURdGlzcNbQ
        ⚠️ No PDF link found for: Untitled Document
        ✅ Saved: 1413. Media Management, Design & Production -> https://www.selfstudys.com/sitepdfs/HgrawDhtwHh4S3i42NGN
        ✅ Saved: Untitled Document -> https://www.selfstudys.com/sitepdfs/HgrawDhtwHh4S3i42NGN
        ⚠️ No PDF link found for: Untitled Document
        ✅ Saved: 1514. Corporate Communication & Public Relations -> https://www.selfstudys.com/sitepdfs/ZStA5w3mpEvnYjPO2adf
        ✅ Saved: Untitled Document -> https://www.selfstudys.com/sitepdfs/ZStA5w3mpEvnYjPO2adf
        ⚠️ No PDF link found for: Untitled Document
        ✅ Saved: 1615. Management Of Development Programmes -> https://www.selfstudys.com/sitepdfs/6NWNXek6eWla1tal5y9Q
        ✅ Saved: Untitled Document -> https://www.selfstudys.com/sitepdfs/6NWNXek6eWla1tal5y9Q
        ⚠️ No PDF link found for: Untitled Document
        ✅ Saved: 17Appendix -> https://www.selfstudys.com/sitepdfs/9MoTPTBuL1Dqff5HU2gX
        ✅ Saved: Untitled Document -> https://www.selfstudys.com/sitepdfs/9MoTPTBuL1Dqff5HU2gX
        ⚠️ No PDF link found for: Untitled Document
      Scraping Subject: 1. गणित भाग - 1 (URL: https://www.selfstudys.com/books/haryana/state-books/class-12th/गणित-भाग-1/27472)
        Found 30 PDF items for subject 1. गणित भाग - 1.
        ✅ Saved: 1Prelims -> https://www.selfstudys.com/sitepdfs/MyeyNN0X5r6AL2CAm0DU
        ✅ Saved: Untitled Document -> https://www.selfstudys.com/sitepdfs/MyeyNN0X5r6AL2CAm0DU
        ⚠️ No PDF link found for: Untitled Document
        ✅ Saved: 21. संबंध एवं फलन -> https://www.selfstudys.com/sitepdfs/T82hLvglgqAo8UFP8dkm
        ✅ Saved: Untitled Document -> https://www.selfstudys.com/sitepdfs/T82hLvglgqAo8UFP8dkm
        ⚠️ No PDF link found for: Untitled Document
        ✅ Saved: 32. प्रतिलोम त्रिकोणमितीय फलन -> https://www.selfstudys.com/sitepdfs/eJuqVlj1Ial62PsxfNkm
        ✅ Saved: Untitled Document -> https://www.selfstudys.com/sitepdfs/eJuqVlj1Ial62PsxfNkm
        ⚠️ No PDF link found for: Untitled Document
        ✅ Saved: 43. आव्यूह -> https://www.selfstudys.com/sitepdfs/PRaNYLuFBTsaZ6YeaJ2M
        ✅ Saved: Untitled Document -> https://www.selfstudys.com/sitepdfs/PRaNYLuFBTsaZ6YeaJ2M
        ⚠️ No PDF link found for: Untitled Document
        ✅ Saved: 54. सारणिक -> https://www.selfstudys.com/sitepdfs/eaAovJ6HglAjBWazjUum
        ✅ Saved: Untitled Document -> https://www.selfstudys.com/sitepdfs/eaAovJ6HglAjBWazjUum
        ❌ Error scraping PDF page https://www.selfstudys.com/advance-pdf-viewer/haryana/state-books/class-12th/गणित-भाग-1/4-सारणिक/446559: aborted
        ✅ Saved: 65. सांतत्य तथा अवकलनीयता -> https://www.selfstudys.com/sitepdfs/ksuIj1vujVAvtPXSXxmC
        ✅ Saved: Untitled Document -> https://www.selfstudys.com/sitepdfs/ksuIj1vujVAvtPXSXxmC
        ⚠️ No PDF link found for: Untitled Document
        ✅ Saved: 76. अवकलज के अनुप्रयोग -> https://www.selfstudys.com/sitepdfs/Slt7sFHeylAe3aH1IFn8
        ✅ Saved: Untitled Document -> https://www.selfstudys.com/sitepdfs/Slt7sFHeylAe3aH1IFn8
        ⚠️ No PDF link found for: Untitled Document
        ✅ Saved: 8परिशिष्ट - I -> https://www.selfstudys.com/sitepdfs/PlyMnEIabzCfm3FZScuo
        ✅ Saved: Untitled Document -> https://www.selfstudys.com/sitepdfs/PlyMnEIabzCfm3FZScuo
        ❌ Error scraping PDF page https://www.selfstudys.com/advance-pdf-viewer/haryana/state-books/class-12th/गणित-भाग-1/परिशिष्ट-i/446556: aborted
        ✅ Saved: 9परिशिष्ट - II -> https://www.selfstudys.com/sitepdfs/n4RUofSWwml7LW2RmbnK
        ✅ Saved: Untitled Document -> https://www.selfstudys.com/sitepdfs/n4RUofSWwml7LW2RmbnK
        ⚠️ No PDF link found for: Untitled Document
        ✅ Saved: 10Answers -> https://www.selfstudys.com/sitepdfs/mBgoHcTXNjLHWsvuJhjT
        ✅ Saved: Untitled Document -> https://www.selfstudys.com/sitepdfs/mBgoHcTXNjLHWsvuJhjT
        ⚠️ No PDF link found for: Untitled Document
      Scraping Subject: 2. गणित भाग - 2 (URL: https://www.selfstudys.com/books/haryana/state-books/class-12th/गणित-भाग-2/27473)
        Found 30 PDF items for subject 2. गणित भाग - 2.
        ✅ Saved: 1Prelims -> https://www.selfstudys.com/sitepdfs/zQSp66SG8JrAx4eGCtoA
        ✅ Saved: Untitled Document -> https://www.selfstudys.com/sitepdfs/zQSp66SG8JrAx4eGCtoA
        ⚠️ No PDF link found for: Untitled Document
        ✅ Saved: 21. समाकलन -> https://www.selfstudys.com/sitepdfs/D1CQ0Yqlx8ihZmEZQm0a
        ✅ Saved: Untitled Document -> https://www.selfstudys.com/sitepdfs/D1CQ0Yqlx8ihZmEZQm0a
        ⚠️ No PDF link found for: Untitled Document
        ✅ Saved: 32. समाकलनों के अनुप्रयोग -> https://www.selfstudys.com/sitepdfs/ZtvqS8ex7Ouv9XJbGQ7Y
        ✅ Saved: Untitled Document -> https://www.selfstudys.com/sitepdfs/ZtvqS8ex7Ouv9XJbGQ7Y
        ⚠️ No PDF link found for: Untitled Document
        ✅ Saved: 43. अवकल समीकरण -> https://www.selfstudys.com/sitepdfs/hBN82WCsAPVh8JuCfwll
        ✅ Saved: Untitled Document -> https://www.selfstudys.com/sitepdfs/hBN82WCsAPVh8JuCfwll
        ⚠️ No PDF link found for: Untitled Document
        ✅ Saved: 54. सदिश बीजगणित -> https://www.selfstudys.com/sitepdfs/6U2dYcKyMI3Z9ptvwmEE
        ✅ Saved: Untitled Document -> https://www.selfstudys.com/sitepdfs/6U2dYcKyMI3Z9ptvwmEE
        ⚠️ No PDF link found for: Untitled Document
        ✅ Saved: 65. त्रि-विमीय ज्यामिति -> https://www.selfstudys.com/sitepdfs/V6WsYIcQ6ndzmrLFipTT
        ✅ Saved: Untitled Document -> https://www.selfstudys.com/sitepdfs/V6WsYIcQ6ndzmrLFipTT
        ⚠️ No PDF link found for: Untitled Document
        ✅ Saved: 76. रैखिक प्रोग्रामन -> https://www.selfstudys.com/sitepdfs/fcWIWLjbQ4wbgLJH3xCf
        ✅ Saved: Untitled Document -> https://www.selfstudys.com/sitepdfs/fcWIWLjbQ4wbgLJH3xCf
        ⚠️ No PDF link found for: Untitled Document
        ✅ Saved: 87. प्रायिकता -> https://www.selfstudys.com/sitepdfs/yXS4DYXBf7KdZDC5J08y
        ✅ Saved: Untitled Document -> https://www.selfstudys.com/sitepdfs/yXS4DYXBf7KdZDC5J08y
        ⚠️ No PDF link found for: Untitled Document
        ✅ Saved: 9Practice -> https://www.selfstudys.com/sitepdfs/2rKZnMV9deejh4cjygDd
        ✅ Saved: Untitled Document -> https://www.selfstudys.com/sitepdfs/2rKZnMV9deejh4cjygDd
        ❌ Error scraping PDF page https://www.selfstudys.com/advance-pdf-viewer/haryana/state-books/class-12th/गणित-भाग-2/practice/446565: aborted
        ✅ Saved: 10Answers -> https://www.selfstudys.com/sitepdfs/9zTiVrU4Jm63wXwd2Qah
        ✅ Saved: Untitled Document -> https://www.selfstudys.com/sitepdfs/9zTiVrU4Jm63wXwd2Qah
        ⚠️ No PDF link found for: Untitled Document
      Scraping Subject: 3. लेखाशास्त्र भाग - 1 (URL: https://www.selfstudys.com/books/haryana/state-books/class-12th/लेखाशास्त्र-भाग-1/27474)
        Found 18 PDF items for subject 3. लेखाशास्त्र भाग - 1.
        ✅ Saved: 1Prelims -> https://www.selfstudys.com/sitepdfs/e5bQX5dtoNLzQ9H3t7LE
        ✅ Saved: Untitled Document -> https://www.selfstudys.com/sitepdfs/e5bQX5dtoNLzQ9H3t7LE
        ⚠️ No PDF link found for: Untitled Document
        ✅ Saved: 21. अलाभकारी संस्थाओं के लिए लेखांकन -> https://www.selfstudys.com/sitepdfs/xxlTiOMepyt5JAX6NGwN
        ✅ Saved: Untitled Document -> https://www.selfstudys.com/sitepdfs/xxlTiOMepyt5JAX6NGwN
        ⚠️ No PDF link found for: Untitled Document
        ✅ Saved: 32. साझेदारी लेखांकन - आधारभूत अवधारणाएँ -> https://www.selfstudys.com/sitepdfs/daIIgnh1pCmr2QnXj3t4
        ✅ Saved: Untitled Document -> https://www.selfstudys.com/sitepdfs/daIIgnh1pCmr2QnXj3t4
        ⚠️ No PDF link found for: Untitled Document
        ✅ Saved: 43. साझेदारी फर्म का पुनर्गठनसाझेदार का प्रवेश -> https://www.selfstudys.com/sitepdfs/4rjLymBukQ5i1doyLjmF
        ✅ Saved: Untitled Document -> https://www.selfstudys.com/sitepdfs/4rjLymBukQ5i1doyLjmF
        ⚠️ No PDF link found for: Untitled Document
        ✅ Saved: 54. साझेदारी फर्म का पुनर्गठन - साझेदार की सेवानिवृत्ति - मृत्य -> https://www.selfstudys.com/sitepdfs/Zw3FMR8vcvHSM5hxIR2e
        ✅ Saved: Untitled Document -> https://www.selfstudys.com/sitepdfs/Zw3FMR8vcvHSM5hxIR2e
        ⚠️ No PDF link found for: Untitled Document
        ✅ Saved: 65. साझेदारी फर्म का विघटन -> https://www.selfstudys.com/sitepdfs/UHvoR3P7vFhE7CVBxuji
        ✅ Saved: Untitled Document -> https://www.selfstudys.com/sitepdfs/UHvoR3P7vFhE7CVBxuji
        ⚠️ No PDF link found for: Untitled Document
      Scraping Subject: 4. लेखाशास्त्र भाग - 2 (URL: https://www.selfstudys.com/books/haryana/state-books/class-12th/लेखाशास्त्र-भाग-2/27475)
        Found 21 PDF items for subject 4. लेखाशास्त्र भाग - 2.
        ✅ Saved: 1Prelims -> https://www.selfstudys.com/sitepdfs/qtZIyTjVsRY3XJpUhkdc
        ✅ Saved: Untitled Document -> https://www.selfstudys.com/sitepdfs/qtZIyTjVsRY3XJpUhkdc
        ⚠️ No PDF link found for: Untitled Document
        ✅ Saved: 21. अंशपूँजी के लिए लेखांकन -> https://www.selfstudys.com/sitepdfs/BsTQR69zT8Heke8ifC2h
        ✅ Saved: Untitled Document -> https://www.selfstudys.com/sitepdfs/BsTQR69zT8Heke8ifC2h
        ⚠️ No PDF link found for: Untitled Document
        ✅ Saved: 32. ऋणपत्रें का निर्गम एवं मोचन -> https://www.selfstudys.com/sitepdfs/JE1YUjUvZpAPoZg8PsC5
        ✅ Saved: Untitled Document -> https://www.selfstudys.com/sitepdfs/JE1YUjUvZpAPoZg8PsC5
        ⚠️ No PDF link found for: Untitled Document
        ✅ Saved: 43. कंपनी के वित्तीय विवरण -> https://www.selfstudys.com/sitepdfs/yZEN6U6G7MZqZdpytgCR
        ✅ Saved: Untitled Document -> https://www.selfstudys.com/sitepdfs/yZEN6U6G7MZqZdpytgCR
        ⚠️ No PDF link found for: Untitled Document
        ✅ Saved: 54. वित्तीय विवरणों का विश्लेषण -> https://www.selfstudys.com/sitepdfs/m1WkX7uUbzX2CbWtW525
        ✅ Saved: Untitled Document -> https://www.selfstudys.com/sitepdfs/m1WkX7uUbzX2CbWtW525
        ⚠️ No PDF link found for: Untitled Document
        ✅ Saved: 65. लेखांकन अनुपात -> https://www.selfstudys.com/sitepdfs/77u3yKVQWTGaB3EQXSpG
        ✅ Saved: Untitled Document -> https://www.selfstudys.com/sitepdfs/77u3yKVQWTGaB3EQXSpG
        ⚠️ No PDF link found for: Untitled Document
        ✅ Saved: 76. रोकड़ प्रवाह विवरण -> https://www.selfstudys.com/sitepdfs/9M6j9TKcld5Ippy8vjfD
        ✅ Saved: Untitled Document -> https://www.selfstudys.com/sitepdfs/9M6j9TKcld5Ippy8vjfD
        ⚠️ No PDF link found for: Untitled Document
      Scraping Subject: 5. व्यवसाय अध्ययन भाग - 1 (URL: https://www.selfstudys.com/books/haryana/state-books/class-12th/व्यवसाय-अध्ययन-भाग-1/27476)
        Found 27 PDF items for subject 5. व्यवसाय अध्ययन भाग - 1.
        ✅ Saved: 1Prelims -> https://www.selfstudys.com/sitepdfs/s6c0pz4QEw2ZeMCn5U3t
        ✅ Saved: Untitled Document -> https://www.selfstudys.com/sitepdfs/s6c0pz4QEw2ZeMCn5U3t
        ⚠️ No PDF link found for: Untitled Document
        ✅ Saved: 21. प्रबंध की प्रकृति एवं महत्त्व -> https://www.selfstudys.com/sitepdfs/poMpbEhKFT9yQli8c34K
        ✅ Saved: Untitled Document -> https://www.selfstudys.com/sitepdfs/poMpbEhKFT9yQli8c34K
        ⚠️ No PDF link found for: Untitled Document
        ✅ Saved: 32. प्रबंध के सिद्धांत -> https://www.selfstudys.com/sitepdfs/1WMVPJiCI5k7LHwjr9U4
        ✅ Saved: Untitled Document -> https://www.selfstudys.com/sitepdfs/1WMVPJiCI5k7LHwjr9U4
        ⚠️ No PDF link found for: Untitled Document
        ✅ Saved: 43. व्यावसायिक पर्यावरण -> https://www.selfstudys.com/sitepdfs/urcEC5cQ9xciDV7dg4TE
        ✅ Saved: Untitled Document -> https://www.selfstudys.com/sitepdfs/urcEC5cQ9xciDV7dg4TE
        ⚠️ No PDF link found for: Untitled Document
        ✅ Saved: 54. नियोजन -> https://www.selfstudys.com/sitepdfs/kUoUAZ5GW4Q2soovGbvU
        ✅ Saved: Untitled Document -> https://www.selfstudys.com/sitepdfs/kUoUAZ5GW4Q2soovGbvU
        ⚠️ No PDF link found for: Untitled Document
        ✅ Saved: 65. संगठन -> https://www.selfstudys.com/sitepdfs/jdqoGkcnQ77DGNhJ3kJ8
        ✅ Saved: Untitled Document -> https://www.selfstudys.com/sitepdfs/jdqoGkcnQ77DGNhJ3kJ8
        ⚠️ No PDF link found for: Untitled Document
        ✅ Saved: 76. नियुक्तिकरण -> https://www.selfstudys.com/sitepdfs/zMkm5tUVZv6IlC38IPRR
        ✅ Saved: Untitled Document -> https://www.selfstudys.com/sitepdfs/zMkm5tUVZv6IlC38IPRR
        ⚠️ No PDF link found for: Untitled Document
        ✅ Saved: 87. निर्देशन -> https://www.selfstudys.com/sitepdfs/CaYyP0O5pqltSSDe10uS
        ✅ Saved: Untitled Document -> https://www.selfstudys.com/sitepdfs/CaYyP0O5pqltSSDe10uS
        ⚠️ No PDF link found for: Untitled Document
        ✅ Saved: 98. नियंत्रण -> https://www.selfstudys.com/sitepdfs/HtqOWWL9pcChTqZRh0QK
        ✅ Saved: Untitled Document -> https://www.selfstudys.com/sitepdfs/HtqOWWL9pcChTqZRh0QK
        ⚠️ No PDF link found for: Untitled Document
      Scraping Subject: 6. व्यवसाय अध्ययन भाग - 2 (URL: https://www.selfstudys.com/books/haryana/state-books/class-12th/व्यवसाय-अध्ययन-भाग-2/27477)
        Found 15 PDF items for subject 6. व्यवसाय अध्ययन भाग - 2.
        ✅ Saved: 1Prelims -> https://www.selfstudys.com/sitepdfs/Kui3B2hpmHMEiYdpNrNM
        ✅ Saved: Untitled Document -> https://www.selfstudys.com/sitepdfs/Kui3B2hpmHMEiYdpNrNM
        ⚠️ No PDF link found for: Untitled Document
        ✅ Saved: 21. व्यावसायिक वित्त -> https://www.selfstudys.com/sitepdfs/987nxGdyOuwTN2peUj6T
        ✅ Saved: Untitled Document -> https://www.selfstudys.com/sitepdfs/987nxGdyOuwTN2peUj6T
        ⚠️ No PDF link found for: Untitled Document
        ✅ Saved: 32. वित्तीय बाजार -> https://www.selfstudys.com/sitepdfs/C47NWHvg2Ql16MnuZftk
        ✅ Saved: Untitled Document -> https://www.selfstudys.com/sitepdfs/C47NWHvg2Ql16MnuZftk
        ⚠️ No PDF link found for: Untitled Document
        ✅ Saved: 43. विपणन -> https://www.selfstudys.com/sitepdfs/UlMGt4Y5QW6dp1yGlIYe
        ✅ Saved: Untitled Document -> https://www.selfstudys.com/sitepdfs/UlMGt4Y5QW6dp1yGlIYe
        ⚠️ No PDF link found for: Untitled Document
        ✅ Saved: 54. उपभोक्ता संरक्षण -> https://www.selfstudys.com/sitepdfs/bSmCSskqqFTpqxWzzE0q
        ✅ Saved: Untitled Document -> https://www.selfstudys.com/sitepdfs/bSmCSskqqFTpqxWzzE0q
        ⚠️ No PDF link found for: Untitled Document
      Scraping Subject: 7. Flamingo (URL: https://www.selfstudys.com/books/haryana/state-books/class-12th/flamingo/27478)
        Found 45 PDF items for subject 7. Flamingo.
        ✅ Saved: 1Prelims -> https://www.selfstudys.com/sitepdfs/V3CmG77WFu0A9JH3WLb4
        ✅ Saved: Untitled Document -> https://www.selfstudys.com/sitepdfs/V3CmG77WFu0A9JH3WLb4
        ⚠️ No PDF link found for: Untitled Document
        ✅ Saved: 21. The Last Lesson -> https://www.selfstudys.com/sitepdfs/6qQCv1yANwfRGDtP91FF
        ✅ Saved: Untitled Document -> https://www.selfstudys.com/sitepdfs/6qQCv1yANwfRGDtP91FF
        ⚠️ No PDF link found for: Untitled Document
        ✅ Saved: 32. Lost Spring -> https://www.selfstudys.com/sitepdfs/PjZpY89XAJNKN3n5MMXo
        ✅ Saved: Untitled Document -> https://www.selfstudys.com/sitepdfs/PjZpY89XAJNKN3n5MMXo
        ⚠️ No PDF link found for: Untitled Document
        ✅ Saved: 43. Deep Water -> https://www.selfstudys.com/sitepdfs/bgXgedqcxFlZdYtoIsqt
        ✅ Saved: Untitled Document -> https://www.selfstudys.com/sitepdfs/bgXgedqcxFlZdYtoIsqt
        ⚠️ No PDF link found for: Untitled Document
        ✅ Saved: 54. The Rattrap -> https://www.selfstudys.com/sitepdfs/uEn1yiaGWB6XBw92tY8A
        ✅ Saved: Untitled Document -> https://www.selfstudys.com/sitepdfs/uEn1yiaGWB6XBw92tY8A
        ⚠️ No PDF link found for: Untitled Document
        ✅ Saved: 65. Indigo -> https://www.selfstudys.com/sitepdfs/l657nOVygkZpD6EWEj3s
        ✅ Saved: Untitled Document -> https://www.selfstudys.com/sitepdfs/l657nOVygkZpD6EWEj3s
        ⚠️ No PDF link found for: Untitled Document
        ✅ Saved: 76. Poets and Pancakes -> https://www.selfstudys.com/sitepdfs/3HMI6b3ljr4T15rUmBA9
        ✅ Saved: Untitled Document -> https://www.selfstudys.com/sitepdfs/3HMI6b3ljr4T15rUmBA9
        ⚠️ No PDF link found for: Untitled Document
        ✅ Saved: 87. The Interview -> https://www.selfstudys.com/sitepdfs/7vmAprCsyir3cZgcECa0
        ✅ Saved: Untitled Document -> https://www.selfstudys.com/sitepdfs/7vmAprCsyir3cZgcECa0
        ⚠️ No PDF link found for: Untitled Document
        ✅ Saved: 98. Going Places -> https://www.selfstudys.com/sitepdfs/Cmzz2LIV8hOiPhY0663W
        ✅ Saved: Untitled Document -> https://www.selfstudys.com/sitepdfs/Cmzz2LIV8hOiPhY0663W
        ⚠️ No PDF link found for: Untitled Document
        ✅ Saved: 109. My Mother At Sixty-Six - Poetry -> https://www.selfstudys.com/sitepdfs/SjxY6fOlsv38u44PBm8q
        ✅ Saved: Untitled Document -> https://www.selfstudys.com/sitepdfs/SjxY6fOlsv38u44PBm8q
        ⚠️ No PDF link found for: Untitled Document
        ✅ Saved: 1110. An Elementary School Classroom In a Slum - Poetry -> https://www.selfstudys.com/sitepdfs/FiohpMZgddGQtlNGLpBw
        ❌ Error scraping PDF page https://www.selfstudys.com/books/haryana/state-books/class-12th/flamingo/10-an-elementary-school-classroom-in-a-slum-poetry/446621: aborted
        ⚠️ No PDF link found for: Untitled Document
        ✅ Saved: 1211. Keeping Quiet - Poetry -> https://www.selfstudys.com/sitepdfs/HWJbeg1MUNYSFHt2wdIF
        ✅ Saved: Untitled Document -> https://www.selfstudys.com/sitepdfs/HWJbeg1MUNYSFHt2wdIF
        ⚠️ No PDF link found for: Untitled Document
        ✅ Saved: 1312. A Thing Of Beauty - Poetry -> https://www.selfstudys.com/sitepdfs/NuHg6stQSJ03lqVamfDb
        ✅ Saved: Untitled Document -> https://www.selfstudys.com/sitepdfs/NuHg6stQSJ03lqVamfDb
        ⚠️ No PDF link found for: Untitled Document
        ✅ Saved: 1413. A Roadside Stand - Poetry -> https://www.selfstudys.com/sitepdfs/LV2DjJZF3E1oKRsuzv5B
        ✅ Saved: Untitled Document -> https://www.selfstudys.com/sitepdfs/LV2DjJZF3E1oKRsuzv5B
        ⚠️ No PDF link found for: Untitled Document
        ✅ Saved: 1514. Aunt Jennifer’s Tigers - Poetry -> https://www.selfstudys.com/sitepdfs/wTGOf4j0gXlhZp3Y2098
        ✅ Saved: Untitled Document -> https://www.selfstudys.com/sitepdfs/wTGOf4j0gXlhZp3Y2098
        ⚠️ No PDF link found for: Untitled Document
      Scraping Subject: 8. Vistas (URL: https://www.selfstudys.com/books/haryana/state-books/class-12th/vistas/27479)
        Found 27 PDF items for subject 8. Vistas.
        ✅ Saved: 1Index -> https://www.selfstudys.com/sitepdfs/tyEoks3k8OKqGtFqupxy
        ✅ Saved: Untitled Document -> https://www.selfstudys.com/sitepdfs/tyEoks3k8OKqGtFqupxy
        ⚠️ No PDF link found for: Untitled Document
        ✅ Saved: 21. The Third Level -> https://www.selfstudys.com/sitepdfs/3fMor1LAnM1mfJ52raLK
        ✅ Saved: Untitled Document -> https://www.selfstudys.com/sitepdfs/3fMor1LAnM1mfJ52raLK
        ⚠️ No PDF link found for: Untitled Document
        ✅ Saved: 32. The Tiger King -> https://www.selfstudys.com/sitepdfs/qhC06DQDmv47St570znD
        ✅ Saved: Untitled Document -> https://www.selfstudys.com/sitepdfs/qhC06DQDmv47St570znD
        ⚠️ No PDF link found for: Untitled Document
        ✅ Saved: 43. Journey to the End of the Earth -> https://www.selfstudys.com/sitepdfs/IN6GP1w7yw62x3LLbL3b
        ✅ Saved: Untitled Document -> https://www.selfstudys.com/sitepdfs/IN6GP1w7yw62x3LLbL3b
        ⚠️ No PDF link found for: Untitled Document
        ✅ Saved: 54. The Enemy -> https://www.selfstudys.com/sitepdfs/vA6PW9Y7i0QOS23vN0Hs
        ✅ Saved: Untitled Document -> https://www.selfstudys.com/sitepdfs/vA6PW9Y7i0QOS23vN0Hs
        ⚠️ No PDF link found for: Untitled Document
        ✅ Saved: 65. Should Wizard Hit Mommy -> https://www.selfstudys.com/sitepdfs/pGaTluG6rMEebyxgj72r
        ✅ Saved: Untitled Document -> https://www.selfstudys.com/sitepdfs/pGaTluG6rMEebyxgj72r
        ⚠️ No PDF link found for: Untitled Document
        ✅ Saved: 76. On the Face of It -> https://www.selfstudys.com/sitepdfs/vOF9kPQ4ij58xIsx4yVO
        ✅ Saved: Untitled Document -> https://www.selfstudys.com/sitepdfs/vOF9kPQ4ij58xIsx4yVO
        ⚠️ No PDF link found for: Untitled Document
        ✅ Saved: 87. Evans Tries An O-level -> https://www.selfstudys.com/sitepdfs/YZCaPt9ddS95A5vIhmb1
        ✅ Saved: Untitled Document -> https://www.selfstudys.com/sitepdfs/YZCaPt9ddS95A5vIhmb1
        ⚠️ No PDF link found for: Untitled Document
        ✅ Saved: 98. Memories of Childhood -> https://www.selfstudys.com/sitepdfs/pK3JO83kdbprKhROwmmo
        ❌ Error scraping PDF page https://www.selfstudys.com/books/haryana/state-books/class-12th/vistas/8-memories-of-childhood/446644: aborted
        ⚠️ No PDF link found for: Untitled Document
      Scraping Subject: 9. मनोविज्ञान (URL: https://www.selfstudys.com/books/haryana/state-books/class-12th/मनोविज्ञान/27480)
        Found 33 PDF items for subject 9. मनोविज्ञान.
        ✅ Saved: 1Prelims -> https://www.selfstudys.com/sitepdfs/e247hK28KGsyxJDG52hB
        ✅ Saved: Untitled Document -> https://www.selfstudys.com/sitepdfs/e247hK28KGsyxJDG52hB
        ⚠️ No PDF link found for: Untitled Document
        ✅ Saved: 21. मनोवैज्ञानिक गुणों में विभिन्नताएँ -> https://www.selfstudys.com/sitepdfs/ikLHEBmYxTmuyWdSVKtV
        ❌ Error scraping PDF page https://www.selfstudys.com/books/haryana/state-books/class-12th/मनोविज्ञान/1-मनोवैज्ञानिक-गुणों-में-विभिन्नताएँ/446670: aborted
        ⚠️ No PDF link found for: Untitled Document
        ✅ Saved: 32. आत्म एवं व्यक्तित्व -> https://www.selfstudys.com/sitepdfs/HvwPWFx7ds7tk3AZpKrb
        ✅ Saved: Untitled Document -> https://www.selfstudys.com/sitepdfs/HvwPWFx7ds7tk3AZpKrb
        ⚠️ No PDF link found for: Untitled Document
        ✅ Saved: 43. जीवन की चुनौतियों का सामना -> https://www.selfstudys.com/sitepdfs/7F1hfSv4q4VFbxEBkxHB
        ✅ Saved: Untitled Document -> https://www.selfstudys.com/sitepdfs/7F1hfSv4q4VFbxEBkxHB
        ⚠️ No PDF link found for: Untitled Document
        ✅ Saved: 54. मनोवैज्ञानिक विकार -> https://www.selfstudys.com/sitepdfs/qEJXAj8zKamDi8NTYNnN
        ✅ Saved: Untitled Document -> https://www.selfstudys.com/sitepdfs/qEJXAj8zKamDi8NTYNnN
        ⚠️ No PDF link found for: Untitled Document
        ✅ Saved: 65. चिकित्सा उपागम -> https://www.selfstudys.com/sitepdfs/2MW0uMTHw3iDLy6NTHCF
        ❌ Error scraping PDF page https://www.selfstudys.com/books/haryana/state-books/class-12th/मनोविज्ञान/5-चिकित्सा-उपागम/446666: aborted
        ⚠️ No PDF link found for: Untitled Document
        ✅ Saved: 76. अभिवृत्ति एवं सामाजिक संज्ञान -> https://www.selfstudys.com/sitepdfs/lSWSaa31Rqo4HVPFKbBm
        ✅ Saved: Untitled Document -> https://www.selfstudys.com/sitepdfs/lSWSaa31Rqo4HVPFKbBm
        ⚠️ No PDF link found for: Untitled Document
        ✅ Saved: 87. सामाजिक प्रभाव एवं समूह प्रक्रम -> https://www.selfstudys.com/sitepdfs/zwVzIoQWqM2uT7KTl05l
        ✅ Saved: Untitled Document -> https://www.selfstudys.com/sitepdfs/zwVzIoQWqM2uT7KTl05l
        ⚠️ No PDF link found for: Untitled Document
        ✅ Saved: 98. मनोविज्ञान एवं जीवन -> https://www.selfstudys.com/sitepdfs/Lxw1XuApHQuxbJmt1XOH
        ✅ Saved: Untitled Document -> https://www.selfstudys.com/sitepdfs/Lxw1XuApHQuxbJmt1XOH
        ⚠️ No PDF link found for: Untitled Document
        ✅ Saved: 109. मनोवैज्ञानिक कौशलों का विकास -> https://www.selfstudys.com/sitepdfs/3FUK4NvQG22Wj4DdKYyl
        ✅ Saved: Untitled Document -> https://www.selfstudys.com/sitepdfs/3FUK4NvQG22Wj4DdKYyl
        ⚠️ No PDF link found for: Untitled Document
        ✅ Saved: 11शब्दावली -> https://www.selfstudys.com/sitepdfs/59Sw4fMbp6yuYyVfg4ND
        ✅ Saved: Untitled Document -> https://www.selfstudys.com/sitepdfs/59Sw4fMbp6yuYyVfg4ND
        ⚠️ No PDF link found for: Untitled Document
      Scraping Subject: 10. भारत लोग और अर्थव्यवस्था (URL: https://www.selfstudys.com/books/haryana/state-books/class-12th/भारत-लोग-और-अर्थव्यवस्था/27481)
        Found 45 PDF items for subject 10. भारत लोग और अर्थव्यवस्था.
        ✅ Saved: 1Prelims -> https://www.selfstudys.com/sitepdfs/4GnEsuUP3CWyG8LXey9w
        ✅ Saved: Untitled Document -> https://www.selfstudys.com/sitepdfs/4GnEsuUP3CWyG8LXey9w
        ⚠️ No PDF link found for: Untitled Document
        ✅ Saved: 21. जनसंख्या - वितरण, घनत्व, वृद्धि और संघटन -> https://www.selfstudys.com/sitepdfs/BfAQuiZfd59dxtXMVuS1
        ✅ Saved: Untitled Document -> https://www.selfstudys.com/sitepdfs/BfAQuiZfd59dxtXMVuS1
        ⚠️ No PDF link found for: Untitled Document
        ✅ Saved: 32. प्रवास - प्रकार, कारण और परिणाम -> https://www.selfstudys.com/sitepdfs/GSGG0Qi6xL0fFxERVbv3
        ✅ Saved: Untitled Document -> https://www.selfstudys.com/sitepdfs/GSGG0Qi6xL0fFxERVbv3
        ⚠️ No PDF link found for: Untitled Document
        ✅ Saved: 43. मानव विकास -> https://www.selfstudys.com/sitepdfs/lIbCztwr03CfeFO1hViH
        ✅ Saved: Untitled Document -> https://www.selfstudys.com/sitepdfs/lIbCztwr03CfeFO1hViH
        ⚠️ No PDF link found for: Untitled Document
        ✅ Saved: 54. मानव बस्तियाँ -> https://www.selfstudys.com/sitepdfs/oa12n83kCt7wXr6aAxzR
        ✅ Saved: Untitled Document -> https://www.selfstudys.com/sitepdfs/oa12n83kCt7wXr6aAxzR
        ⚠️ No PDF link found for: Untitled Document
        ✅ Saved: 65. भूसंसाधन तथा कृषि -> https://www.selfstudys.com/sitepdfs/7hC3gVvXO7xjnwEWOd9L
        ✅ Saved: Untitled Document -> https://www.selfstudys.com/sitepdfs/7hC3gVvXO7xjnwEWOd9L
        ⚠️ No PDF link found for: Untitled Document
        ✅ Saved: 76. जल-संसाधन -> https://www.selfstudys.com/sitepdfs/CghoalUlkieL5ZP81Hyx
        ✅ Saved: Untitled Document -> https://www.selfstudys.com/sitepdfs/CghoalUlkieL5ZP81Hyx
        ⚠️ No PDF link found for: Untitled Document
        ✅ Saved: 87. खनिज तथा ऊर्जा संसाधन -> https://www.selfstudys.com/sitepdfs/ZZqbM6OYfcm7mcYueXD0
        ✅ Saved: Untitled Document -> https://www.selfstudys.com/sitepdfs/ZZqbM6OYfcm7mcYueXD0
        ⚠️ No PDF link found for: Untitled Document
        ✅ Saved: 98. निर्माण उद्योग -> https://www.selfstudys.com/sitepdfs/EqhmyMnhAj4BBpXAmCT0
        ✅ Saved: Untitled Document -> https://www.selfstudys.com/sitepdfs/EqhmyMnhAj4BBpXAmCT0
        ⚠️ No PDF link found for: Untitled Document
        ✅ Saved: 109. भारत के संदर्भ में नियोजन और सततपोषणीय विकास -> https://www.selfstudys.com/sitepdfs/5NuqYUCLuHZXmdtn1APN
        ✅ Saved: Untitled Document -> https://www.selfstudys.com/sitepdfs/5NuqYUCLuHZXmdtn1APN
        ⚠️ No PDF link found for: Untitled Document
        ✅ Saved: 1110. परिवहन तथा संचार -> https://www.selfstudys.com/sitepdfs/47YFd8mAQkzj1qMsrNYx
        ✅ Saved: Untitled Document -> https://www.selfstudys.com/sitepdfs/47YFd8mAQkzj1qMsrNYx
        ⚠️ No PDF link found for: Untitled Document
        ✅ Saved: 1211. अंतर्राष्ट्रीय व्यापार -> https://www.selfstudys.com/sitepdfs/tTFnQmBHCzWkk8hy3uVq
        ✅ Saved: Untitled Document -> https://www.selfstudys.com/sitepdfs/tTFnQmBHCzWkk8hy3uVq
        ⚠️ No PDF link found for: Untitled Document
        ✅ Saved: 1312. भौगोलिक परिप्रेक्ष्य में चयनित कुछ मुद्दे एवं समस्याएँ -> https://www.selfstudys.com/sitepdfs/mjPZO18SJKH7JIb08aaa
        ✅ Saved: Untitled Document -> https://www.selfstudys.com/sitepdfs/mjPZO18SJKH7JIb08aaa
        ⚠️ No PDF link found for: Untitled Document
        ✅ Saved: 14परिशिष्ट -> https://www.selfstudys.com/sitepdfs/Qrg0X4c3SJUnxOOuzK6E
        ✅ Saved: Untitled Document -> https://www.selfstudys.com/sitepdfs/Qrg0X4c3SJUnxOOuzK6E
        ⚠️ No PDF link found for: Untitled Document
        ✅ Saved: 15शब्दावली -> https://www.selfstudys.com/sitepdfs/pkbU1WVb1iBK9PaIH5IZ
        ✅ Saved: Untitled Document -> https://www.selfstudys.com/sitepdfs/pkbU1WVb1iBK9PaIH5IZ
        ⚠️ No PDF link found for: Untitled Document
      Scraping Subject: 11. जीव विज्ञान (URL: https://www.selfstudys.com/books/haryana/state-books/class-12th/जीव-विज्ञान/27482)
        Found 51 PDF items for subject 11. जीव विज्ञान.
        ✅ Saved: 1Prelims -> https://www.selfstudys.com/sitepdfs/US2HrRrprAptuNxAhaxg
        ✅ Saved: Untitled Document -> https://www.selfstudys.com/sitepdfs/US2HrRrprAptuNxAhaxg
        ❌ Error scraping PDF page https://www.selfstudys.com/advance-pdf-viewer/haryana/state-books/class-12th/जीव-विज्ञान/prelims/446717: aborted
        ✅ Saved: 21. जीवों में जनन -> https://www.selfstudys.com/sitepdfs/ntwrh6lslKbKfi4jIr6S
        ✅ Saved: Untitled Document -> https://www.selfstudys.com/sitepdfs/ntwrh6lslKbKfi4jIr6S
        ❌ Error scraping PDF page https://www.selfstudys.com/advance-pdf-viewer/haryana/state-books/class-12th/जीव-विज्ञान/1-जीवों-में-जनन/446716: aborted
        ✅ Saved: 32. पुष्पी पादपों में लैंगिक जनन -> https://www.selfstudys.com/sitepdfs/2I4NXd97EBffEyCKQyaH
        ✅ Saved: Untitled Document -> https://www.selfstudys.com/sitepdfs/2I4NXd97EBffEyCKQyaH
        ⚠️ No PDF link found for: Untitled Document
        ✅ Saved: 43. मानव जनन -> https://www.selfstudys.com/sitepdfs/XFKMiQYoDlAQVIaoJMkW
        ✅ Saved: Untitled Document -> https://www.selfstudys.com/sitepdfs/XFKMiQYoDlAQVIaoJMkW
        ⚠️ No PDF link found for: Untitled Document
        ✅ Saved: 54. जनन स्वास्थ्य -> https://www.selfstudys.com/sitepdfs/PrFscxl3rw8m0oeWjUwt
        ✅ Saved: Untitled Document -> https://www.selfstudys.com/sitepdfs/PrFscxl3rw8m0oeWjUwt
        ⚠️ No PDF link found for: Untitled Document
        ✅ Saved: 65. वंशागति तथा विविधता के सिद्धांत -> https://www.selfstudys.com/sitepdfs/5Z6iegyOkTcXR9K0sMzI
        ✅ Saved: Untitled Document -> https://www.selfstudys.com/sitepdfs/5Z6iegyOkTcXR9K0sMzI
        ⚠️ No PDF link found for: Untitled Document
        ✅ Saved: 76. वंशागति के आणविक आधार -> https://www.selfstudys.com/sitepdfs/oLkx8mZbtoKwL2ZdQHik
        ✅ Saved: Untitled Document -> https://www.selfstudys.com/sitepdfs/oLkx8mZbtoKwL2ZdQHik
        ⚠️ No PDF link found for: Untitled Document
        ✅ Saved: 87. विकास -> https://www.selfstudys.com/sitepdfs/jMczNEBo3esJvR3oC2Nj
        ✅ Saved: Untitled Document -> https://www.selfstudys.com/sitepdfs/jMczNEBo3esJvR3oC2Nj
        ⚠️ No PDF link found for: Untitled Document
        ✅ Saved: 98. मानव स्वास्थ्य तथा रोग -> https://www.selfstudys.com/sitepdfs/0fkSzYvXGn9qNyQJO3R3
        ✅ Saved: Untitled Document -> https://www.selfstudys.com/sitepdfs/0fkSzYvXGn9qNyQJO3R3
        ⚠️ No PDF link found for: Untitled Document
        ✅ Saved: 109. खाद्य उत्पादन में वृद्धि की कार्यनीति -> https://www.selfstudys.com/sitepdfs/00oHFg3i77CG63yJd5GF
        ✅ Saved: Untitled Document -> https://www.selfstudys.com/sitepdfs/00oHFg3i77CG63yJd5GF
        ⚠️ No PDF link found for: Untitled Document
        ✅ Saved: 1110. मानव कल्याण में सूक्ष्म जीव -> https://www.selfstudys.com/sitepdfs/kHNMAH3OnYff3YNrd5ty
        ✅ Saved: Untitled Document -> https://www.selfstudys.com/sitepdfs/kHNMAH3OnYff3YNrd5ty
        ❌ Error scraping PDF page https://www.selfstudys.com/advance-pdf-viewer/haryana/state-books/class-12th/जीव-विज्ञान/10-मानव-कल्याण-में-सूक्ष्म-जीव/446707: aborted
        ✅ Saved: 1211. जैव प्रौद्योगिकी-सिद्धांत व प्रक्रम -> https://www.selfstudys.com/sitepdfs/BRKs4QbeBERpI7WaBUkZ
        ✅ Saved: Untitled Document -> https://www.selfstudys.com/sitepdfs/BRKs4QbeBERpI7WaBUkZ
        ⚠️ No PDF link found for: Untitled Document
        ✅ Saved: 1312. जैव प्रौद्योगिकी एवं उसके उपयोग -> https://www.selfstudys.com/sitepdfs/Qs8wVhABopSgj0MpNnM2
        ✅ Saved: Untitled Document -> https://www.selfstudys.com/sitepdfs/Qs8wVhABopSgj0MpNnM2
        ⚠️ No PDF link found for: Untitled Document
        ✅ Saved: 1413. जीव और समष्टियाँ -> https://www.selfstudys.com/sitepdfs/wEZkgAQYGw7jPOunndhS
        ✅ Saved: Untitled Document -> https://www.selfstudys.com/sitepdfs/wEZkgAQYGw7jPOunndhS
        ⚠️ No PDF link found for: Untitled Document
        ✅ Saved: 1514. पारितंत्र -> https://www.selfstudys.com/sitepdfs/Uix0YSzVHITuh5Pu9gz0
        ✅ Saved: Untitled Document -> https://www.selfstudys.com/sitepdfs/Uix0YSzVHITuh5Pu9gz0
        ⚠️ No PDF link found for: Untitled Document
        ✅ Saved: 1615. जीव विविधतता एवं संरक्षण -> https://www.selfstudys.com/sitepdfs/hZBh5yYm5TSl9oI8JVlE
        ✅ Saved: Untitled Document -> https://www.selfstudys.com/sitepdfs/hZBh5yYm5TSl9oI8JVlE
        ⚠️ No PDF link found for: Untitled Document
        ✅ Saved: 1716. पर्यावरण के मुद्दे -> https://www.selfstudys.com/sitepdfs/B5s3Sk6BFNJkBXfZwHl2
        ✅ Saved: Untitled Document -> https://www.selfstudys.com/sitepdfs/B5s3Sk6BFNJkBXfZwHl2
        ⚠️ No PDF link found for: Untitled Document
      Scraping Subject: 12. समष्टि अर्थशास्त्र एक परिचय (URL: https://www.selfstudys.com/books/haryana/state-books/class-12th/समष्टि-अर्थशास्त्र-एक-परिचय/27494)
        Found 24 PDF items for subject 12. समष्टि अर्थशास्त्र एक परिचय.
        ✅ Saved: 1Prelims -> https://www.selfstudys.com/sitepdfs/RSbiHYf8C2vw0Mm6Ed75
        ✅ Saved: Untitled Document -> https://www.selfstudys.com/sitepdfs/RSbiHYf8C2vw0Mm6Ed75
        ⚠️ No PDF link found for: Untitled Document
        ✅ Saved: 21. परिचय -> https://www.selfstudys.com/sitepdfs/2tg6vdK4HZcQK3aJdaVH
        ✅ Saved: Untitled Document -> https://www.selfstudys.com/sitepdfs/2tg6vdK4HZcQK3aJdaVH
        ⚠️ No PDF link found for: Untitled Document
        ✅ Saved: 32. राष्ट्रीय आय का लेखांकन -> https://www.selfstudys.com/sitepdfs/UM5r1IKlFrfPOZHgWlpG
        ✅ Saved: Untitled Document -> https://www.selfstudys.com/sitepdfs/UM5r1IKlFrfPOZHgWlpG
        ⚠️ No PDF link found for: Untitled Document
        ✅ Saved: 43. मुद्रा और बैंकिग -> https://www.selfstudys.com/sitepdfs/GbNuDpmyny4moKmfAO5K
        ✅ Saved: Untitled Document -> https://www.selfstudys.com/sitepdfs/GbNuDpmyny4moKmfAO5K
        ⚠️ No PDF link found for: Untitled Document
        ✅ Saved: 54. आय और रोजगार के निर्धारण -> https://www.selfstudys.com/sitepdfs/oL4lvXkc2zGgqUTerGcZ
        ✅ Saved: Untitled Document -> https://www.selfstudys.com/sitepdfs/oL4lvXkc2zGgqUTerGcZ
        ⚠️ No PDF link found for: Untitled Document
        ✅ Saved: 65. सरकारी बजट एवं अर्थव्यवस्था -> https://www.selfstudys.com/sitepdfs/hY7dZHU9GhPTNbWlO7z3
        ✅ Saved: Untitled Document -> https://www.selfstudys.com/sitepdfs/hY7dZHU9GhPTNbWlO7z3
        ⚠️ No PDF link found for: Untitled Document
        ❌ Error scraping PDF page https://www.selfstudys.com/books/haryana/state-books/class-12th/समष्टि-अर्थशास्त्र-एक-परिचय/6-खुली-अर्थव्यवस्था-समष्टि-अर्थशास्त्र/446694: aborted
        ✅ Saved: Untitled Document -> https://www.selfstudys.com/sitepdfs/2lrMhxgeiRVeylDOebAf
        ⚠️ No PDF link found for: Untitled Document
        ✅ Saved: 8शब्दावली -> https://www.selfstudys.com/sitepdfs/rkYtHneBmjJZm13fVqSC
        ✅ Saved: Untitled Document -> https://www.selfstudys.com/sitepdfs/rkYtHneBmjJZm13fVqSC
        ⚠️ No PDF link found for: Untitled Document
      Scraping Subject: 13. व्यष्टि अर्थशास्त्र एक परिचय (URL: https://www.selfstudys.com/books/haryana/state-books/class-12th/व्यष्टि-अर्थशास्त्र-एक-परिचय/27495)
        Found 24 PDF items for subject 13. व्यष्टि अर्थशास्त्र एक परिचय.
        ✅ Saved: 1Prelims -> https://www.selfstudys.com/sitepdfs/qgYKcQotaFr8sibZdKSe
        ✅ Saved: Untitled Document -> https://www.selfstudys.com/sitepdfs/qgYKcQotaFr8sibZdKSe
        ⚠️ No PDF link found for: Untitled Document
        ✅ Saved: 21. परिचय -> https://www.selfstudys.com/sitepdfs/3D0WcDOw6A9O5aYEURCj
        ✅ Saved: Untitled Document -> https://www.selfstudys.com/sitepdfs/3D0WcDOw6A9O5aYEURCj
        ⚠️ No PDF link found for: Untitled Document
        ✅ Saved: 32. उपभोक्ता के व्यवहार का सिद्धांत -> https://www.selfstudys.com/sitepdfs/AMZHGwM1Z7A9C3Eg8Lzn
        ✅ Saved: Untitled Document -> https://www.selfstudys.com/sitepdfs/AMZHGwM1Z7A9C3Eg8Lzn
        ⚠️ No PDF link found for: Untitled Document
        ✅ Saved: 43. उत्पादन तथा लागत -> https://www.selfstudys.com/sitepdfs/SNflgVWDjAFz49JGQVmt
        ✅ Saved: Untitled Document -> https://www.selfstudys.com/sitepdfs/SNflgVWDjAFz49JGQVmt
        ⚠️ No PDF link found for: Untitled Document
        ✅ Saved: 54. पूर्ण प्रतिस्पर्धा की स्थिति में फर्म का सिद्धांत -> https://www.selfstudys.com/sitepdfs/VcUSdCWt9XPycGpv1nX5
        ✅ Saved: Untitled Document -> https://www.selfstudys.com/sitepdfs/VcUSdCWt9XPycGpv1nX5
        ⚠️ No PDF link found for: Untitled Document
        ✅ Saved: 65. बाजार संतुलन -> https://www.selfstudys.com/sitepdfs/Zjnw0Xppb6Ftizvs3dt9
        ✅ Saved: Untitled Document -> https://www.selfstudys.com/sitepdfs/Zjnw0Xppb6Ftizvs3dt9
        ⚠️ No PDF link found for: Untitled Document
        ✅ Saved: 76. प्रतिस्पर्धारहित बाजार -> https://www.selfstudys.com/sitepdfs/MmwApEqoVv2Y1vwEaLFg
        ✅ Saved: Untitled Document -> https://www.selfstudys.com/sitepdfs/MmwApEqoVv2Y1vwEaLFg
        ⚠️ No PDF link found for: Untitled Document
        ✅ Saved: 8शब्दावली -> https://www.selfstudys.com/sitepdfs/u0O1UkwrbwjxxWFrTMH6
        ✅ Saved: Untitled Document -> https://www.selfstudys.com/sitepdfs/u0O1UkwrbwjxxWFrTMH6
        ⚠️ No PDF link found for: Untitled Document
      Scraping Subject: 14. रसायन विज्ञान भाग - 1 (URL: https://www.selfstudys.com/books/haryana/state-books/class-12th/रसायन-विज्ञान-भाग-1/27496)
        Found 39 PDF items for subject 14. रसायन विज्ञान भाग - 1.
        ✅ Saved: 1Prelims -> https://www.selfstudys.com/sitepdfs/kU1zPt4sxq8UpalmhwUg
        ✅ Saved: Untitled Document -> https://www.selfstudys.com/sitepdfs/kU1zPt4sxq8UpalmhwUg
        ⚠️ No PDF link found for: Untitled Document
        ✅ Saved: 21. ठोस अवस्था -> https://www.selfstudys.com/sitepdfs/6ZIN11to0Lxgji5JVsIe
        ✅ Saved: Untitled Document -> https://www.selfstudys.com/sitepdfs/6ZIN11to0Lxgji5JVsIe
        ⚠️ No PDF link found for: Untitled Document
        ❌ Error scraping PDF page https://www.selfstudys.com/books/haryana/state-books/class-12th/रसायन-विज्ञान-भाग-1/2-विलयन/446736: aborted
        ❌ Error scraping PDF page https://www.selfstudys.com/books/haryana/state-books/class-12th/रसायन-विज्ञान-भाग-1/2-विलयन/446736: aborted
        ⚠️ No PDF link found for: Untitled Document
        ❌ Error scraping PDF page https://www.selfstudys.com/books/haryana/state-books/class-12th/रसायन-विज्ञान-भाग-1/3-वैद्युतरसायन/446735: aborted
        ✅ Saved: Untitled Document -> https://www.selfstudys.com/sitepdfs/0ytBrsoq5uqgVVV3TSui
        ⚠️ No PDF link found for: Untitled Document
        ✅ Saved: 54. रासायनिक बलगतिकी -> https://www.selfstudys.com/sitepdfs/YVZadkGx4lsR7PI5QdKM
        ✅ Saved: Untitled Document -> https://www.selfstudys.com/sitepdfs/YVZadkGx4lsR7PI5QdKM
        ⚠️ No PDF link found for: Untitled Document
        ✅ Saved: 65. पृष्ठ रसायन -> https://www.selfstudys.com/sitepdfs/74WHcK8Qn3gniCgRGNV2
        ✅ Saved: Untitled Document -> https://www.selfstudys.com/sitepdfs/74WHcK8Qn3gniCgRGNV2
        ⚠️ No PDF link found for: Untitled Document
        ✅ Saved: 76. तत्वों के निष्कर्षण के सिद्धांत एवं प्रक्रम -> https://www.selfstudys.com/sitepdfs/7IjJsFooUHyF9PDG7J01
        ✅ Saved: Untitled Document -> https://www.selfstudys.com/sitepdfs/7IjJsFooUHyF9PDG7J01
        ⚠️ No PDF link found for: Untitled Document
        ✅ Saved: 87. p-ब्लॉक के तत्व -> https://www.selfstudys.com/sitepdfs/RBY7cKKeV8Pj8NsJmsAr
        ✅ Saved: Untitled Document -> https://www.selfstudys.com/sitepdfs/RBY7cKKeV8Pj8NsJmsAr
        ⚠️ No PDF link found for: Untitled Document
        ✅ Saved: 98. d- एवं f- ब्लॉक के तत्व -> https://www.selfstudys.com/sitepdfs/Ptee3A9SC109IlAY9oHE
        ✅ Saved: Untitled Document -> https://www.selfstudys.com/sitepdfs/Ptee3A9SC109IlAY9oHE
        ⚠️ No PDF link found for: Untitled Document
        ✅ Saved: 109. उपसहसंयोजन यौगिक -> https://www.selfstudys.com/sitepdfs/Py3iqa5AdYbFVNeZo0fF
        ✅ Saved: Untitled Document -> https://www.selfstudys.com/sitepdfs/Py3iqa5AdYbFVNeZo0fF
        ⚠️ No PDF link found for: Untitled Document
        ✅ Saved: 11उत्तरमाला -> https://www.selfstudys.com/sitepdfs/WM0qC7HBR0Zwy6fsPa51
        ✅ Saved: Untitled Document -> https://www.selfstudys.com/sitepdfs/WM0qC7HBR0Zwy6fsPa51
        ⚠️ No PDF link found for: Untitled Document
        ✅ Saved: 12परिशिष्ट -> https://www.selfstudys.com/sitepdfs/uE9YWXEVUn4Bg4abbT9f
        ✅ Saved: Untitled Document -> https://www.selfstudys.com/sitepdfs/uE9YWXEVUn4Bg4abbT9f
        ⚠️ No PDF link found for: Untitled Document
        ✅ Saved: 13तकनीकी-शब्दसूची -> https://www.selfstudys.com/sitepdfs/rI0Ak5rKsYTJoDyFPKfr
        ✅ Saved: Untitled Document -> https://www.selfstudys.com/sitepdfs/rI0Ak5rKsYTJoDyFPKfr
        ⚠️ No PDF link found for: Untitled Document
      Scraping Subject: 15. रसायन विज्ञान भाग - 2 (URL: https://www.selfstudys.com/books/haryana/state-books/class-12th/रसायन-विज्ञान-भाग-2/27497)
        Found 30 PDF items for subject 15. रसायन विज्ञान भाग - 2.
        ✅ Saved: 1Prelims -> https://www.selfstudys.com/sitepdfs/tX0yPlXU8oMaLb3qzX7q
        ✅ Saved: Untitled Document -> https://www.selfstudys.com/sitepdfs/tX0yPlXU8oMaLb3qzX7q
        ⚠️ No PDF link found for: Untitled Document
        ✅ Saved: 21. हैलोऐल्केन तथा हैलोऐरीन -> https://www.selfstudys.com/sitepdfs/duu9DE61PfU445MyBxPp
        ✅ Saved: Untitled Document -> https://www.selfstudys.com/sitepdfs/duu9DE61PfU445MyBxPp
        ⚠️ No PDF link found for: Untitled Document
        ✅ Saved: 32. ऐल्कोहॉल फ़ीनॉल एवं ईथर -> https://www.selfstudys.com/sitepdfs/Q6KWYYiBUWHcSqFQeyDJ
        ✅ Saved: Untitled Document -> https://www.selfstudys.com/sitepdfs/Q6KWYYiBUWHcSqFQeyDJ
        ⚠️ No PDF link found for: Untitled Document
        ✅ Saved: 43. ऐल्डिहाइड, कीटोन एवं कार्बोक्सिलिक अम्ल -> https://www.selfstudys.com/sitepdfs/qx3NgFKdiM3ygdRNMvLL
        ✅ Saved: Untitled Document -> https://www.selfstudys.com/sitepdfs/qx3NgFKdiM3ygdRNMvLL
        ⚠️ No PDF link found for: Untitled Document
        ✅ Saved: 54. ऐमीन -> https://www.selfstudys.com/sitepdfs/4x7MLMLhFbOMXd5ZHiXC
        ✅ Saved: Untitled Document -> https://www.selfstudys.com/sitepdfs/4x7MLMLhFbOMXd5ZHiXC
        ⚠️ No PDF link found for: Untitled Document
        ✅ Saved: 65. जैव-अणु -> https://www.selfstudys.com/sitepdfs/ZwfTbICvTSC0WonuKzIH
        ✅ Saved: Untitled Document -> https://www.selfstudys.com/sitepdfs/ZwfTbICvTSC0WonuKzIH
        ⚠️ No PDF link found for: Untitled Document
        ✅ Saved: 76. बहुलक -> https://www.selfstudys.com/sitepdfs/ZDfoTtQvFiGIjnkzTnRm
        ✅ Saved: Untitled Document -> https://www.selfstudys.com/sitepdfs/ZDfoTtQvFiGIjnkzTnRm
        ⚠️ No PDF link found for: Untitled Document
        ✅ Saved: 87. दैनिक जीवन में रसायन -> https://www.selfstudys.com/sitepdfs/yQHocYpoEUpiLwnLVPby
        ✅ Saved: Untitled Document -> https://www.selfstudys.com/sitepdfs/yQHocYpoEUpiLwnLVPby
        ⚠️ No PDF link found for: Untitled Document
        ✅ Saved: 9उत्तरमाला -> https://www.selfstudys.com/sitepdfs/txnqXLQbIbskNFPlgbTJ
        ✅ Saved: Untitled Document -> https://www.selfstudys.com/sitepdfs/txnqXLQbIbskNFPlgbTJ
        ⚠️ No PDF link found for: Untitled Document
        ✅ Saved: 10शब्द सूची -> https://www.selfstudys.com/sitepdfs/8lquWYGJRjFciv1Vi3Y5
        ✅ Saved: Untitled Document -> https://www.selfstudys.com/sitepdfs/8lquWYGJRjFciv1Vi3Y5
        ⚠️ No PDF link found for: Untitled Document
      Scraping Subject: 16. स्वतंत्र भारत में राजनीति -2 (URL: https://www.selfstudys.com/books/haryana/state-books/class-12th/स्वतंत्र-भारत-में-राजनीति-2/27498)
        Found 30 PDF items for subject 16. स्वतंत्र भारत में राजनीति -2.
        ✅ Saved: 1Prelims -> https://www.selfstudys.com/sitepdfs/eLy6iZCynr1dk3vN8D72
        ✅ Saved: Untitled Document -> https://www.selfstudys.com/sitepdfs/eLy6iZCynr1dk3vN8D72
        ⚠️ No PDF link found for: Untitled Document
        ✅ Saved: 21. राष्ट्र-निर्माण की चुनौतियाँ -> https://www.selfstudys.com/sitepdfs/VvcQ7kuUcpfoefzPr5O4
        ✅ Saved: Untitled Document -> https://www.selfstudys.com/sitepdfs/VvcQ7kuUcpfoefzPr5O4
        ❌ Error scraping PDF page https://www.selfstudys.com/advance-pdf-viewer/haryana/state-books/class-12th/स्वतंत्र-भारत-में-राजनीति-2/1-राष्ट्र-निर्माण-की-चुनौतियाँ/446757: aborted
        ✅ Saved: 32. एक दल के प्रभुत्व का दौर -> https://www.selfstudys.com/sitepdfs/UvNLpVLvZnnKeXBJYgml
        ✅ Saved: Untitled Document -> https://www.selfstudys.com/sitepdfs/UvNLpVLvZnnKeXBJYgml
        ⚠️ No PDF link found for: Untitled Document
        ✅ Saved: 43. नियोजित विकास की राजनीति -> https://www.selfstudys.com/sitepdfs/vdUhvDgs8tqAWHYg5oy6
        ✅ Saved: Untitled Document -> https://www.selfstudys.com/sitepdfs/vdUhvDgs8tqAWHYg5oy6
        ⚠️ No PDF link found for: Untitled Document
        ✅ Saved: 54. भारत के विदेश संबंध -> https://www.selfstudys.com/sitepdfs/Q6i0E8VsFsuwsKNk9DNQ
        ✅ Saved: Untitled Document -> https://www.selfstudys.com/sitepdfs/Q6i0E8VsFsuwsKNk9DNQ
        ⚠️ No PDF link found for: Untitled Document
        ✅ Saved: 65. कांग्रेस प्रणाली - चुनौतियाँ और पुनर्स्थापना -> https://www.selfstudys.com/sitepdfs/SGYcTSeXwuyQX50A46h5
        ✅ Saved: Untitled Document -> https://www.selfstudys.com/sitepdfs/SGYcTSeXwuyQX50A46h5
        ⚠️ No PDF link found for: Untitled Document
        ✅ Saved: 76. लोकतांत्रिक व्यवस्था का संकट -> https://www.selfstudys.com/sitepdfs/pfy81OAgdrH5jqS5Vbqy
        ✅ Saved: Untitled Document -> https://www.selfstudys.com/sitepdfs/pfy81OAgdrH5jqS5Vbqy
        ⚠️ No PDF link found for: Untitled Document
        ✅ Saved: 87. जन आंदोलनों का उदय -> https://www.selfstudys.com/sitepdfs/nuRCAiXLrx3TneYU75Qo
        ✅ Saved: Untitled Document -> https://www.selfstudys.com/sitepdfs/nuRCAiXLrx3TneYU75Qo
        ⚠️ No PDF link found for: Untitled Document
        ✅ Saved: 98. क्षेत्रीय आकांक्षाएँ -> https://www.selfstudys.com/sitepdfs/N9FmsH3xmwa9HybEG6jm
        ✅ Saved: Untitled Document -> https://www.selfstudys.com/sitepdfs/N9FmsH3xmwa9HybEG6jm
        ⚠️ No PDF link found for: Untitled Document
        ✅ Saved: 109. भारतीय राजनीति - नए बदलाव -> https://www.selfstudys.com/sitepdfs/38O1xYWP2TdOS7E9BVXc
        ✅ Saved: Untitled Document -> https://www.selfstudys.com/sitepdfs/38O1xYWP2TdOS7E9BVXc
        ⚠️ No PDF link found for: Untitled Document
      Scraping Subject: 17. समकालीन विश्व राजनीति (URL: https://www.selfstudys.com/books/haryana/state-books/class-12th/समकालीन-विश्व-राजनीत/27499)
        Found 30 PDF items for subject 17. समकालीन विश्व राजनीति.
        ✅ Saved: 1Prelims -> https://www.selfstudys.com/sitepdfs/UIiobrK7L8oVE43QPAC6
        ✅ Saved: Untitled Document -> https://www.selfstudys.com/sitepdfs/UIiobrK7L8oVE43QPAC6
        ⚠️ No PDF link found for: Untitled Document
        ✅ Saved: 21. शीतयुद्ध का दौर -> https://www.selfstudys.com/sitepdfs/ZSltujubNIayIdYQuepw
        ✅ Saved: Untitled Document -> https://www.selfstudys.com/sitepdfs/ZSltujubNIayIdYQuepw
        ⚠️ No PDF link found for: Untitled Document
        ✅ Saved: 32. दो ध्रुवीयता का अंत -> https://www.selfstudys.com/sitepdfs/SS2pVBFq5UZviRMIsMZ6
        ✅ Saved: Untitled Document -> https://www.selfstudys.com/sitepdfs/SS2pVBFq5UZviRMIsMZ6
        ⚠️ No PDF link found for: Untitled Document
        ✅ Saved: 43. समकालीन विश्व में अमरीकी वर्चस्व -> https://www.selfstudys.com/sitepdfs/8dxDXDV60pLlX0GeI4oi
        ✅ Saved: Untitled Document -> https://www.selfstudys.com/sitepdfs/8dxDXDV60pLlX0GeI4oi
        ⚠️ No PDF link found for: Untitled Document
        ✅ Saved: 54. सत्ता के वैकल्पिक केंद्र -> https://www.selfstudys.com/sitepdfs/xE2t2rbk0fSKJgrv602u
        ✅ Saved: Untitled Document -> https://www.selfstudys.com/sitepdfs/xE2t2rbk0fSKJgrv602u
        ⚠️ No PDF link found for: Untitled Document
        ✅ Saved: 65. समकालीन दक्षिण एशिया -> https://www.selfstudys.com/sitepdfs/iNPN0Kbq9rL7CTiohdDY
        ✅ Saved: Untitled Document -> https://www.selfstudys.com/sitepdfs/iNPN0Kbq9rL7CTiohdDY
        ⚠️ No PDF link found for: Untitled Document
        ✅ Saved: 76. अंतर्राष्ट्रीय संगठन -> https://www.selfstudys.com/sitepdfs/zE4I708Z8F6oq8n871J7
        ✅ Saved: Untitled Document -> https://www.selfstudys.com/sitepdfs/zE4I708Z8F6oq8n871J7
        ⚠️ No PDF link found for: Untitled Document
        ✅ Saved: 87. समकालीन विश्व में सुरक्षा -> https://www.selfstudys.com/sitepdfs/0Yc7rgiRAkzKSiD3je1G
        ✅ Saved: Untitled Document -> https://www.selfstudys.com/sitepdfs/0Yc7rgiRAkzKSiD3je1G
        ⚠️ No PDF link found for: Untitled Document
        ✅ Saved: 98. पर्यावरण और प्राकृतिक संसाधन -> https://www.selfstudys.com/sitepdfs/3WbNC5zHCr8v7oqLyyMj
        ✅ Saved: Untitled Document -> https://www.selfstudys.com/sitepdfs/3WbNC5zHCr8v7oqLyyMj
        ⚠️ No PDF link found for: Untitled Document
        ✅ Saved: 109. वैश्वीकरण -> https://www.selfstudys.com/sitepdfs/r10XSfrrtPHS5d46eNAF
        ✅ Saved: Untitled Document -> https://www.selfstudys.com/sitepdfs/r10XSfrrtPHS5d46eNAF
        ⚠️ No PDF link found for: Untitled Document
      Scraping Subject: 18. भारत में सामाजिक परिवर्तन एवं विकास (URL: https://www.selfstudys.com/books/haryana/state-books/class-12th/भारत-में-सामाजिक-परिवर्तन-एवं-विकास/27510)
        Found 30 PDF items for subject 18. भारत में सामाजिक परिवर्तन एवं विकास.
        ✅ Saved: 1Prelims -> https://www.selfstudys.com/sitepdfs/mBWgHl82B7FvdgE7VdHN
        ✅ Saved: Untitled Document -> https://www.selfstudys.com/sitepdfs/mBWgHl82B7FvdgE7VdHN
        ⚠️ No PDF link found for: Untitled Document
        ✅ Saved: 21. संरचनात्मक परिवर्तन -> https://www.selfstudys.com/sitepdfs/q28js2IINKNAI92SlYhs
        ✅ Saved: Untitled Document -> https://www.selfstudys.com/sitepdfs/q28js2IINKNAI92SlYhs
        ⚠️ No PDF link found for: Untitled Document
        ✅ Saved: 32. सांस्कृतिक परिवर्तन -> https://www.selfstudys.com/sitepdfs/cgQNvE6fuyhNiHR2hy63
        ✅ Saved: Untitled Document -> https://www.selfstudys.com/sitepdfs/cgQNvE6fuyhNiHR2hy63
        ⚠️ No PDF link found for: Untitled Document
        ✅ Saved: 43. भारतीय लोकतंत्र की कहानियाँ -> https://www.selfstudys.com/sitepdfs/qA3MolwDUhbWFWtRQJYD
        ✅ Saved: Untitled Document -> https://www.selfstudys.com/sitepdfs/qA3MolwDUhbWFWtRQJYD
        ⚠️ No PDF link found for: Untitled Document
        ✅ Saved: 54. ग्रामीण समाज में विकास एवं परिवर्तन -> https://www.selfstudys.com/sitepdfs/wZQ3avHtJ1aW1bVestAM
        ✅ Saved: Untitled Document -> https://www.selfstudys.com/sitepdfs/wZQ3avHtJ1aW1bVestAM
        ⚠️ No PDF link found for: Untitled Document
        ✅ Saved: 65. औद्योगिक समाज में परिवर्तन और विकास -> https://www.selfstudys.com/sitepdfs/yLSMWwwvoPGPcIyWa8Fk
        ✅ Saved: Untitled Document -> https://www.selfstudys.com/sitepdfs/yLSMWwwvoPGPcIyWa8Fk
        ⚠️ No PDF link found for: Untitled Document
        ✅ Saved: 76. भूमंडलीकरण और सामाजिक परिवर्तन -> https://www.selfstudys.com/sitepdfs/0F7rCiJRPLlDg7XLYAnq
        ✅ Saved: Untitled Document -> https://www.selfstudys.com/sitepdfs/0F7rCiJRPLlDg7XLYAnq
        ⚠️ No PDF link found for: Untitled Document
        ✅ Saved: 87. जनसंपर्क साधन और जनसंचार -> https://www.selfstudys.com/sitepdfs/UO5xAi1vmqaBX32O8wnD
        ✅ Saved: Untitled Document -> https://www.selfstudys.com/sitepdfs/UO5xAi1vmqaBX32O8wnD
        ⚠️ No PDF link found for: Untitled Document
        ✅ Saved: 98. सामाजिक आंदोलन -> https://www.selfstudys.com/sitepdfs/O5KQtNu9TMvw9nFTv8UQ
        ✅ Saved: Untitled Document -> https://www.selfstudys.com/sitepdfs/O5KQtNu9TMvw9nFTv8UQ
        ⚠️ No PDF link found for: Untitled Document
        ✅ Saved: 10शब्दावली -> https://www.selfstudys.com/sitepdfs/Xw1cYK8U2Qge1YgJJPHg
        ✅ Saved: Untitled Document -> https://www.selfstudys.com/sitepdfs/Xw1cYK8U2Qge1YgJJPHg
        ⚠️ No PDF link found for: Untitled Document
      Scraping Subject: 19. भारतीय इतिहास के कुछ विषय भाग - 1 (URL: https://www.selfstudys.com/books/haryana/state-books/class-12th/भारतीय-इतिहास-के-कुछ-विषय-भाग-1/27512)
        Found 15 PDF items for subject 19. भारतीय इतिहास के कुछ विषय भाग - 1.
        ✅ Saved: 1Prelims -> https://www.selfstudys.com/sitepdfs/WxCRRdLRm3dQJ6Vn1NfC
        ✅ Saved: Untitled Document -> https://www.selfstudys.com/sitepdfs/WxCRRdLRm3dQJ6Vn1NfC
        ⚠️ No PDF link found for: Untitled Document
        ✅ Saved: 21. ईंटें, मनके तथा अस्थियाँ (हड़प्पा सभ्यता) -> https://www.selfstudys.com/sitepdfs/yCyTTJvS83ZRoUorjez8
        ✅ Saved: Untitled Document -> https://www.selfstudys.com/sitepdfs/yCyTTJvS83ZRoUorjez8
        ⚠️ No PDF link found for: Untitled Document
        ✅ Saved: 32. राजा, किसान और नगर -> https://www.selfstudys.com/sitepdfs/1TbFZHRvxHNtSzytM5RY
        ✅ Saved: Untitled Document -> https://www.selfstudys.com/sitepdfs/1TbFZHRvxHNtSzytM5RY
        ❌ Error scraping PDF page https://www.selfstudys.com/advance-pdf-viewer/haryana/state-books/class-12th/भारतीय-इतिहास-के-कुछ-विषय-भाग-1/2-राजा-किसान-और-नगर/446793: aborted
        ✅ Saved: 43. बंधुत्व, जाति तथा वर्ग -> https://www.selfstudys.com/sitepdfs/ktY6TfqRl1WDChuZlmrH
        ✅ Saved: Untitled Document -> https://www.selfstudys.com/sitepdfs/ktY6TfqRl1WDChuZlmrH
        ⚠️ No PDF link found for: Untitled Document
        ✅ Saved: 54. विचारक, विश्वास और इमारतें -> https://www.selfstudys.com/sitepdfs/6g1qcVpA5TUm4mzVG9no
        ✅ Saved: Untitled Document -> https://www.selfstudys.com/sitepdfs/6g1qcVpA5TUm4mzVG9no
        ⚠️ No PDF link found for: Untitled Document
      Scraping Subject: 20. भारतीय इतिहास के कुछ विषय भाग - 2 (URL: https://www.selfstudys.com/books/haryana/state-books/class-12th/भारतीय-इतिहास-के-कुछ-विषय-भाग-2/27513)
        Found 18 PDF items for subject 20. भारतीय इतिहास के कुछ विषय भाग - 2.
        ✅ Saved: 1Prelims -> https://www.selfstudys.com/sitepdfs/eKSaGNZTasWAd6XKGatx
        ✅ Saved: Untitled Document -> https://www.selfstudys.com/sitepdfs/eKSaGNZTasWAd6XKGatx
        ⚠️ No PDF link found for: Untitled Document
        ✅ Saved: 21. यात्रियों के नजरिए -> https://www.selfstudys.com/sitepdfs/XMlPkTCeExCJRpbmrhcA
        ✅ Saved: Untitled Document -> https://www.selfstudys.com/sitepdfs/XMlPkTCeExCJRpbmrhcA
        ⚠️ No PDF link found for: Untitled Document
        ❌ Error scraping PDF page https://www.selfstudys.com/books/haryana/state-books/class-12th/भारतीय-इतिहास-के-कुछ-विषय-भाग-2/2-भक्ति-सूफी-परंपराएँ/446799: aborted
        ✅ Saved: Untitled Document -> https://www.selfstudys.com/sitepdfs/2S3s6eCcyKLR3jRd3PGL
        ⚠️ No PDF link found for: Untitled Document
        ✅ Saved: 43. एक साम्राज्य की राजधानी - विजयनगर -> https://www.selfstudys.com/sitepdfs/9dkcnRWdlqiU7GI54Meh
        ✅ Saved: Untitled Document -> https://www.selfstudys.com/sitepdfs/9dkcnRWdlqiU7GI54Meh
        ⚠️ No PDF link found for: Untitled Document
        ✅ Saved: 54. किसान, जमींदार और राज्य -> https://www.selfstudys.com/sitepdfs/DDR5ytMZprh9cKvhUZqR
        ✅ Saved: Untitled Document -> https://www.selfstudys.com/sitepdfs/DDR5ytMZprh9cKvhUZqR
        ⚠️ No PDF link found for: Untitled Document
        ✅ Saved: 65. राजा और विभिन्न वृत्तांत -> https://www.selfstudys.com/sitepdfs/IGZydpqMzX9DWxGKW6Kl
        ✅ Saved: Untitled Document -> https://www.selfstudys.com/sitepdfs/IGZydpqMzX9DWxGKW6Kl
        ⚠️ No PDF link found for: Untitled Document
      Scraping Subject: 21. भारतीय इतिहास के कुछ विषय भाग - 3 (URL: https://www.selfstudys.com/books/haryana/state-books/class-12th/भारतीय-इतिहास-के-कुछ-विषय-भाग-3/27514)
        Found 21 PDF items for subject 21. भारतीय इतिहास के कुछ विषय भाग - 3.
        ✅ Saved: 1Prelims -> https://www.selfstudys.com/sitepdfs/pKP1b3Mcn69DwMUxxnAQ
        ✅ Saved: Untitled Document -> https://www.selfstudys.com/sitepdfs/pKP1b3Mcn69DwMUxxnAQ
        ⚠️ No PDF link found for: Untitled Document
        ✅ Saved: 21. उपनिवेशवाद और देहात -> https://www.selfstudys.com/sitepdfs/VHvYzkQnEEyiFBS20qwL
        ✅ Saved: Untitled Document -> https://www.selfstudys.com/sitepdfs/VHvYzkQnEEyiFBS20qwL
        ⚠️ No PDF link found for: Untitled Document
        ✅ Saved: 32. विद्रोही और राज -> https://www.selfstudys.com/sitepdfs/mUFnEqVmUdt93UEsBN6J
        ✅ Saved: Untitled Document -> https://www.selfstudys.com/sitepdfs/mUFnEqVmUdt93UEsBN6J
        ⚠️ No PDF link found for: Untitled Document
        ✅ Saved: 43. औपनिवेशिक शहर -> https://www.selfstudys.com/sitepdfs/VaJb8GBVC9Ua01COuJGY
        ✅ Saved: Untitled Document -> https://www.selfstudys.com/sitepdfs/VaJb8GBVC9Ua01COuJGY
        ⚠️ No PDF link found for: Untitled Document
        ✅ Saved: 54. महात्मा गांधी और राष्ट्रीय आंदोलन -> https://www.selfstudys.com/sitepdfs/JJTQudTbc7WQRnOTWgsO
        ✅ Saved: Untitled Document -> https://www.selfstudys.com/sitepdfs/JJTQudTbc7WQRnOTWgsO
        ⚠️ No PDF link found for: Untitled Document
        ✅ Saved: 65. विभाजन को समझना -> https://www.selfstudys.com/sitepdfs/sfwceBsnW2SN8ptWRr96
        ✅ Saved: Untitled Document -> https://www.selfstudys.com/sitepdfs/sfwceBsnW2SN8ptWRr96
        ⚠️ No PDF link found for: Untitled Document
        ✅ Saved: 76. संविधान का निर्माण -> https://www.selfstudys.com/sitepdfs/GpN0Qah1pG3lpKF8zrqt
        ✅ Saved: Untitled Document -> https://www.selfstudys.com/sitepdfs/GpN0Qah1pG3lpKF8zrqt
        ⚠️ No PDF link found for: Untitled Document
      Scraping Subject: 22. भौतिकी भाग - 1 (URL: https://www.selfstudys.com/books/haryana/state-books/class-12th/भौतिकी-भाग-1/27515)
        Found 30 PDF items for subject 22. भौतिकी भाग - 1.
        ✅ Saved: 1Prelims -> https://www.selfstudys.com/sitepdfs/gYBQcrsDcBtPcwLc7anv
        ✅ Saved: Untitled Document -> https://www.selfstudys.com/sitepdfs/gYBQcrsDcBtPcwLc7anv
        ⚠️ No PDF link found for: Untitled Document
        ✅ Saved: 21. वैद्युत आवेश तथा क्षेत्र -> https://www.selfstudys.com/sitepdfs/dicyHUfecerbIMl2s59f
        ✅ Saved: Untitled Document -> https://www.selfstudys.com/sitepdfs/dicyHUfecerbIMl2s59f
        ⚠️ No PDF link found for: Untitled Document
        ✅ Saved: 32. स्थिर वैद्युत विभव तथा धारिता -> https://www.selfstudys.com/sitepdfs/Sanz4DruZTKVY5uK3CwH
        ✅ Saved: Untitled Document -> https://www.selfstudys.com/sitepdfs/Sanz4DruZTKVY5uK3CwH
        ⚠️ No PDF link found for: Untitled Document
        ✅ Saved: 43. विद्युत धारा -> https://www.selfstudys.com/sitepdfs/buBfgXdqizjniOM5waRy
        ✅ Saved: Untitled Document -> https://www.selfstudys.com/sitepdfs/buBfgXdqizjniOM5waRy
        ⚠️ No PDF link found for: Untitled Document
        ✅ Saved: 54. गतिमान आवेश और चुम्बकत्व -> https://www.selfstudys.com/sitepdfs/ZdZPB4Z0a7QoRhX5KDiG
        ✅ Saved: Untitled Document -> https://www.selfstudys.com/sitepdfs/ZdZPB4Z0a7QoRhX5KDiG
        ⚠️ No PDF link found for: Untitled Document
        ✅ Saved: 65. चुम्बकत्व एवं द्रव्य -> https://www.selfstudys.com/sitepdfs/IdBlNxVjQKcKYQJF4PJr
        ✅ Saved: Untitled Document -> https://www.selfstudys.com/sitepdfs/IdBlNxVjQKcKYQJF4PJr
        ⚠️ No PDF link found for: Untitled Document
        ✅ Saved: 76. वैद्युतचुम्बकीय प्रेरण -> https://www.selfstudys.com/sitepdfs/ZOaSfpuYAkUT4xmPXY0o
        ✅ Saved: Untitled Document -> https://www.selfstudys.com/sitepdfs/ZOaSfpuYAkUT4xmPXY0o
        ⚠️ No PDF link found for: Untitled Document
        ✅ Saved: 87. प्रत्यावर्ती धारा -> https://www.selfstudys.com/sitepdfs/Rc1wAWxpuIMa6l8zhTVc
        ✅ Saved: Untitled Document -> https://www.selfstudys.com/sitepdfs/Rc1wAWxpuIMa6l8zhTVc
        ⚠️ No PDF link found for: Untitled Document
        ✅ Saved: 98. विद्युत चुम्बकीय तरंगे -> https://www.selfstudys.com/sitepdfs/nWTqNcaEF6BZnF2O8oTk
        ✅ Saved: Untitled Document -> https://www.selfstudys.com/sitepdfs/nWTqNcaEF6BZnF2O8oTk
        ⚠️ No PDF link found for: Untitled Document
        ✅ Saved: 10Answers -> https://www.selfstudys.com/sitepdfs/Cnhx3vTRCV7KVzJdjnUy
        ✅ Saved: Untitled Document -> https://www.selfstudys.com/sitepdfs/Cnhx3vTRCV7KVzJdjnUy
        ⚠️ No PDF link found for: Untitled Document
      Scraping Subject: 23. भौतिकी भाग - 2 (URL: https://www.selfstudys.com/books/haryana/state-books/class-12th/भौतिकी-भाग-2/27516)
        Found 33 PDF items for subject 23. भौतिकी भाग - 2.
        ❌ Error scraping PDF page https://www.selfstudys.com/books/haryana/state-books/class-12th/भौतिकी-भाग-2/prelims/446829: aborted
        ✅ Saved: Untitled Document -> https://www.selfstudys.com/sitepdfs/5ornEFU5WDusHfvrMQ25
        ⚠️ No PDF link found for: Untitled Document
        ✅ Saved: 21. किरण प्रकाशिकी एवं प्रकाशिक यंत्र -> https://www.selfstudys.com/sitepdfs/qDKEzSwt2dWV4nAesxPx
        ✅ Saved: Untitled Document -> https://www.selfstudys.com/sitepdfs/qDKEzSwt2dWV4nAesxPx
        ⚠️ No PDF link found for: Untitled Document
        ✅ Saved: 32. तरंग-प्रकाशिकी -> https://www.selfstudys.com/sitepdfs/A1Zw7brcRnDMxO87hGMk
        ✅ Saved: Untitled Document -> https://www.selfstudys.com/sitepdfs/A1Zw7brcRnDMxO87hGMk
        ⚠️ No PDF link found for: Untitled Document
        ✅ Saved: 43. विकिरण तथा द्रव्य की द्वैत प्रकृति -> https://www.selfstudys.com/sitepdfs/GxtClrS6PHTPDfYB2AJd
        ✅ Saved: Untitled Document -> https://www.selfstudys.com/sitepdfs/GxtClrS6PHTPDfYB2AJd
        ⚠️ No PDF link found for: Untitled Document
        ✅ Saved: 54. परमाणु -> https://www.selfstudys.com/sitepdfs/xHbzeVlTZsym5oVCIWF2
        ✅ Saved: Untitled Document -> https://www.selfstudys.com/sitepdfs/xHbzeVlTZsym5oVCIWF2
        ⚠️ No PDF link found for: Untitled Document
        ✅ Saved: 65. नाभिक -> https://www.selfstudys.com/sitepdfs/qW4XzB43a8OM0OlmpHgn
        ✅ Saved: Untitled Document -> https://www.selfstudys.com/sitepdfs/qW4XzB43a8OM0OlmpHgn
        ⚠️ No PDF link found for: Untitled Document
        ✅ Saved: 76. अर्धचालक इलेक्ट्रॉनिकी - पदार्थ, युक्तियाँ तथा सरल परिपथ -> https://www.selfstudys.com/sitepdfs/dZvP5fsf0lsjhr1Xfjc6
        ✅ Saved: Untitled Document -> https://www.selfstudys.com/sitepdfs/dZvP5fsf0lsjhr1Xfjc6
        ⚠️ No PDF link found for: Untitled Document
        ✅ Saved: 8उत्तर -> https://www.selfstudys.com/sitepdfs/ZupEHXdnK7Dfcddhe1c5
        ✅ Saved: Untitled Document -> https://www.selfstudys.com/sitepdfs/ZupEHXdnK7Dfcddhe1c5
        ⚠️ No PDF link found for: Untitled Document
        ✅ Saved: 9ग्रन्थ सूची -> https://www.selfstudys.com/sitepdfs/5X9E9jesrPm1X9REhppk
        ✅ Saved: Untitled Document -> https://www.selfstudys.com/sitepdfs/5X9E9jesrPm1X9REhppk
        ⚠️ No PDF link found for: Untitled Document
        ✅ Saved: 10परिशिष्ट -> https://www.selfstudys.com/sitepdfs/NYVJrmDgN96tJoEzoJJZ
        ✅ Saved: Untitled Document -> https://www.selfstudys.com/sitepdfs/NYVJrmDgN96tJoEzoJJZ
        ⚠️ No PDF link found for: Untitled Document
        ✅ Saved: 11शब्द सूची -> https://www.selfstudys.com/sitepdfs/tUL9OvoRTrHdGVdi4zrp
        ✅ Saved: Untitled Document -> https://www.selfstudys.com/sitepdfs/tUL9OvoRTrHdGVdi4zrp
        ⚠️ No PDF link found for: Untitled Document
      Scraping Subject: 24. मानव भूगोल के मूल सिद्धांत (URL: https://www.selfstudys.com/books/haryana/state-books/class-12th/मानव-भूगोल-के-मूल-सिद्धांत/27517)
        Found 39 PDF items for subject 24. मानव भूगोल के मूल सिद्धांत.
        ✅ Saved: 1Index -> https://www.selfstudys.com/sitepdfs/t0szahp50RJj7CUXsPc1
        ✅ Saved: Untitled Document -> https://www.selfstudys.com/sitepdfs/t0szahp50RJj7CUXsPc1
        ⚠️ No PDF link found for: Untitled Document
        ✅ Saved: 21. मानव भूगोल -> https://www.selfstudys.com/sitepdfs/nYR8WWjFsi3zcyXYu1Ce
        ✅ Saved: Untitled Document -> https://www.selfstudys.com/sitepdfs/nYR8WWjFsi3zcyXYu1Ce
        ⚠️ No PDF link found for: Untitled Document
        ✅ Saved: 32. विश्व जनसंख्या -> https://www.selfstudys.com/sitepdfs/xeT783JXMM3vVv4AadKn
        ✅ Saved: Untitled Document -> https://www.selfstudys.com/sitepdfs/xeT783JXMM3vVv4AadKn
        ⚠️ No PDF link found for: Untitled Document
        ✅ Saved: 43. जनसंख्या संघटन -> https://www.selfstudys.com/sitepdfs/bVJepKZ1kMaiehsrd8l6
        ✅ Saved: Untitled Document -> https://www.selfstudys.com/sitepdfs/bVJepKZ1kMaiehsrd8l6
        ❌ Error scraping PDF page https://www.selfstudys.com/advance-pdf-viewer/haryana/state-books/class-12th/मानव-भूगोल-के-मूल-सिद्धांत/3-जनसंख्या-संघटन/446839: aborted
        ❌ Error scraping PDF page https://www.selfstudys.com/books/haryana/state-books/class-12th/मानव-भूगोल-के-मूल-सिद्धांत/4-मानव-विकास/446838: aborted
        ✅ Saved: Untitled Document -> https://www.selfstudys.com/sitepdfs/lfe403z5YK5lsjWCP6Sc
        ⚠️ No PDF link found for: Untitled Document
        ✅ Saved: 65. प्राथमिक क्रियाएँ -> https://www.selfstudys.com/sitepdfs/88NyX9XeRFOA8wiqZGWe
        ✅ Saved: Untitled Document -> https://www.selfstudys.com/sitepdfs/88NyX9XeRFOA8wiqZGWe
        ⚠️ No PDF link found for: Untitled Document
        ✅ Saved: 76. द्वितीयक क्रियाएँ -> https://www.selfstudys.com/sitepdfs/oPGWwl2uJrJfOWH2J17v
        ✅ Saved: Untitled Document -> https://www.selfstudys.com/sitepdfs/oPGWwl2uJrJfOWH2J17v
        ⚠️ No PDF link found for: Untitled Document
        ✅ Saved: 87. तृतीयक और चतुर्थ क्रियाकलाप -> https://www.selfstudys.com/sitepdfs/isQCqWPdvyZ834dwr36i
        ✅ Saved: Untitled Document -> https://www.selfstudys.com/sitepdfs/isQCqWPdvyZ834dwr36i
        ⚠️ No PDF link found for: Untitled Document
        ✅ Saved: 98. परिवहन एवं संचार -> https://www.selfstudys.com/sitepdfs/JPDVFlEKxBeQZBExtE8B
        ✅ Saved: Untitled Document -> https://www.selfstudys.com/sitepdfs/JPDVFlEKxBeQZBExtE8B
        ⚠️ No PDF link found for: Untitled Document
        ✅ Saved: 109. अंतरराष्ट्रीय व्यापार -> https://www.selfstudys.com/sitepdfs/V3EQLDBzy6nfBbtwP3Kb
        ✅ Saved: Untitled Document -> https://www.selfstudys.com/sitepdfs/V3EQLDBzy6nfBbtwP3Kb
        ⚠️ No PDF link found for: Untitled Document
        ✅ Saved: 1110. मानव बस्ती -> https://www.selfstudys.com/sitepdfs/fZj8QqaSsplGSdJJGEWw
        ✅ Saved: Untitled Document -> https://www.selfstudys.com/sitepdfs/fZj8QqaSsplGSdJJGEWw
        ⚠️ No PDF link found for: Untitled Document
        ✅ Saved: 12परिशिष्ट -> https://www.selfstudys.com/sitepdfs/1pm4FGyeo0eTGimD6GyD
        ✅ Saved: Untitled Document -> https://www.selfstudys.com/sitepdfs/1pm4FGyeo0eTGimD6GyD
        ⚠️ No PDF link found for: Untitled Document
        ✅ Saved: 13शब्दावली -> https://www.selfstudys.com/sitepdfs/OQAtfvEUcNRaIVuOEokm
        ✅ Saved: Untitled Document -> https://www.selfstudys.com/sitepdfs/OQAtfvEUcNRaIVuOEokm
        ⚠️ No PDF link found for: Untitled Document
      Scraping Subject: 25. भूगोल में प्रयोगात्मक कार्य भाग - 2 (URL: https://www.selfstudys.com/books/haryana/state-books/class-12th/भूगोल-में-प्रयोगात्मक-कार्य-भाग-2/27518)
        Found 24 PDF items for subject 25. भूगोल में प्रयोगात्मक कार्य भाग - 2.
        ✅ Saved: 1Prelims -> https://www.selfstudys.com/sitepdfs/eSHQPvEsnxYd6j16K8vy
        ✅ Saved: Untitled Document -> https://www.selfstudys.com/sitepdfs/eSHQPvEsnxYd6j16K8vy
        ⚠️ No PDF link found for: Untitled Document
        ✅ Saved: 21. आंकडे़ स्रोत और संकलन -> https://www.selfstudys.com/sitepdfs/Q3O22GyrFGTRnwdjCFTD
        ✅ Saved: Untitled Document -> https://www.selfstudys.com/sitepdfs/Q3O22GyrFGTRnwdjCFTD
        ⚠️ No PDF link found for: Untitled Document
        ✅ Saved: 32. आंकड़ों का प्रक्रमण -> https://www.selfstudys.com/sitepdfs/RUDAK71w3q98IPrtnwuu
        ✅ Saved: Untitled Document -> https://www.selfstudys.com/sitepdfs/RUDAK71w3q98IPrtnwuu
        ⚠️ No PDF link found for: Untitled Document
        ✅ Saved: 43. आंकड़ों का आलेखी निरूपण -> https://www.selfstudys.com/sitepdfs/5zT8z2WW4ZU98FuXaqky
        ❌ Error scraping PDF page https://www.selfstudys.com/books/haryana/state-books/class-12th/भूगोल-में-प्रयोगात्मक-कार्य-भाग-2/3-आंकड़ों-का-आलेखी-निरूपण/446847: aborted
        ⚠️ No PDF link found for: Untitled Document
        ✅ Saved: 54. आंकड़ों का प्रक्रमण एवं मानचित्रण में कंप्यूटर का उपयोग -> https://www.selfstudys.com/sitepdfs/b01YLPoeKxEw0fLVIuXR
        ✅ Saved: Untitled Document -> https://www.selfstudys.com/sitepdfs/b01YLPoeKxEw0fLVIuXR
        ⚠️ No PDF link found for: Untitled Document
        ✅ Saved: 65. क्षेत्रीय सर्वेक्षण -> https://www.selfstudys.com/sitepdfs/mvfKk9U5gSbwV0DvEK9o
        ✅ Saved: Untitled Document -> https://www.selfstudys.com/sitepdfs/mvfKk9U5gSbwV0DvEK9o
        ⚠️ No PDF link found for: Untitled Document
        ✅ Saved: 76. स्थानिक सूचना प्रौद्योगिकी -> https://www.selfstudys.com/sitepdfs/exRByXXd348BH1rE5P84
        ✅ Saved: Untitled Document -> https://www.selfstudys.com/sitepdfs/exRByXXd348BH1rE5P84
        ⚠️ No PDF link found for: Untitled Document
        ✅ Saved: 8Annexure -> https://www.selfstudys.com/sitepdfs/6DzoevWusWq33AuUo9nU
        ✅ Saved: Untitled Document -> https://www.selfstudys.com/sitepdfs/6DzoevWusWq33AuUo9nU
        ⚠️ No PDF link found for: Untitled Document
      Scraping Subject: 26. भारतीय समाज (URL: https://www.selfstudys.com/books/haryana/state-books/class-12th/भारतीय-समाज/27519)
        Found 27 PDF items for subject 26. भारतीय समाज.
        ✅ Saved: 1Prelims -> https://www.selfstudys.com/sitepdfs/DCdmIuMVuUY9IJ3ydkdY
        ✅ Saved: Untitled Document -> https://www.selfstudys.com/sitepdfs/DCdmIuMVuUY9IJ3ydkdY
        ⚠️ No PDF link found for: Untitled Document
        ✅ Saved: 21. भारतीय समाज एक परिचय -> https://www.selfstudys.com/sitepdfs/34SrInDyggIb8CgCalTc
        ✅ Saved: Untitled Document -> https://www.selfstudys.com/sitepdfs/34SrInDyggIb8CgCalTc
        ⚠️ No PDF link found for: Untitled Document
        ✅ Saved: 32. भारतीय समाज की जनसांख्यिकीय संरचना -> https://www.selfstudys.com/sitepdfs/1XBLxzToCcyWh2DJPGms
        ✅ Saved: Untitled Document -> https://www.selfstudys.com/sitepdfs/1XBLxzToCcyWh2DJPGms
        ⚠️ No PDF link found for: Untitled Document
        ✅ Saved: 43. सामाजिक संस्थाएँ - निरंतरता एवं परिवर्तन -> https://www.selfstudys.com/sitepdfs/CsRjlQs9BzVeiQPNgg8x
        ✅ Saved: Untitled Document -> https://www.selfstudys.com/sitepdfs/CsRjlQs9BzVeiQPNgg8x
        ⚠️ No PDF link found for: Untitled Document
        ✅ Saved: 54. बाजार एक सामाजिक संस्था के रूप में -> https://www.selfstudys.com/sitepdfs/B5ypa0HQce5c18XCQBGf
        ✅ Saved: Untitled Document -> https://www.selfstudys.com/sitepdfs/B5ypa0HQce5c18XCQBGf
        ❌ Error scraping PDF page https://www.selfstudys.com/advance-pdf-viewer/haryana/state-books/class-12th/भारतीय-समाज/4-बाजार-एक-सामाजिक-संस्था-के-रूप-में/446855: aborted
        ✅ Saved: 65. सामाजिक विषमता एवं बहिष्कार के स्वरूप -> https://www.selfstudys.com/sitepdfs/lJ7Ogz5oXVEHTssY2C0a
        ✅ Saved: Untitled Document -> https://www.selfstudys.com/sitepdfs/lJ7Ogz5oXVEHTssY2C0a
        ⚠️ No PDF link found for: Untitled Document
        ✅ Saved: 76. सांस्कृतिक विविधता की चुनौतियाँ -> https://www.selfstudys.com/sitepdfs/ELkLZsO4ngTdmiLZD5qL
        ✅ Saved: Untitled Document -> https://www.selfstudys.com/sitepdfs/ELkLZsO4ngTdmiLZD5qL
        ⚠️ No PDF link found for: Untitled Document
        ✅ Saved: 87. परियोजना कार्य के लिए सुझाव -> https://www.selfstudys.com/sitepdfs/bRyeIY8QqcmnfRZm7SyS
        ✅ Saved: Untitled Document -> https://www.selfstudys.com/sitepdfs/bRyeIY8QqcmnfRZm7SyS
        ⚠️ No PDF link found for: Untitled Document
        ✅ Saved: 9शब्दावली -> https://www.selfstudys.com/sitepdfs/mowYKH7CGw0VMYyj1Kbl
        ✅ Saved: Untitled Document -> https://www.selfstudys.com/sitepdfs/mowYKH7CGw0VMYyj1Kbl
        ⚠️ No PDF link found for: Untitled Document
      Scraping Subject: 27. अंतरा भाग - 2 (URL: https://www.selfstudys.com/books/haryana/state-books/class-12th/अंतरा-भाग-2/27520)
        Found 66 PDF items for subject 27. अंतरा भाग - 2.
        ✅ Saved: 1Prelims -> https://www.selfstudys.com/sitepdfs/hPMTr08pMlW7EHsyJP0Z
        ✅ Saved: Untitled Document -> https://www.selfstudys.com/sitepdfs/hPMTr08pMlW7EHsyJP0Z
        ❌ Error scraping PDF page https://www.selfstudys.com/advance-pdf-viewer/haryana/state-books/class-12th/अंतरा-भाग-2/prelims/446881: aborted
        ✅ Saved: 21. देवसेना का गीत -> https://www.selfstudys.com/sitepdfs/hmg3UCAYfRR2v0EGMa5Q
        ✅ Saved: Untitled Document -> https://www.selfstudys.com/sitepdfs/hmg3UCAYfRR2v0EGMa5Q
        ⚠️ No PDF link found for: Untitled Document
        ✅ Saved: 32. गीत गाने दो मुझे -> https://www.selfstudys.com/sitepdfs/NvWFs1ipKbjsx1s05Imw
        ✅ Saved: Untitled Document -> https://www.selfstudys.com/sitepdfs/NvWFs1ipKbjsx1s05Imw
        ⚠️ No PDF link found for: Untitled Document
        ✅ Saved: 43. यह दीप अकेला -> https://www.selfstudys.com/sitepdfs/u2wTCboJyzIOeLhUltFD
        ✅ Saved: Untitled Document -> https://www.selfstudys.com/sitepdfs/u2wTCboJyzIOeLhUltFD
        ⚠️ No PDF link found for: Untitled Document
        ✅ Saved: 54. बनारस -> https://www.selfstudys.com/sitepdfs/xiM53aSd3nXy7oePRh4F
        ✅ Saved: Untitled Document -> https://www.selfstudys.com/sitepdfs/xiM53aSd3nXy7oePRh4F
        ⚠️ No PDF link found for: Untitled Document
        ✅ Saved: 65. सत्य -> https://www.selfstudys.com/sitepdfs/gJwXL4MhQ41k2sRcjT1O
        ✅ Saved: Untitled Document -> https://www.selfstudys.com/sitepdfs/gJwXL4MhQ41k2sRcjT1O
        ⚠️ No PDF link found for: Untitled Document
        ✅ Saved: 76. तोड़ो -> https://www.selfstudys.com/sitepdfs/z9GpfY2RDeTbGbXJIu0f
        ✅ Saved: Untitled Document -> https://www.selfstudys.com/sitepdfs/z9GpfY2RDeTbGbXJIu0f
        ⚠️ No PDF link found for: Untitled Document
        ✅ Saved: 87. भरत-राम का प्रेम -> https://www.selfstudys.com/sitepdfs/zE3WmER2teVz6OAnrg1L
        ✅ Saved: Untitled Document -> https://www.selfstudys.com/sitepdfs/zE3WmER2teVz6OAnrg1L
        ⚠️ No PDF link found for: Untitled Document
        ✅ Saved: 98. बारहमासा -> https://www.selfstudys.com/sitepdfs/RpsybTn8Ylia5Ms9R3rS
        ✅ Saved: Untitled Document -> https://www.selfstudys.com/sitepdfs/RpsybTn8Ylia5Ms9R3rS
        ⚠️ No PDF link found for: Untitled Document
        ✅ Saved: 109. पद -> https://www.selfstudys.com/sitepdfs/3CVtyyZRpXwjGxIyp2ZY
        ✅ Saved: Untitled Document -> https://www.selfstudys.com/sitepdfs/3CVtyyZRpXwjGxIyp2ZY
        ⚠️ No PDF link found for: Untitled Document
        ✅ Saved: 1110. रामचंद्रचंद्रिका -> https://www.selfstudys.com/sitepdfs/Myc3karIbmUMTMDGid9m
        ✅ Saved: Untitled Document -> https://www.selfstudys.com/sitepdfs/Myc3karIbmUMTMDGid9m
        ⚠️ No PDF link found for: Untitled Document
        ✅ Saved: 1211. कवित्त - सवैया -> https://www.selfstudys.com/sitepdfs/ju4EfKoooXvTV8mUfLD2
        ✅ Saved: Untitled Document -> https://www.selfstudys.com/sitepdfs/ju4EfKoooXvTV8mUfLD2
        ⚠️ No PDF link found for: Untitled Document
        ✅ Saved: 1312. प्रेमघन की छाया स्मृति -> https://www.selfstudys.com/sitepdfs/VnHuFSSywcNDgtU3zIgT
        ✅ Saved: Untitled Document -> https://www.selfstudys.com/sitepdfs/VnHuFSSywcNDgtU3zIgT
        ❌ Error scraping PDF page https://www.selfstudys.com/advance-pdf-viewer/haryana/state-books/class-12th/अंतरा-भाग-2/12-प्रेमघन-की-छाया-स्मृति/446869: aborted
        ✅ Saved: 1413. सुमिरिनी के मनके -> https://www.selfstudys.com/sitepdfs/okhGbpmuiPlGYQzf5xRY
        ✅ Saved: Untitled Document -> https://www.selfstudys.com/sitepdfs/okhGbpmuiPlGYQzf5xRY
        ⚠️ No PDF link found for: Untitled Document
        ✅ Saved: 1514. कच्चा चिट्टा -> https://www.selfstudys.com/sitepdfs/YIsanosnJB74BFJjZlct
        ✅ Saved: Untitled Document -> https://www.selfstudys.com/sitepdfs/YIsanosnJB74BFJjZlct
        ⚠️ No PDF link found for: Untitled Document
        ✅ Saved: 1615. संवदिया -> https://www.selfstudys.com/sitepdfs/AGpnZqm8HFRVcU74oEEs
        ✅ Saved: Untitled Document -> https://www.selfstudys.com/sitepdfs/AGpnZqm8HFRVcU74oEEs
        ⚠️ No PDF link found for: Untitled Document
        ✅ Saved: 1716. गांधी, नेहरू और यास्सेर अराफात -> https://www.selfstudys.com/sitepdfs/b9Djy9xglTtv9Hhn1zTS
        ✅ Saved: Untitled Document -> https://www.selfstudys.com/sitepdfs/b9Djy9xglTtv9Hhn1zTS
        ⚠️ No PDF link found for: Untitled Document
        ✅ Saved: 1817. शेर, पहचान, चार हाथ, साझा -> https://www.selfstudys.com/sitepdfs/xZBtRmEpdeRCPwDMNCqs
        ✅ Saved: Untitled Document -> https://www.selfstudys.com/sitepdfs/xZBtRmEpdeRCPwDMNCqs
        ⚠️ No PDF link found for: Untitled Document
        ✅ Saved: 1918. जहाँ कोई वापसी नही -> https://www.selfstudys.com/sitepdfs/0LCaE2v5hhiiIiSdFcKs
        ✅ Saved: Untitled Document -> https://www.selfstudys.com/sitepdfs/0LCaE2v5hhiiIiSdFcKs
        ⚠️ No PDF link found for: Untitled Document
        ✅ Saved: 2019. यथास्मै रोचते विश्वम -> https://www.selfstudys.com/sitepdfs/bfvh9XZ7Lq8hUrg9PG00
        ✅ Saved: Untitled Document -> https://www.selfstudys.com/sitepdfs/bfvh9XZ7Lq8hUrg9PG00
        ⚠️ No PDF link found for: Untitled Document
        ✅ Saved: 2120. दूसरा देवदास -> https://www.selfstudys.com/sitepdfs/XdSHoISfGxU5L4zPgucm
        ✅ Saved: Untitled Document -> https://www.selfstudys.com/sitepdfs/XdSHoISfGxU5L4zPgucm
        ⚠️ No PDF link found for: Untitled Document
        ✅ Saved: 2221. कुटज -> https://www.selfstudys.com/sitepdfs/lwNGNlj2zb6QBifv6Phh
        ✅ Saved: Untitled Document -> https://www.selfstudys.com/sitepdfs/lwNGNlj2zb6QBifv6Phh
        ⚠️ No PDF link found for: Untitled Document
      Scraping Subject: 28. अंतराल भाग - 2 (URL: https://www.selfstudys.com/books/haryana/state-books/class-12th/अंतराल-भाग-2/27521)
        Found 15 PDF items for subject 28. अंतराल भाग - 2.
        ✅ Saved: 1Prelims -> https://www.selfstudys.com/sitepdfs/MyC7XPCn4xObtHbJPqT8
        ❌ Error scraping PDF page https://www.selfstudys.com/books/haryana/state-books/class-12th/अंतराल-भाग-2/prelims/446886: aborted
        ⚠️ No PDF link found for: Untitled Document
        ✅ Saved: 21. सूरदास की झोंपड़ी -> https://www.selfstudys.com/sitepdfs/bQrcl8yiOAz6oJk4e0Jf
        ✅ Saved: Untitled Document -> https://www.selfstudys.com/sitepdfs/bQrcl8yiOAz6oJk4e0Jf
        ❌ Error scraping PDF page https://www.selfstudys.com/advance-pdf-viewer/haryana/state-books/class-12th/अंतराल-भाग-2/1-सूरदास-की-झोंपड़ी/446885: aborted
        ✅ Saved: 32. आरोहण -> https://www.selfstudys.com/sitepdfs/xyuz1rdejex700p1CsKk
        ✅ Saved: Untitled Document -> https://www.selfstudys.com/sitepdfs/xyuz1rdejex700p1CsKk
        ⚠️ No PDF link found for: Untitled Document
        ✅ Saved: 43. बिस्कोहर की माटी -> https://www.selfstudys.com/sitepdfs/iRY10YcNR29Wa16bqKZq
        ✅ Saved: Untitled Document -> https://www.selfstudys.com/sitepdfs/iRY10YcNR29Wa16bqKZq
        ⚠️ No PDF link found for: Untitled Document
        ✅ Saved: 54. अपना मालवा-खाऊ-उजाड़ -> https://www.selfstudys.com/sitepdfs/VKOgY8hETGmT6neqInaW
        ✅ Saved: Untitled Document -> https://www.selfstudys.com/sitepdfs/VKOgY8hETGmT6neqInaW
        ❌ Error scraping PDF page https://www.selfstudys.com/advance-pdf-viewer/haryana/state-books/class-12th/अंतराल-भाग-2/4-अपना-मालवा-खाऊ-उजाड़/446882: timeout of 10000ms exceeded
      Scraping Subject: 29. आरोह भाग - 2 (URL: https://www.selfstudys.com/books/haryana/state-books/class-12th/आरोह-भाग-2/27522)
        Found 57 PDF items for subject 29. आरोह भाग - 2.
        ✅ Saved: 1Prelims -> https://www.selfstudys.com/sitepdfs/zX1nFJfORqKtVDgg0OIj
        ✅ Saved: Untitled Document -> https://www.selfstudys.com/sitepdfs/zX1nFJfORqKtVDgg0OIj
        ⚠️ No PDF link found for: Untitled Document
        ✅ Saved: 21.  हरिवंश राय बच्चन -> https://www.selfstudys.com/sitepdfs/syZj66WHl1rc7b6kvT06
        ✅ Saved: Untitled Document -> https://www.selfstudys.com/sitepdfs/syZj66WHl1rc7b6kvT06
        ⚠️ No PDF link found for: Untitled Document
        ✅ Saved: 32. आलोक धन्वा -> https://www.selfstudys.com/sitepdfs/PBRPTcICjWXVrFS3KsPs
        ✅ Saved: Untitled Document -> https://www.selfstudys.com/sitepdfs/PBRPTcICjWXVrFS3KsPs
        ⚠️ No PDF link found for: Untitled Document
        ✅ Saved: 43. कुँवर नारायण -> https://www.selfstudys.com/sitepdfs/zsjPSbs61jnnVUXNvQ2v
        ✅ Saved: Untitled Document -> https://www.selfstudys.com/sitepdfs/zsjPSbs61jnnVUXNvQ2v
        ⚠️ No PDF link found for: Untitled Document
        ✅ Saved: 54. रघुवीर सहाय -> https://www.selfstudys.com/sitepdfs/GteVr2B5rVpOe0R1g61Q
        ✅ Saved: Untitled Document -> https://www.selfstudys.com/sitepdfs/GteVr2B5rVpOe0R1g61Q
        ⚠️ No PDF link found for: Untitled Document
        ✅ Saved: 65. गजानन माधव मुक्तिबोध -> https://www.selfstudys.com/sitepdfs/tlHqaeyidHSUANphEZfd
        ✅ Saved: Untitled Document -> https://www.selfstudys.com/sitepdfs/tlHqaeyidHSUANphEZfd
        ⚠️ No PDF link found for: Untitled Document
        ✅ Saved: 76. शमशेर बहादुर सिंह -> https://www.selfstudys.com/sitepdfs/RJWRHpyYhujM2du7ONLs
        ✅ Saved: Untitled Document -> https://www.selfstudys.com/sitepdfs/RJWRHpyYhujM2du7ONLs
        ⚠️ No PDF link found for: Untitled Document
        ✅ Saved: 87. सूर्यकांत त्रिपाठी 'निराला' -> https://www.selfstudys.com/sitepdfs/gwOLyw7lfKia1ZlIyGih
        ✅ Saved: Untitled Document -> https://www.selfstudys.com/sitepdfs/gwOLyw7lfKia1ZlIyGih
        ⚠️ No PDF link found for: Untitled Document
        ✅ Saved: 98. गोस्वामी तुलसीदास -> https://www.selfstudys.com/sitepdfs/jLEYFe4IlSi3CH9FMBTR
        ✅ Saved: Untitled Document -> https://www.selfstudys.com/sitepdfs/jLEYFe4IlSi3CH9FMBTR
        ⚠️ No PDF link found for: Untitled Document
        ✅ Saved: 109. फिराक गोरखपुरी -> https://www.selfstudys.com/sitepdfs/TLN5fnj84CWBjNvK8wse
        ✅ Saved: Untitled Document -> https://www.selfstudys.com/sitepdfs/TLN5fnj84CWBjNvK8wse
        ⚠️ No PDF link found for: Untitled Document
        ✅ Saved: 1110. उमाशंकर जोशी -> https://www.selfstudys.com/sitepdfs/bzeQklbpNOTechgcvrvv
        ✅ Saved: Untitled Document -> https://www.selfstudys.com/sitepdfs/bzeQklbpNOTechgcvrvv
        ⚠️ No PDF link found for: Untitled Document
        ✅ Saved: 1211. महादेवी वर्मा -> https://www.selfstudys.com/sitepdfs/TD9vhPm1ri9EI93y4qGp
        ✅ Saved: Untitled Document -> https://www.selfstudys.com/sitepdfs/TD9vhPm1ri9EI93y4qGp
        ⚠️ No PDF link found for: Untitled Document
        ✅ Saved: 1312. जैनेन्द्र कुमार -> https://www.selfstudys.com/sitepdfs/HLCTm6MbqBFdIKbOZNW5
        ✅ Saved: Untitled Document -> https://www.selfstudys.com/sitepdfs/HLCTm6MbqBFdIKbOZNW5
        ⚠️ No PDF link found for: Untitled Document
        ✅ Saved: 1413. धर्मवीर भारती -> https://www.selfstudys.com/sitepdfs/2mWNWCgVqaZOrtzz2AVl
        ✅ Saved: Untitled Document -> https://www.selfstudys.com/sitepdfs/2mWNWCgVqaZOrtzz2AVl
        ⚠️ No PDF link found for: Untitled Document
        ✅ Saved: 1514. फणीश्वर नाथ रेणु -> https://www.selfstudys.com/sitepdfs/8dABidA0LcU9MjhZ6B7w
        ✅ Saved: Untitled Document -> https://www.selfstudys.com/sitepdfs/8dABidA0LcU9MjhZ6B7w
        ⚠️ No PDF link found for: Untitled Document
        ✅ Saved: 1615. विष्णु खरे -> https://www.selfstudys.com/sitepdfs/5bK1zZ9r2R3cBaf9vFSD
        ✅ Saved: Untitled Document -> https://www.selfstudys.com/sitepdfs/5bK1zZ9r2R3cBaf9vFSD
        ⚠️ No PDF link found for: Untitled Document
        ✅ Saved: 1716. रजिया सज्जाद जहीर -> https://www.selfstudys.com/sitepdfs/G1SqNiGZ1nGTXxP0CDTf
        ✅ Saved: Untitled Document -> https://www.selfstudys.com/sitepdfs/G1SqNiGZ1nGTXxP0CDTf
        ⚠️ No PDF link found for: Untitled Document
        ✅ Saved: 1817. हजारी प्रसाद द्विवेदी -> https://www.selfstudys.com/sitepdfs/8FnOZE1DX8qNeDQJOco6
        ✅ Saved: Untitled Document -> https://www.selfstudys.com/sitepdfs/8FnOZE1DX8qNeDQJOco6
        ⚠️ No PDF link found for: Untitled Document
        ✅ Saved: 1918. बाबा साहेब भीमराव आंबेडकर -> https://www.selfstudys.com/sitepdfs/zfZFZJbSutvBJ9f19qKt
        ✅ Saved: Untitled Document -> https://www.selfstudys.com/sitepdfs/zfZFZJbSutvBJ9f19qKt
        ⚠️ No PDF link found for: Untitled Document
      Scraping Subject: 30. वितान भाग - 2 (URL: https://www.selfstudys.com/books/haryana/state-books/class-12th/वितान-भाग-2/27523)
        Found 15 PDF items for subject 30. वितान भाग - 2.
        ✅ Saved: 1Index -> https://www.selfstudys.com/sitepdfs/Tuwgb25Gj0pAau9RD7zF
        ✅ Saved: Untitled Document -> https://www.selfstudys.com/sitepdfs/Tuwgb25Gj0pAau9RD7zF
        ⚠️ No PDF link found for: Untitled Document
        ✅ Saved: 21. सिल्वर वेडिंग -> https://www.selfstudys.com/sitepdfs/JdmrhyFnal7j88Olj4ec
        ✅ Saved: Untitled Document -> https://www.selfstudys.com/sitepdfs/JdmrhyFnal7j88Olj4ec
        ⚠️ No PDF link found for: Untitled Document
        ✅ Saved: 32. जूझ -> https://www.selfstudys.com/sitepdfs/OSlfYNBFZ8fEzvU0bS10
        ✅ Saved: Untitled Document -> https://www.selfstudys.com/sitepdfs/OSlfYNBFZ8fEzvU0bS10
        ⚠️ No PDF link found for: Untitled Document
        ✅ Saved: 43. अतीत में दबे पाँव -> https://www.selfstudys.com/sitepdfs/KR3OgQHDvLTuap5qEU2B
        ✅ Saved: Untitled Document -> https://www.selfstudys.com/sitepdfs/KR3OgQHDvLTuap5qEU2B
        ❌ Error scraping PDF page https://www.selfstudys.com/advance-pdf-viewer/haryana/state-books/class-12th/वितान-भाग-2/3-अतीत-में-दबे-पाँव/446907: aborted
        ✅ Saved: 54. डायरी के पन्ने -> https://www.selfstudys.com/sitepdfs/qEMXATc5Whwm00OR9WO7
        ✅ Saved: Untitled Document -> https://www.selfstudys.com/sitepdfs/qEMXATc5Whwm00OR9WO7
        ⚠️ No PDF link found for: Untitled Document
      Scraping Subject: 31. सृजन भाग -2 (URL: https://www.selfstudys.com/books/haryana/state-books/class-12th/सृजन-भाग-2/27524)
        Found 12 PDF items for subject 31. सृजन भाग -2.
        ✅ Saved: 11. साहित्यिक लेखन -> https://www.selfstudys.com/sitepdfs/AGCGk5QRufWKMV40pRDH
        ✅ Saved: Untitled Document -> https://www.selfstudys.com/sitepdfs/AGCGk5QRufWKMV40pRDH
        ⚠️ No PDF link found for: Untitled Document
        ✅ Saved: 22. मीडिया लेखन -> https://www.selfstudys.com/sitepdfs/NuY5oT0jlXrv6LzUnz3p
        ✅ Saved: Untitled Document -> https://www.selfstudys.com/sitepdfs/NuY5oT0jlXrv6LzUnz3p
        ⚠️ No PDF link found for: Untitled Document
        ❌ Error scraping PDF page https://www.selfstudys.com/books/haryana/state-books/class-12th/सृजन-भाग-2/3-अनुवाद-की-प्रक्रिया/446912: aborted
        ✅ Saved: Untitled Document -> https://www.selfstudys.com/sitepdfs/gimEyTDAmDpYQUhth136
        ⚠️ No PDF link found for: Untitled Document
        ❌ Error scraping PDF page https://www.selfstudys.com/books/haryana/state-books/class-12th/सृजन-भाग-2/4-संपादन/446911: aborted
        ✅ Saved: Untitled Document -> https://www.selfstudys.com/sitepdfs/EeFMRbgDTkaBp3LafNBW
        ⚠️ No PDF link found for: Untitled Document
      Scraping Subject: 0. Haryana Board Previous Year Paper (URL: https://www.selfstudys.com/books/haryana/state-books/class-12th/latest/27760)
        Found 0 PDF items for subject 0. Haryana Board Previous Year Paper.
      Scraping Subject: 1. 2025 (URL: https://www.selfstudys.com/books/haryana/state-books/class-12th/2025/56163)
        Found 75 PDF items for subject 1. 2025.
        ✅ Saved: 1Mathematics - 2232 - Set-A - 2025 -> https://www.selfstudys.com/sitepdfs/YNnf1lUnjQqQ1m2HeyuA
        ✅ Saved: Untitled Document -> https://www.selfstudys.com/sitepdfs/YNnf1lUnjQqQ1m2HeyuA
        ⚠️ No PDF link found for: Untitled Document
        ✅ Saved: 2Mathematics - 2232 - Set-B - 2025 -> https://www.selfstudys.com/sitepdfs/1R7xxJZWrD9uH94lvLyv
        ✅ Saved: Untitled Document -> https://www.selfstudys.com/sitepdfs/1R7xxJZWrD9uH94lvLyv
        ⚠️ No PDF link found for: Untitled Document
        ✅ Saved: 3Mathematics - 2232 - Set-C - 2025 -> https://www.selfstudys.com/sitepdfs/t6Vuf2zlmU2al8GyqggK
        ✅ Saved: Untitled Document -> https://www.selfstudys.com/sitepdfs/t6Vuf2zlmU2al8GyqggK
        ⚠️ No PDF link found for: Untitled Document
        ✅ Saved: 4Mathematics - 2232 - Set-D - 2025 -> https://www.selfstudys.com/sitepdfs/1BiGtW4lF8wg62rRRGr5
        ✅ Saved: Untitled Document -> https://www.selfstudys.com/sitepdfs/1BiGtW4lF8wg62rRRGr5
        ⚠️ No PDF link found for: Untitled Document
        ✅ Saved: 5Accountancy - 2210 - Set-A - 2025 -> https://www.selfstudys.com/sitepdfs/qz6z8BtZt2XZy9fSc1mT
        ✅ Saved: Untitled Document -> https://www.selfstudys.com/sitepdfs/qz6z8BtZt2XZy9fSc1mT
        ⚠️ No PDF link found for: Untitled Document
        ✅ Saved: 6Accountancy - 2210 - Set-B - 2025 -> https://www.selfstudys.com/sitepdfs/WbUcThkimTMHKCeQpa5t
        ✅ Saved: Untitled Document -> https://www.selfstudys.com/sitepdfs/WbUcThkimTMHKCeQpa5t
        ⚠️ No PDF link found for: Untitled Document
        ✅ Saved: 7Accountancy - 2210 - Set-C - 2025 -> https://www.selfstudys.com/sitepdfs/ElmStn6laRYJss0LH2Jr
        ✅ Saved: Untitled Document -> https://www.selfstudys.com/sitepdfs/ElmStn6laRYJss0LH2Jr
        ⚠️ No PDF link found for: Untitled Document
        ✅ Saved: 8Accountancy - 2210 - Set-D - 2025 -> https://www.selfstudys.com/sitepdfs/KhF2ICbEtV0zkGwhHc5K
        ✅ Saved: Untitled Document -> https://www.selfstudys.com/sitepdfs/KhF2ICbEtV0zkGwhHc5K
        ⚠️ No PDF link found for: Untitled Document
        ✅ Saved: 9Business Studies - 2211 - Set-A - 2025 -> https://www.selfstudys.com/sitepdfs/VLucsL9DGBR5YbX405AA
        ✅ Saved: Untitled Document -> https://www.selfstudys.com/sitepdfs/VLucsL9DGBR5YbX405AA
        ⚠️ No PDF link found for: Untitled Document
        ✅ Saved: 10Business Studies - 2211 - Set-B - 2025 -> https://www.selfstudys.com/sitepdfs/wvatHLYW9O8K9zJa04wI
        ✅ Saved: Untitled Document -> https://www.selfstudys.com/sitepdfs/wvatHLYW9O8K9zJa04wI
        ⚠️ No PDF link found for: Untitled Document
        ✅ Saved: 11Business Studies - 2211 - Set-C - 2025 -> https://www.selfstudys.com/sitepdfs/vUlygI0EDKMtVGW73vhV
        ✅ Saved: Untitled Document -> https://www.selfstudys.com/sitepdfs/vUlygI0EDKMtVGW73vhV
        ⚠️ No PDF link found for: Untitled Document
        ✅ Saved: 12Business Studies - 2211 - Set-D - 2025 -> https://www.selfstudys.com/sitepdfs/jtrOENyhXSxIXdJvUR4Q
        ✅ Saved: Untitled Document -> https://www.selfstudys.com/sitepdfs/jtrOENyhXSxIXdJvUR4Q
        ⚠️ No PDF link found for: Untitled Document
        ✅ Saved: 13Economics - 2213 - Set-A - 2025 -> https://www.selfstudys.com/sitepdfs/EAPwsQd9oYJrG8puRaJ6
        ✅ Saved: Untitled Document -> https://www.selfstudys.com/sitepdfs/EAPwsQd9oYJrG8puRaJ6
        ⚠️ No PDF link found for: Untitled Document
        ✅ Saved: 14Economics - 2213 - Set-C - 2025 -> https://www.selfstudys.com/sitepdfs/pFIVuKit8ha3m4Yt4V0e
        ✅ Saved: Untitled Document -> https://www.selfstudys.com/sitepdfs/pFIVuKit8ha3m4Yt4V0e
        ⚠️ No PDF link found for: Untitled Document
        ✅ Saved: 15Economics - 2213 - Set-D - 2025 -> https://www.selfstudys.com/sitepdfs/VJQ70KP2S0hYtWpdoutE
        ✅ Saved: Untitled Document -> https://www.selfstudys.com/sitepdfs/VJQ70KP2S0hYtWpdoutE
        ⚠️ No PDF link found for: Untitled Document
        ✅ Saved: 16Political Science - 2216 - Set-A - 2025 -> https://www.selfstudys.com/sitepdfs/bZhmtxpT1EVnLH9z57xR
        ✅ Saved: Untitled Document -> https://www.selfstudys.com/sitepdfs/bZhmtxpT1EVnLH9z57xR
        ⚠️ No PDF link found for: Untitled Document
        ✅ Saved: 17History - 2214 - Set-B - 2025 -> https://www.selfstudys.com/sitepdfs/KOZVM3z3YaGZBzIPjzgj
        ✅ Saved: Untitled Document -> https://www.selfstudys.com/sitepdfs/KOZVM3z3YaGZBzIPjzgj
        ⚠️ No PDF link found for: Untitled Document
        ✅ Saved: 18English Core - 2201 - Set-A - 2025 -> https://www.selfstudys.com/sitepdfs/qCq8Pp3EJszgZ7XW4ciz
        ✅ Saved: Untitled Document -> https://www.selfstudys.com/sitepdfs/qCq8Pp3EJszgZ7XW4ciz
        ⚠️ No PDF link found for: Untitled Document
        ✅ Saved: 19English Core - 2201 - Set-B - 2025 -> https://www.selfstudys.com/sitepdfs/xxPxNwQ6swMfmfbA9JhY
        ✅ Saved: Untitled Document -> https://www.selfstudys.com/sitepdfs/xxPxNwQ6swMfmfbA9JhY
        ⚠️ No PDF link found for: Untitled Document
        ✅ Saved: 20English Core - 2201 - Set-C - 2025 -> https://www.selfstudys.com/sitepdfs/p5VD2Y3GukkTqTzXEN3Z
        ✅ Saved: Untitled Document -> https://www.selfstudys.com/sitepdfs/p5VD2Y3GukkTqTzXEN3Z
        ⚠️ No PDF link found for: Untitled Document
        ✅ Saved: 21English Core - 2201 - Set-D - 2025 -> https://www.selfstudys.com/sitepdfs/S6Sa0kcyyJwt0awqPL1S
        ✅ Saved: Untitled Document -> https://www.selfstudys.com/sitepdfs/S6Sa0kcyyJwt0awqPL1S
        ⚠️ No PDF link found for: Untitled Document
        ✅ Saved: 22Hindi Core - 2204 - Set-A - 2025 -> https://www.selfstudys.com/sitepdfs/U84J0DtorrLU3zqpMiTU
        ✅ Saved: Untitled Document -> https://www.selfstudys.com/sitepdfs/U84J0DtorrLU3zqpMiTU
        ⚠️ No PDF link found for: Untitled Document
        ✅ Saved: 23Hindi Core - 2204 - Set-B - 2025 -> https://www.selfstudys.com/sitepdfs/nqCgN3OtSztLTf8izKov
        ✅ Saved: Untitled Document -> https://www.selfstudys.com/sitepdfs/nqCgN3OtSztLTf8izKov
        ⚠️ No PDF link found for: Untitled Document
        ✅ Saved: 24Hindi Core - 2204 - Set-C - 2025 -> https://www.selfstudys.com/sitepdfs/TN5R26476gfWMtVWn0s8
        ✅ Saved: Untitled Document -> https://www.selfstudys.com/sitepdfs/TN5R26476gfWMtVWn0s8
        ⚠️ No PDF link found for: Untitled Document
        ✅ Saved: 25Hindi Core - 2204 - Set-D - 2025 -> https://www.selfstudys.com/sitepdfs/VL3lxT4i0DVTm8DRF6EO
        ✅ Saved: Untitled Document -> https://www.selfstudys.com/sitepdfs/VL3lxT4i0DVTm8DRF6EO
        ⚠️ No PDF link found for: Untitled Document
      Scraping Subject: 2. 2024 (URL: https://www.selfstudys.com/books/haryana/state-books/class-12th/2024/49987)
        Found 12 PDF items for subject 2. 2024.
        ✅ Saved: 1Chemistry -> https://www.selfstudys.com/sitepdfs/Q9w1fYRdveO8BKfWWsEd
        ✅ Saved: Untitled Document -> https://www.selfstudys.com/sitepdfs/Q9w1fYRdveO8BKfWWsEd
        ⚠️ No PDF link found for: Untitled Document
        ✅ Saved: 2Sanskrit -> https://www.selfstudys.com/sitepdfs/Tuyrs5XIP53EQy1fc5IJ
        ✅ Saved: Untitled Document -> https://www.selfstudys.com/sitepdfs/Tuyrs5XIP53EQy1fc5IJ
        ⚠️ No PDF link found for: Untitled Document
        ✅ Saved: 3Sanskrit Vyakaran -> https://www.selfstudys.com/sitepdfs/vo1c3CSrAIanAWmmyCOy
        ✅ Saved: Untitled Document -> https://www.selfstudys.com/sitepdfs/vo1c3CSrAIanAWmmyCOy
        ⚠️ No PDF link found for: Untitled Document
        ✅ Saved: 4Sanskrit Sahitya Ved Siddhant -> https://www.selfstudys.com/sitepdfs/WCgElWPmoDiYXbks8Qka
        ✅ Saved: Untitled Document -> https://www.selfstudys.com/sitepdfs/WCgElWPmoDiYXbks8Qka
        ⚠️ No PDF link found for: Untitled Document
      Scraping Subject: 3. 2023 (URL: https://www.selfstudys.com/books/haryana/state-books/class-12th/2023/46391)
        Found 39 PDF items for subject 3. 2023.
        ✅ Saved: 1Economics - 211 - (Set-C) - 2023 -> https://www.selfstudys.com/sitepdfs/yQO6rxlkDwDCShT69yx9
        ✅ Saved: Untitled Document -> https://www.selfstudys.com/sitepdfs/yQO6rxlkDwDCShT69yx9
        ⚠️ No PDF link found for: Untitled Document
        ✅ Saved: 2Economics - 211 - (Set-D) - 2023 -> https://www.selfstudys.com/sitepdfs/EpqjeBKeCO3U8kUNvp6w
        ✅ Saved: Untitled Document -> https://www.selfstudys.com/sitepdfs/EpqjeBKeCO3U8kUNvp6w
        ⚠️ No PDF link found for: Untitled Document
        ✅ Saved: 3Computer Science - 207 - (Set-C) - 2023 -> https://www.selfstudys.com/sitepdfs/zUcQD9KhB87NjnoBvbTC
        ❌ Error scraping PDF page https://www.selfstudys.com/books/haryana/state-books/class-12th/2023/computer-science-207-set-c-2023/1046445: aborted
        ⚠️ No PDF link found for: Untitled Document
        ✅ Saved: 4Physics - 228 - (Set-C) - 2023 -> https://www.selfstudys.com/sitepdfs/0AtkyF1AJ5ilUQwgRDAd
        ✅ Saved: Untitled Document -> https://www.selfstudys.com/sitepdfs/0AtkyF1AJ5ilUQwgRDAd
        ⚠️ No PDF link found for: Untitled Document
        ✅ Saved: 5Political Science - 214 - (Set-B) - 2023 -> https://www.selfstudys.com/sitepdfs/7orrlkXDvmgF3EkUXdyI
        ✅ Saved: Untitled Document -> https://www.selfstudys.com/sitepdfs/7orrlkXDvmgF3EkUXdyI
        ⚠️ No PDF link found for: Untitled Document
        ✅ Saved: 6Political Science - 214 - (Set-D) - 2023 -> https://www.selfstudys.com/sitepdfs/WutTiGYQog1laFRvIvsv
        ✅ Saved: Untitled Document -> https://www.selfstudys.com/sitepdfs/WutTiGYQog1laFRvIvsv
        ⚠️ No PDF link found for: Untitled Document
        ✅ Saved: 7English Core - 201 - (Set-A) - 2023 -> https://www.selfstudys.com/sitepdfs/LgHivV8SiuoR4LwCTNfO
        ✅ Saved: Untitled Document -> https://www.selfstudys.com/sitepdfs/LgHivV8SiuoR4LwCTNfO
        ⚠️ No PDF link found for: Untitled Document
        ✅ Saved: 8English Core - 201 - (Set-C) - 2023 -> https://www.selfstudys.com/sitepdfs/DgNK9GzlvQ37ZRhgOSSr
        ✅ Saved: Untitled Document -> https://www.selfstudys.com/sitepdfs/DgNK9GzlvQ37ZRhgOSSr
        ⚠️ No PDF link found for: Untitled Document
        ❌ Error scraping PDF page https://www.selfstudys.com/books/haryana/state-books/class-12th/2023/english-core-201-set-d-2023/1046437: aborted
        ✅ Saved: Untitled Document -> https://www.selfstudys.com/sitepdfs/5vvjNquNfsAKRQn4fr5J
        ⚠️ No PDF link found for: Untitled Document
        ✅ Saved: 10Hind Core - 203 - (Set-C) - 2023 -> https://www.selfstudys.com/sitepdfs/ENmmcZL9d0rhLw2zA7BX
        ✅ Saved: Untitled Document -> https://www.selfstudys.com/sitepdfs/ENmmcZL9d0rhLw2zA7BX
        ⚠️ No PDF link found for: Untitled Document
        ✅ Saved: 11Hindi Core - 203 - (Set-D) - 2023 -> https://www.selfstudys.com/sitepdfs/SbsSGX8TcTCpDjjZv5Vy
        ✅ Saved: Untitled Document -> https://www.selfstudys.com/sitepdfs/SbsSGX8TcTCpDjjZv5Vy
        ⚠️ No PDF link found for: Untitled Document
        ✅ Saved: 12Public Administration - 210 - 2023 -> https://www.selfstudys.com/sitepdfs/si2EdVisstV70a2tDvBA
        ✅ Saved: Untitled Document -> https://www.selfstudys.com/sitepdfs/si2EdVisstV70a2tDvBA
        ⚠️ No PDF link found for: Untitled Document
        ✅ Saved: 13Physical Education - 218 - (Set-D) - 2023 -> https://www.selfstudys.com/sitepdfs/AiEVQnsMi4PxiBfZLa67
        ✅ Saved: Untitled Document -> https://www.selfstudys.com/sitepdfs/AiEVQnsMi4PxiBfZLa67
        ⚠️ No PDF link found for: Untitled Document
      Scraping Subject: 4. 2022 (URL: https://www.selfstudys.com/books/haryana/state-books/class-12th/2022/41942)
        Found 48 PDF items for subject 4. 2022.
        ✅ Saved: 1Physics - 5628 - (Set-A) - 2022 -> https://www.selfstudys.com/sitepdfs/NExbTvCBtOveaEQG2otk
        ✅ Saved: Untitled Document -> https://www.selfstudys.com/sitepdfs/NExbTvCBtOveaEQG2otk
        ⚠️ No PDF link found for: Untitled Document
        ✅ Saved: 2Physics - 5628 - (Set-A) - 2022 -> https://www.selfstudys.com/sitepdfs/JSpJdHXcvuRZFKC2caFp
        ✅ Saved: Untitled Document -> https://www.selfstudys.com/sitepdfs/JSpJdHXcvuRZFKC2caFp
        ⚠️ No PDF link found for: Untitled Document
        ✅ Saved: 3Physics - 5628 - (Set-B) - 2022 -> https://www.selfstudys.com/sitepdfs/BtczoPJIYVWjR7W9D57S
        ✅ Saved: Untitled Document -> https://www.selfstudys.com/sitepdfs/BtczoPJIYVWjR7W9D57S
        ⚠️ No PDF link found for: Untitled Document
        ✅ Saved: 4Physics - 5628 - (Set-C) - 2022 -> https://www.selfstudys.com/sitepdfs/gqiOZFg3j0cSohA1mWRD
        ✅ Saved: Untitled Document -> https://www.selfstudys.com/sitepdfs/gqiOZFg3j0cSohA1mWRD
        ⚠️ No PDF link found for: Untitled Document
        ✅ Saved: 5Physics - 5628 - (Set-D) - 2022 -> https://www.selfstudys.com/sitepdfs/A8lo2OH34ebg38WHYHK0
        ✅ Saved: Untitled Document -> https://www.selfstudys.com/sitepdfs/A8lo2OH34ebg38WHYHK0
        ⚠️ No PDF link found for: Untitled Document
        ✅ Saved: 6Chemistry - 5629 - (Set-B) - 2022 -> https://www.selfstudys.com/sitepdfs/7CYnPtsx2e7W43Ov9n23
        ✅ Saved: Untitled Document -> https://www.selfstudys.com/sitepdfs/7CYnPtsx2e7W43Ov9n23
        ⚠️ No PDF link found for: Untitled Document
        ✅ Saved: 7Chemistry - 5629 - (Set-C) - 2022 -> https://www.selfstudys.com/sitepdfs/DjHm0Cy0VlOh8WiV4rUE
        ✅ Saved: Untitled Document -> https://www.selfstudys.com/sitepdfs/DjHm0Cy0VlOh8WiV4rUE
        ⚠️ No PDF link found for: Untitled Document
        ✅ Saved: 8Chemistry - 5629 - (Set-D) - 2022 -> https://www.selfstudys.com/sitepdfs/zhxiZiALMEx5AicbcjSI
        ✅ Saved: Untitled Document -> https://www.selfstudys.com/sitepdfs/zhxiZiALMEx5AicbcjSI
        ⚠️ No PDF link found for: Untitled Document
        ❌ Error scraping PDF page https://www.selfstudys.com/books/haryana/state-books/class-12th/2022/english-core-5601-set-a-2022/965098: aborted
        ✅ Saved: Untitled Document -> https://www.selfstudys.com/sitepdfs/oYRy6sKQtDTZEnpp2IZs
        ⚠️ No PDF link found for: Untitled Document
        ✅ Saved: 10English Core - 5601 - (Set-B) - 2022 -> https://www.selfstudys.com/sitepdfs/vDLmoHvzFoyv4n8MMfBN
        ✅ Saved: Untitled Document -> https://www.selfstudys.com/sitepdfs/vDLmoHvzFoyv4n8MMfBN
        ⚠️ No PDF link found for: Untitled Document
        ✅ Saved: 11English Core - 5601 - (Set-C) - 2022 -> https://www.selfstudys.com/sitepdfs/rHN5ca1IWXiTcGvEuKiw
        ✅ Saved: Untitled Document -> https://www.selfstudys.com/sitepdfs/rHN5ca1IWXiTcGvEuKiw
        ⚠️ No PDF link found for: Untitled Document
        ✅ Saved: 12English Core - 5601 - (Set-D) - 2022 -> https://www.selfstudys.com/sitepdfs/t5iGOlHi6ZGBEo5ALc0D
        ✅ Saved: Untitled Document -> https://www.selfstudys.com/sitepdfs/t5iGOlHi6ZGBEo5ALc0D
        ⚠️ No PDF link found for: Untitled Document
        ✅ Saved: 13Hindi Core - 5603 - (Set-A) - 2022 -> https://www.selfstudys.com/sitepdfs/ZbUVcNtUmTxaJd3iNoYd
        ✅ Saved: Untitled Document -> https://www.selfstudys.com/sitepdfs/ZbUVcNtUmTxaJd3iNoYd
        ⚠️ No PDF link found for: Untitled Document
        ✅ Saved: 14Hindi Core - 5603 - (Set-B) - 2022 -> https://www.selfstudys.com/sitepdfs/1rcQvtX3qQEK35XykcNs
        ✅ Saved: Untitled Document -> https://www.selfstudys.com/sitepdfs/1rcQvtX3qQEK35XykcNs
        ⚠️ No PDF link found for: Untitled Document
        ✅ Saved: 15Hindi Core - 5603 - (Set-C) - 2022 -> https://www.selfstudys.com/sitepdfs/CljakIIrffcXTlZ6IBUi
        ✅ Saved: Untitled Document -> https://www.selfstudys.com/sitepdfs/CljakIIrffcXTlZ6IBUi
        ⚠️ No PDF link found for: Untitled Document
        ✅ Saved: 16Hindi Core - 5603 - (Set-D) - 2022 -> https://www.selfstudys.com/sitepdfs/ZX9vafUc8NiuGwR4lcvO
        ✅ Saved: Untitled Document -> https://www.selfstudys.com/sitepdfs/ZX9vafUc8NiuGwR4lcvO
        ⚠️ No PDF link found for: Untitled Document
      Scraping Subject: 5. 2021 (URL: https://www.selfstudys.com/books/haryana/state-books/class-12th/2021/41941)
        Found 33 PDF items for subject 5. 2021.
        ✅ Saved: 1Mathematics - 231 - 2021 -> https://www.selfstudys.com/sitepdfs/Tb8ONmxnQAoyAK1haskr
        ✅ Saved: Untitled Document -> https://www.selfstudys.com/sitepdfs/Tb8ONmxnQAoyAK1haskr
        ⚠️ No PDF link found for: Untitled Document
        ✅ Saved: 2Physics - 228 - 2021 -> https://www.selfstudys.com/sitepdfs/Ek4ExUrlY5rhJt7Cdnpi
        ✅ Saved: Untitled Document -> https://www.selfstudys.com/sitepdfs/Ek4ExUrlY5rhJt7Cdnpi
        ⚠️ No PDF link found for: Untitled Document
        ✅ Saved: 3Biology - 230 - 2021 -> https://www.selfstudys.com/sitepdfs/dVACzoez5cpLcBQCVGPf
        ✅ Saved: Untitled Document -> https://www.selfstudys.com/sitepdfs/dVACzoez5cpLcBQCVGPf
        ⚠️ No PDF link found for: Untitled Document
        ✅ Saved: 4Accountancy - 208 - 2021 -> https://www.selfstudys.com/sitepdfs/4cmzCfizFbrPoSGOyjh8
        ✅ Saved: Untitled Document -> https://www.selfstudys.com/sitepdfs/4cmzCfizFbrPoSGOyjh8
        ⚠️ No PDF link found for: Untitled Document
        ✅ Saved: 5Business Studies - 209-(Set-A) - 2021 -> https://www.selfstudys.com/sitepdfs/LZQ1mbT1jbzPDhpi99Db
        ✅ Saved: Untitled Document -> https://www.selfstudys.com/sitepdfs/LZQ1mbT1jbzPDhpi99Db
        ⚠️ No PDF link found for: Untitled Document
        ✅ Saved: 6Political Science - 214 - 2021 -> https://www.selfstudys.com/sitepdfs/UkgjYJUfPVNeN9IdPBRK
        ✅ Saved: Untitled Document -> https://www.selfstudys.com/sitepdfs/UkgjYJUfPVNeN9IdPBRK
        ⚠️ No PDF link found for: Untitled Document
        ✅ Saved: 7Geography - 213 - 2021 -> https://www.selfstudys.com/sitepdfs/i5N8AR0zvNQSvZcKcuvQ
        ✅ Saved: Untitled Document -> https://www.selfstudys.com/sitepdfs/i5N8AR0zvNQSvZcKcuvQ
        ⚠️ No PDF link found for: Untitled Document
        ✅ Saved: 8Economics - 211 - 2021 -> https://www.selfstudys.com/sitepdfs/HIiJFgCqjskRwZE07U7b
        ✅ Saved: Untitled Document -> https://www.selfstudys.com/sitepdfs/HIiJFgCqjskRwZE07U7b
        ⚠️ No PDF link found for: Untitled Document
        ✅ Saved: 9English Core - 201 - 2021 -> https://www.selfstudys.com/sitepdfs/ipRsZG8A0uEkFlHEMp0H
        ✅ Saved: Untitled Document -> https://www.selfstudys.com/sitepdfs/ipRsZG8A0uEkFlHEMp0H
        ⚠️ No PDF link found for: Untitled Document
        ✅ Saved: 10Hindi Core - 203 - 2021 -> https://www.selfstudys.com/sitepdfs/ZkMvS1lSk0LvdzNowWta
        ✅ Saved: Untitled Document -> https://www.selfstudys.com/sitepdfs/ZkMvS1lSk0LvdzNowWta
        ⚠️ No PDF link found for: Untitled Document
        ✅ Saved: 11Physical Education - 218 - 2021 -> https://www.selfstudys.com/sitepdfs/Qg2l6MULr2wrBXBva1Or
        ✅ Saved: Untitled Document -> https://www.selfstudys.com/sitepdfs/Qg2l6MULr2wrBXBva1Or
        ⚠️ No PDF link found for: Untitled Document
      Scraping Subject: 6. 2020 (URL: https://www.selfstudys.com/books/haryana/state-books/class-12th/2020/28298)
        Found 42 PDF items for subject 6. 2020.
        ❌ Error scraping PDF page https://www.selfstudys.com/books/haryana/state-books/class-12th/2020/mathematics-all-set-mar-2020/464147: aborted
        ✅ Saved: Untitled Document -> https://www.selfstudys.com/sitepdfs/YUWA0UJ0Vl07OnBfWKNF
        ⚠️ No PDF link found for: Untitled Document
        ✅ Saved: 2Physics (All SET) - Mar - 2020 -> https://www.selfstudys.com/sitepdfs/rcDX05IDbp4HATtEurzd
        ✅ Saved: Untitled Document -> https://www.selfstudys.com/sitepdfs/rcDX05IDbp4HATtEurzd
        ⚠️ No PDF link found for: Untitled Document
        ✅ Saved: 3Economics (All SET) - Mar - 2020 -> https://www.selfstudys.com/sitepdfs/IfzvBh3p2C1OV3NoEvpY
        ✅ Saved: Untitled Document -> https://www.selfstudys.com/sitepdfs/IfzvBh3p2C1OV3NoEvpY
        ⚠️ No PDF link found for: Untitled Document
        ✅ Saved: 4Physical Education (All SET) - Mar - 2020 -> https://www.selfstudys.com/sitepdfs/QAtlupJaNyDGFIQRzxyk
        ✅ Saved: Untitled Document -> https://www.selfstudys.com/sitepdfs/QAtlupJaNyDGFIQRzxyk
        ⚠️ No PDF link found for: Untitled Document
        ✅ Saved: 5Dance Kathak - Mar - 2020 -> https://www.selfstudys.com/sitepdfs/1uI427hVnM9deNSXAowS
        ✅ Saved: Untitled Document -> https://www.selfstudys.com/sitepdfs/1uI427hVnM9deNSXAowS
        ⚠️ No PDF link found for: Untitled Document
        ✅ Saved: 6English Core (All SET) - Mar - 2020 -> https://www.selfstudys.com/sitepdfs/ofvahpXTcnGRrNjpM31Y
        ✅ Saved: Untitled Document -> https://www.selfstudys.com/sitepdfs/ofvahpXTcnGRrNjpM31Y
        ⚠️ No PDF link found for: Untitled Document
        ✅ Saved: 7English Elective - Mar - 2020 -> https://www.selfstudys.com/sitepdfs/bkWaoj2sRKQq3AgCtl6v
        ✅ Saved: Untitled Document -> https://www.selfstudys.com/sitepdfs/bkWaoj2sRKQq3AgCtl6v
        ⚠️ No PDF link found for: Untitled Document
        ✅ Saved: 8English Special - Mar - 2020 -> https://www.selfstudys.com/sitepdfs/WbCe7PBp8Hra9axFzpl3
        ✅ Saved: Untitled Document -> https://www.selfstudys.com/sitepdfs/WbCe7PBp8Hra9axFzpl3
        ⚠️ No PDF link found for: Untitled Document
        ✅ Saved: 9Fine Art (All SET) - Mar - 2020 -> https://www.selfstudys.com/sitepdfs/lCpOAF2qU0SchsfFntdb
        ✅ Saved: Untitled Document -> https://www.selfstudys.com/sitepdfs/lCpOAF2qU0SchsfFntdb
        ⚠️ No PDF link found for: Untitled Document
        ✅ Saved: 10Hindi  Elective - Mar - 2020 -> https://www.selfstudys.com/sitepdfs/UcFbJfotzVdpPJu2T7eo
        ✅ Saved: Untitled Document -> https://www.selfstudys.com/sitepdfs/UcFbJfotzVdpPJu2T7eo
        ⚠️ No PDF link found for: Untitled Document
        ✅ Saved: 11Hindi Core (All SET) - Mar - 2020 -> https://www.selfstudys.com/sitepdfs/zu6JNlKxygRNXxsYOqFh
        ✅ Saved: Untitled Document -> https://www.selfstudys.com/sitepdfs/zu6JNlKxygRNXxsYOqFh
        ⚠️ No PDF link found for: Untitled Document
        ✅ Saved: 12Home Science (All SET) - Mar - 2020 -> https://www.selfstudys.com/sitepdfs/g88DFlp4rTNCbPyOS13Y
        ✅ Saved: Untitled Document -> https://www.selfstudys.com/sitepdfs/g88DFlp4rTNCbPyOS13Y
        ⚠️ No PDF link found for: Untitled Document
        ✅ Saved: 13Military Science (All SET) - Mar - 2020 -> https://www.selfstudys.com/sitepdfs/XE1DjJhfqwl619VnV1Tf
        ✅ Saved: Untitled Document -> https://www.selfstudys.com/sitepdfs/XE1DjJhfqwl619VnV1Tf
        ⚠️ No PDF link found for: Untitled Document
        ✅ Saved: 14Punjabi (All SET) - Mar - 2020 -> https://www.selfstudys.com/sitepdfs/ZezYSyCUsFCx2NFFtNCR
        ✅ Saved: Untitled Document -> https://www.selfstudys.com/sitepdfs/ZezYSyCUsFCx2NFFtNCR
        ⚠️ No PDF link found for: Untitled Document
      Scraping Subject: 7. 2019 (URL: https://www.selfstudys.com/books/haryana/state-books/class-12th/2019/28297)
        Found 126 PDF items for subject 7. 2019.
        ✅ Saved: 1Mathematics (All SET) - Mar - 2019 -> https://www.selfstudys.com/sitepdfs/GhK9sN6YHUt8ynmt4omV
        ✅ Saved: Untitled Document -> https://www.selfstudys.com/sitepdfs/GhK9sN6YHUt8ynmt4omV
        ⚠️ No PDF link found for: Untitled Document
        ✅ Saved: 2Accountancy (All SET) - Mar - 2019 -> https://www.selfstudys.com/sitepdfs/DcnjV7AuYr1QmhhCdHq7
        ✅ Saved: Untitled Document -> https://www.selfstudys.com/sitepdfs/DcnjV7AuYr1QmhhCdHq7
        ⚠️ No PDF link found for: Untitled Document
        ✅ Saved: 3Physics (All SET) - Mar - 2019 -> https://www.selfstudys.com/sitepdfs/RQe3zRjkdUmbZpNu6mD4
        ✅ Saved: Untitled Document -> https://www.selfstudys.com/sitepdfs/RQe3zRjkdUmbZpNu6mD4
        ⚠️ No PDF link found for: Untitled Document
        ✅ Saved: 4Chemistry (All SET) - Mar - 2019 -> https://www.selfstudys.com/sitepdfs/UuvBFoHDLhXvho5PPn7e
        ✅ Saved: Untitled Document -> https://www.selfstudys.com/sitepdfs/UuvBFoHDLhXvho5PPn7e
        ⚠️ No PDF link found for: Untitled Document
        ✅ Saved: 5Biology (All SET) - Mar - 2019 -> https://www.selfstudys.com/sitepdfs/KRmrFnKfQSacAcvYNWT9
        ✅ Saved: Untitled Document -> https://www.selfstudys.com/sitepdfs/KRmrFnKfQSacAcvYNWT9
        ⚠️ No PDF link found for: Untitled Document
        ✅ Saved: 6Business Studies (All SET) - Mar - 2019 -> https://www.selfstudys.com/sitepdfs/x9xXZtBdFpLxGYj7Geza
        ✅ Saved: Untitled Document -> https://www.selfstudys.com/sitepdfs/x9xXZtBdFpLxGYj7Geza
        ⚠️ No PDF link found for: Untitled Document
        ✅ Saved: 7Agriculture  - Mar - 2019 -> https://www.selfstudys.com/sitepdfs/NMH6GEFM4HE0lfg8cmen
        ✅ Saved: Untitled Document -> https://www.selfstudys.com/sitepdfs/NMH6GEFM4HE0lfg8cmen
        ⚠️ No PDF link found for: Untitled Document
        ✅ Saved: 8Agriculture Paddy Farming - Mar - 2019 -> https://www.selfstudys.com/sitepdfs/0U459dZefAaZwdoFBe87
        ✅ Saved: Untitled Document -> https://www.selfstudys.com/sitepdfs/0U459dZefAaZwdoFBe87
        ⚠️ No PDF link found for: Untitled Document
        ❌ Error scraping PDF page https://www.selfstudys.com/books/haryana/state-books/class-12th/2019/automobile-mar-2019/464125: aborted
        ✅ Saved: Untitled Document -> https://www.selfstudys.com/sitepdfs/PKaEgKh5jNZ51Ab00e9O
        ⚠️ No PDF link found for: Untitled Document
        ✅ Saved: 10Beauty & Wellness - Mar - 2019 -> https://www.selfstudys.com/sitepdfs/iRp1tK9GCJL7XA7U66Tt
        ✅ Saved: Untitled Document -> https://www.selfstudys.com/sitepdfs/iRp1tK9GCJL7XA7U66Tt
        ⚠️ No PDF link found for: Untitled Document
        ✅ Saved: 11Computer Science - Mar - 2019 -> https://www.selfstudys.com/sitepdfs/RZBePY3OFasIW3pCIAZs
        ✅ Saved: Untitled Document -> https://www.selfstudys.com/sitepdfs/RZBePY3OFasIW3pCIAZs
        ⚠️ No PDF link found for: Untitled Document
        ❌ Error scraping PDF page https://www.selfstudys.com/books/haryana/state-books/class-12th/2019/dance-kathak-mar-2019/464122: aborted
        ✅ Saved: Untitled Document -> https://www.selfstudys.com/sitepdfs/UreCP0hx6Vc0KQ3nfsDc
        ⚠️ No PDF link found for: Untitled Document
        ✅ Saved: 13Economics - Mar - 2019 -> https://www.selfstudys.com/sitepdfs/02eKap1zYi60M1qq6QWD
        ✅ Saved: Untitled Document -> https://www.selfstudys.com/sitepdfs/02eKap1zYi60M1qq6QWD
        ⚠️ No PDF link found for: Untitled Document
        ✅ Saved: 14English (Core) - Mar - 2019 -> https://www.selfstudys.com/sitepdfs/7sivSmJ2EyhzIk5fNinY
        ✅ Saved: Untitled Document -> https://www.selfstudys.com/sitepdfs/7sivSmJ2EyhzIk5fNinY
        ⚠️ No PDF link found for: Untitled Document
        ✅ Saved: 15English (Elective) - Mar - 2019 -> https://www.selfstudys.com/sitepdfs/qyH7S7kmiRhMW18RVtoJ
        ✅ Saved: Untitled Document -> https://www.selfstudys.com/sitepdfs/qyH7S7kmiRhMW18RVtoJ
        ⚠️ No PDF link found for: Untitled Document
        ✅ Saved: 16English (Special) - Mar - 2019 -> https://www.selfstudys.com/sitepdfs/RJHAmDFEMCu1wV6azFlQ
        ✅ Saved: Untitled Document -> https://www.selfstudys.com/sitepdfs/RJHAmDFEMCu1wV6azFlQ
        ⚠️ No PDF link found for: Untitled Document
        ✅ Saved: 17Entrepreneurship - Mar - 2019 -> https://www.selfstudys.com/sitepdfs/KBK9Sn3E5J3mKgX3XMMp
        ✅ Saved: Untitled Document -> https://www.selfstudys.com/sitepdfs/KBK9Sn3E5J3mKgX3XMMp
        ⚠️ No PDF link found for: Untitled Document
        ✅ Saved: 18Fine Art - Mar - 2019 -> https://www.selfstudys.com/sitepdfs/PA4Dwu7vfYKI2RQcxKyw
        ❌ Error scraping PDF page https://www.selfstudys.com/books/haryana/state-books/class-12th/2019/fine-art-mar-2019/464116: aborted
        ❌ Error scraping PDF page https://www.selfstudys.com/advance-pdf-viewer/haryana/state-books/class-12th/2019/fine-art-mar-2019/464116: aborted
        ✅ Saved: 19Geography (All SET) - Mar - 2019 -> https://www.selfstudys.com/sitepdfs/B9Atboi9UGXb0z9kdUtr
        ❌ Error scraping PDF page https://www.selfstudys.com/books/haryana/state-books/class-12th/2019/geography-all-set-mar-2019/464115: aborted
        ⚠️ No PDF link found for: Untitled Document
        ✅ Saved: 20Hindi (Core) - (All SET) - Mar - 2019 -> https://www.selfstudys.com/sitepdfs/2dFFVNA3G2SIEa7kIc98
        ✅ Saved: Untitled Document -> https://www.selfstudys.com/sitepdfs/2dFFVNA3G2SIEa7kIc98
        ⚠️ No PDF link found for: Untitled Document
        ✅ Saved: 21Hindi (Elective) - Mar - 2019 -> https://www.selfstudys.com/sitepdfs/sCSwTyuYYg6MIxOo9P0m
        ✅ Saved: Untitled Document -> https://www.selfstudys.com/sitepdfs/sCSwTyuYYg6MIxOo9P0m
        ⚠️ No PDF link found for: Untitled Document
        ✅ Saved: 22History (All SET) - Mar - 2019 -> https://www.selfstudys.com/sitepdfs/r62M7mwr8X8NShwvykQ2
        ✅ Saved: Untitled Document -> https://www.selfstudys.com/sitepdfs/r62M7mwr8X8NShwvykQ2
        ⚠️ No PDF link found for: Untitled Document
        ✅ Saved: 23Home Science (All SET) - Mar - 2019 -> https://www.selfstudys.com/sitepdfs/WRZD8rxzUZvOOXxCyhEB
        ✅ Saved: Untitled Document -> https://www.selfstudys.com/sitepdfs/WRZD8rxzUZvOOXxCyhEB
        ⚠️ No PDF link found for: Untitled Document
        ✅ Saved: 24It & Ites - Mar - 2019 -> https://www.selfstudys.com/sitepdfs/dZL18K6jC1cGmw9tnAFG
        ✅ Saved: Untitled Document -> https://www.selfstudys.com/sitepdfs/dZL18K6jC1cGmw9tnAFG
        ⚠️ No PDF link found for: Untitled Document
        ✅ Saved: 25Military Science (All SET) - Mar - 2019 -> https://www.selfstudys.com/sitepdfs/U0ytGgbx9THlhwnRAcKf
        ✅ Saved: Untitled Document -> https://www.selfstudys.com/sitepdfs/U0ytGgbx9THlhwnRAcKf
        ⚠️ No PDF link found for: Untitled Document
        ✅ Saved: 26Music Hindustani (Instrumental) - Mar - 2019 -> https://www.selfstudys.com/sitepdfs/LSO94hhUuaofqCrtPSIg
        ✅ Saved: Untitled Document -> https://www.selfstudys.com/sitepdfs/LSO94hhUuaofqCrtPSIg
        ⚠️ No PDF link found for: Untitled Document
        ✅ Saved: 27Music Hindustani (Percussion) - Mar - 2019 -> https://www.selfstudys.com/sitepdfs/5cOAqKYPOn987jprrGsW
        ✅ Saved: Untitled Document -> https://www.selfstudys.com/sitepdfs/5cOAqKYPOn987jprrGsW
        ⚠️ No PDF link found for: Untitled Document
        ✅ Saved: 28Music Hindustani (Vocal) (All SET) - Mar - 2019 -> https://www.selfstudys.com/sitepdfs/yKNZ9PkMKSo3ZQceGfds
        ✅ Saved: Untitled Document -> https://www.selfstudys.com/sitepdfs/yKNZ9PkMKSo3ZQceGfds
        ⚠️ No PDF link found for: Untitled Document
        ✅ Saved: 29Office Secretary Ship & Stenography in English - Mar - 2019 -> https://www.selfstudys.com/sitepdfs/s4RZ0RMgikgVZk18T9Hf
        ✅ Saved: Untitled Document -> https://www.selfstudys.com/sitepdfs/s4RZ0RMgikgVZk18T9Hf
        ⚠️ No PDF link found for: Untitled Document
        ✅ Saved: 30Office Secretary Ship & Stenography in Hindi - Mar - 2019 -> https://www.selfstudys.com/sitepdfs/EmytRzeYdRhCpCn5hdfp
        ✅ Saved: Untitled Document -> https://www.selfstudys.com/sitepdfs/EmytRzeYdRhCpCn5hdfp
        ⚠️ No PDF link found for: Untitled Document
        ✅ Saved: 31Patient Care Assistant - Mar - 2019 -> https://www.selfstudys.com/sitepdfs/WkPOUVFYEJQbirnCPK8b
        ✅ Saved: Untitled Document -> https://www.selfstudys.com/sitepdfs/WkPOUVFYEJQbirnCPK8b
        ⚠️ No PDF link found for: Untitled Document
        ✅ Saved: 32Philosophy - Mar - 2019 -> https://www.selfstudys.com/sitepdfs/fBVrIV1TwuHBjrXL9dVl
        ✅ Saved: Untitled Document -> https://www.selfstudys.com/sitepdfs/fBVrIV1TwuHBjrXL9dVl
        ⚠️ No PDF link found for: Untitled Document
        ✅ Saved: 33Physical Education & Sports - Mar - 2019 -> https://www.selfstudys.com/sitepdfs/heRCEuBKABztiME5Dc60
        ❌ Error scraping PDF page https://www.selfstudys.com/books/haryana/state-books/class-12th/2019/physical-education-sports-mar-2019/464101: aborted
        ⚠️ No PDF link found for: Untitled Document
        ✅ Saved: 34Physical Education (All SET) - Mar - 2019 -> https://www.selfstudys.com/sitepdfs/7aOvn3lB0lRdg6iUKL8E
        ✅ Saved: Untitled Document -> https://www.selfstudys.com/sitepdfs/7aOvn3lB0lRdg6iUKL8E
        ⚠️ No PDF link found for: Untitled Document
        ✅ Saved: 35Political Science (All SET) - Mar - 2019 -> https://www.selfstudys.com/sitepdfs/SWpmMG2qPM86eVxOnDl0
        ✅ Saved: Untitled Document -> https://www.selfstudys.com/sitepdfs/SWpmMG2qPM86eVxOnDl0
        ⚠️ No PDF link found for: Untitled Document
        ✅ Saved: 36Psychology - Mar - 2019 -> https://www.selfstudys.com/sitepdfs/1erJxMYAVxfatr7VpYLQ
        ✅ Saved: Untitled Document -> https://www.selfstudys.com/sitepdfs/1erJxMYAVxfatr7VpYLQ
        ⚠️ No PDF link found for: Untitled Document
        ✅ Saved: 37Public Administration - Mar - 2019 -> https://www.selfstudys.com/sitepdfs/m2MesIfFL2bQQ8Ym5oSH
        ✅ Saved: Untitled Document -> https://www.selfstudys.com/sitepdfs/m2MesIfFL2bQQ8Ym5oSH
        ⚠️ No PDF link found for: Untitled Document
        ✅ Saved: 38Punjabi (All SET) - Mar - 2019 -> https://www.selfstudys.com/sitepdfs/yQ4vm3qQvOktsYeYa5Rw
        ✅ Saved: Untitled Document -> https://www.selfstudys.com/sitepdfs/yQ4vm3qQvOktsYeYa5Rw
        ⚠️ No PDF link found for: Untitled Document
        ✅ Saved: 39Retail - Mar - 2019 -> https://www.selfstudys.com/sitepdfs/PyLxOoggQIozqdJ0It3m
        ✅ Saved: Untitled Document -> https://www.selfstudys.com/sitepdfs/PyLxOoggQIozqdJ0It3m
        ⚠️ No PDF link found for: Untitled Document
        ✅ Saved: 40Sanskrit (All SET) - Mar - 2019 -> https://www.selfstudys.com/sitepdfs/JN9LSZS9P2C2CgTahlZA
        ✅ Saved: Untitled Document -> https://www.selfstudys.com/sitepdfs/JN9LSZS9P2C2CgTahlZA
        ⚠️ No PDF link found for: Untitled Document
        ✅ Saved: 41Security - Mar - 2019 -> https://www.selfstudys.com/sitepdfs/ArrMHqg4sEi3fCrqN7fJ
        ✅ Saved: Untitled Document -> https://www.selfstudys.com/sitepdfs/ArrMHqg4sEi3fCrqN7fJ
        ⚠️ No PDF link found for: Untitled Document
        ✅ Saved: 42Sociology (All SET) - Mar - 2019 -> https://www.selfstudys.com/sitepdfs/te0lSKnIVAzxVOjfpW9z
        ✅ Saved: Untitled Document -> https://www.selfstudys.com/sitepdfs/te0lSKnIVAzxVOjfpW9z
        ⚠️ No PDF link found for: Untitled Document
      Scraping Subject: 8. 2018 (URL: https://www.selfstudys.com/books/haryana/state-books/class-12th/2018/27997)
        Found 150 PDF items for subject 8. 2018.
        ✅ Saved: 1Mathematics (A) - Mar - 2018 -> https://www.selfstudys.com/sitepdfs/XkSw7MuiAOvFbnJopmBg
        ✅ Saved: Untitled Document -> https://www.selfstudys.com/sitepdfs/XkSw7MuiAOvFbnJopmBg
        ⚠️ No PDF link found for: Untitled Document
        ✅ Saved: 2Mathematics (B) - Mar - 2018 -> https://www.selfstudys.com/sitepdfs/pDMFIEVXiupkHgv3WY6f
        ✅ Saved: Untitled Document -> https://www.selfstudys.com/sitepdfs/pDMFIEVXiupkHgv3WY6f
        ⚠️ No PDF link found for: Untitled Document
        ✅ Saved: 3Mathematics (D) - Mar - 2018 -> https://www.selfstudys.com/sitepdfs/nYwDCovwskAXFl4a6iZf
        ✅ Saved: Untitled Document -> https://www.selfstudys.com/sitepdfs/nYwDCovwskAXFl4a6iZf
        ⚠️ No PDF link found for: Untitled Document
        ✅ Saved: 4Accountancy (A) - Mar - 2018 -> https://www.selfstudys.com/sitepdfs/x5GIfgKcEkQGKuXlSIW5
        ✅ Saved: Untitled Document -> https://www.selfstudys.com/sitepdfs/x5GIfgKcEkQGKuXlSIW5
        ⚠️ No PDF link found for: Untitled Document
        ✅ Saved: 5Accountancy (B) - Mar - 2018 -> https://www.selfstudys.com/sitepdfs/iGUNmEeN9gx1QPGQ4BVI
        ✅ Saved: Untitled Document -> https://www.selfstudys.com/sitepdfs/iGUNmEeN9gx1QPGQ4BVI
        ⚠️ No PDF link found for: Untitled Document
        ✅ Saved: 6Accountancy (C) - Mar - 2018 -> https://www.selfstudys.com/sitepdfs/Lb2ajirs6sPldd391zEM
        ✅ Saved: Untitled Document -> https://www.selfstudys.com/sitepdfs/Lb2ajirs6sPldd391zEM
        ⚠️ No PDF link found for: Untitled Document
        ✅ Saved: 7Accountancy (D) - Mar - 2018 -> https://www.selfstudys.com/sitepdfs/fHU9JbVrd2AzGNH4ygr5
        ✅ Saved: Untitled Document -> https://www.selfstudys.com/sitepdfs/fHU9JbVrd2AzGNH4ygr5
        ⚠️ No PDF link found for: Untitled Document
        ✅ Saved: 8Physics (A) - Mar - 2018 -> https://www.selfstudys.com/sitepdfs/kYZ8MkYM90PhHDUASweN
        ✅ Saved: Untitled Document -> https://www.selfstudys.com/sitepdfs/kYZ8MkYM90PhHDUASweN
        ⚠️ No PDF link found for: Untitled Document
        ✅ Saved: 9Physics (B) - Mar - 2018 -> https://www.selfstudys.com/sitepdfs/Mw8D09QQnzXJQGOzpTGE
        ✅ Saved: Untitled Document -> https://www.selfstudys.com/sitepdfs/Mw8D09QQnzXJQGOzpTGE
        ⚠️ No PDF link found for: Untitled Document
        ✅ Saved: 10Physics (C) - Mar - 2018 -> https://www.selfstudys.com/sitepdfs/MSCumSWAKnqirgIhD81f
        ✅ Saved: Untitled Document -> https://www.selfstudys.com/sitepdfs/MSCumSWAKnqirgIhD81f
        ⚠️ No PDF link found for: Untitled Document
        ✅ Saved: 11Physics (D) - Mar - 2018 -> https://www.selfstudys.com/sitepdfs/ZycK1aRQ1hWloQGhz5oo
        ✅ Saved: Untitled Document -> https://www.selfstudys.com/sitepdfs/ZycK1aRQ1hWloQGhz5oo
        ❌ Error scraping PDF page https://www.selfstudys.com/advance-pdf-viewer/haryana/state-books/class-12th/2018/physics-d-mar-2018/453270: aborted
        ✅ Saved: 12Chemistry (A) - Mar - 2018 -> https://www.selfstudys.com/sitepdfs/Vr6fq9xP4s4osrVPj9gj
        ✅ Saved: Untitled Document -> https://www.selfstudys.com/sitepdfs/Vr6fq9xP4s4osrVPj9gj
        ⚠️ No PDF link found for: Untitled Document
        ✅ Saved: 13Chemistry (B) - Mar - 2018 -> https://www.selfstudys.com/sitepdfs/syOFzo2NwHydqBPX5bWQ
        ✅ Saved: Untitled Document -> https://www.selfstudys.com/sitepdfs/syOFzo2NwHydqBPX5bWQ
        ⚠️ No PDF link found for: Untitled Document
        ✅ Saved: 14Chemistry (C) - Mar - 2018 -> https://www.selfstudys.com/sitepdfs/ni5Pe6a7SHM84RxwgtfJ
        ❌ Error scraping PDF page https://www.selfstudys.com/books/haryana/state-books/class-12th/2018/chemistry-c-mar-2018/453267: aborted
        ⚠️ No PDF link found for: Untitled Document
        ✅ Saved: 15Chemistry (D) - Mar - 2018 -> https://www.selfstudys.com/sitepdfs/jV0EWN4cURH60A2j6AYC
        ✅ Saved: Untitled Document -> https://www.selfstudys.com/sitepdfs/jV0EWN4cURH60A2j6AYC
        ⚠️ No PDF link found for: Untitled Document
        ✅ Saved: 16Biology (A) - Mar - 2018 -> https://www.selfstudys.com/sitepdfs/BD8hPB6cfx7pcK3MToUj
        ❌ Error scraping PDF page https://www.selfstudys.com/books/haryana/state-books/class-12th/2018/biology-a-mar-2018/453265: aborted
        ⚠️ No PDF link found for: Untitled Document
        ✅ Saved: 17Biology (B) - Mar - 2018 -> https://www.selfstudys.com/sitepdfs/P9f42uKbZa0DlzaEVkmM
        ✅ Saved: Untitled Document -> https://www.selfstudys.com/sitepdfs/P9f42uKbZa0DlzaEVkmM
        ⚠️ No PDF link found for: Untitled Document
        ✅ Saved: 18Biology (C) - Mar - 2018 -> https://www.selfstudys.com/sitepdfs/KB3hC17N1UxBl2QgeRCG
        ✅ Saved: Untitled Document -> https://www.selfstudys.com/sitepdfs/KB3hC17N1UxBl2QgeRCG
        ⚠️ No PDF link found for: Untitled Document
        ✅ Saved: 19Biology (D) - Mar - 2018 -> https://www.selfstudys.com/sitepdfs/dyHp1FI7jIVXLQTJpqBZ
        ✅ Saved: Untitled Document -> https://www.selfstudys.com/sitepdfs/dyHp1FI7jIVXLQTJpqBZ
        ⚠️ No PDF link found for: Untitled Document
        ❌ Error scraping PDF page https://www.selfstudys.com/books/haryana/state-books/class-12th/2018/business-studies-a-mar-2018/453261: aborted
        ✅ Saved: Untitled Document -> https://www.selfstudys.com/sitepdfs/MCpy0a55Z9CsSEYOx03m
        ⚠️ No PDF link found for: Untitled Document
        ✅ Saved: 21Business Studies (B) - Mar - 2018 -> https://www.selfstudys.com/sitepdfs/wAiht2qLyrsfTo2bGwpc
        ✅ Saved: Untitled Document -> https://www.selfstudys.com/sitepdfs/wAiht2qLyrsfTo2bGwpc
        ⚠️ No PDF link found for: Untitled Document
        ✅ Saved: 22Business Studies (C) - Mar - 2018 -> https://www.selfstudys.com/sitepdfs/NfrWhKbi1B38DKnybnl4
        ✅ Saved: Untitled Document -> https://www.selfstudys.com/sitepdfs/NfrWhKbi1B38DKnybnl4
        ⚠️ No PDF link found for: Untitled Document
        ✅ Saved: 23Business Studies (D) - Mar - 2018 -> https://www.selfstudys.com/sitepdfs/UdSgJBHjaD7lCA1vxphI
        ✅ Saved: Untitled Document -> https://www.selfstudys.com/sitepdfs/UdSgJBHjaD7lCA1vxphI
        ⚠️ No PDF link found for: Untitled Document
        ✅ Saved: 24Economics (A) - Mar - 2018 -> https://www.selfstudys.com/sitepdfs/OR7Yd55dliJxwvLA8UX1
        ✅ Saved: Untitled Document -> https://www.selfstudys.com/sitepdfs/OR7Yd55dliJxwvLA8UX1
        ⚠️ No PDF link found for: Untitled Document
        ✅ Saved: 25Economics (B) - Mar - 2018 -> https://www.selfstudys.com/sitepdfs/Aat9sXKUI7qGlb6PWlOm
        ✅ Saved: Untitled Document -> https://www.selfstudys.com/sitepdfs/Aat9sXKUI7qGlb6PWlOm
        ❌ Error scraping PDF page https://www.selfstudys.com/advance-pdf-viewer/haryana/state-books/class-12th/2018/economics-b-mar-2018/453256: aborted
        ✅ Saved: 26Economics (C) - Mar - 2018 -> https://www.selfstudys.com/sitepdfs/IK29oXxvnbq93BMBkzAk
        ✅ Saved: Untitled Document -> https://www.selfstudys.com/sitepdfs/IK29oXxvnbq93BMBkzAk
        ⚠️ No PDF link found for: Untitled Document
        ✅ Saved: 27Economics (D) - Mar - 2018 -> https://www.selfstudys.com/sitepdfs/16zbqrRgTgm6qlJccivu
        ✅ Saved: Untitled Document -> https://www.selfstudys.com/sitepdfs/16zbqrRgTgm6qlJccivu
        ⚠️ No PDF link found for: Untitled Document
        ✅ Saved: 28Political Science (A) - Mar - 2018 -> https://www.selfstudys.com/sitepdfs/uBHscMT9jkztnAzvPwnt
        ✅ Saved: Untitled Document -> https://www.selfstudys.com/sitepdfs/uBHscMT9jkztnAzvPwnt
        ⚠️ No PDF link found for: Untitled Document
        ✅ Saved: 29Political Science (B) - Mar - 2018 -> https://www.selfstudys.com/sitepdfs/bax1hnM4dAuRbXWb0VAN
        ✅ Saved: Untitled Document -> https://www.selfstudys.com/sitepdfs/bax1hnM4dAuRbXWb0VAN
        ❌ Error scraping PDF page https://www.selfstudys.com/advance-pdf-viewer/haryana/state-books/class-12th/2018/political-science-b-mar-2018/453252: aborted
        ✅ Saved: 30Political Science (C) - Mar - 2018 -> https://www.selfstudys.com/sitepdfs/AcLR4RKyDcD8cZHUwkmT
        ✅ Saved: Untitled Document -> https://www.selfstudys.com/sitepdfs/AcLR4RKyDcD8cZHUwkmT
        ⚠️ No PDF link found for: Untitled Document
        ✅ Saved: 31Political Science (D) - Mar - 2018 -> https://www.selfstudys.com/sitepdfs/F8Ya0igbhF4wdOqxnMml
        ✅ Saved: Untitled Document -> https://www.selfstudys.com/sitepdfs/F8Ya0igbhF4wdOqxnMml
        ⚠️ No PDF link found for: Untitled Document
        ✅ Saved: 32Geography (A) - Mar - 2018 -> https://www.selfstudys.com/sitepdfs/bIedgqejgV846AlgOTOy
        ✅ Saved: Untitled Document -> https://www.selfstudys.com/sitepdfs/bIedgqejgV846AlgOTOy
        ⚠️ No PDF link found for: Untitled Document
        ✅ Saved: 33Geography (B) - Mar - 2018 -> https://www.selfstudys.com/sitepdfs/HMwVRtBHqftvqafCXtM4
        ✅ Saved: Untitled Document -> https://www.selfstudys.com/sitepdfs/HMwVRtBHqftvqafCXtM4
        ⚠️ No PDF link found for: Untitled Document
        ✅ Saved: 34Geography (C) - Mar - 2018 -> https://www.selfstudys.com/sitepdfs/V0as1pUhURJSiYhtebNG
        ✅ Saved: Untitled Document -> https://www.selfstudys.com/sitepdfs/V0as1pUhURJSiYhtebNG
        ⚠️ No PDF link found for: Untitled Document
        ✅ Saved: 35Geography (D) - Mar - 2018 -> https://www.selfstudys.com/sitepdfs/EAm2b9geiVNfW0YfUQyr
        ✅ Saved: Untitled Document -> https://www.selfstudys.com/sitepdfs/EAm2b9geiVNfW0YfUQyr
        ⚠️ No PDF link found for: Untitled Document
        ✅ Saved: 36History (B) - Mar - 2018 -> https://www.selfstudys.com/sitepdfs/HsTIW3JEdrSkixmE650i
        ✅ Saved: Untitled Document -> https://www.selfstudys.com/sitepdfs/HsTIW3JEdrSkixmE650i
        ⚠️ No PDF link found for: Untitled Document
        ✅ Saved: 37History (C) - Mar - 2018 -> https://www.selfstudys.com/sitepdfs/0gtpi58l5iEh8BIHbbUy
        ✅ Saved: Untitled Document -> https://www.selfstudys.com/sitepdfs/0gtpi58l5iEh8BIHbbUy
        ⚠️ No PDF link found for: Untitled Document
        ✅ Saved: 38History (D) - Mar - 2018 -> https://www.selfstudys.com/sitepdfs/jt1uB9wapPwTDg2LDDTV
        ✅ Saved: Untitled Document -> https://www.selfstudys.com/sitepdfs/jt1uB9wapPwTDg2LDDTV
        ⚠️ No PDF link found for: Untitled Document
        ✅ Saved: 39English Core (A) - Mar - 2018 -> https://www.selfstudys.com/sitepdfs/1OmgolTyQIyjsNvyGxRu
        ✅ Saved: Untitled Document -> https://www.selfstudys.com/sitepdfs/1OmgolTyQIyjsNvyGxRu
        ⚠️ No PDF link found for: Untitled Document
        ✅ Saved: 40English Core (B) - Mar - 2018 -> https://www.selfstudys.com/sitepdfs/4sbkMs6IYGDcTWaeAXWZ
        ✅ Saved: Untitled Document -> https://www.selfstudys.com/sitepdfs/4sbkMs6IYGDcTWaeAXWZ
        ⚠️ No PDF link found for: Untitled Document
        ❌ Error scraping PDF page https://www.selfstudys.com/books/haryana/state-books/class-12th/2018/english-core-c-mar-2018/453240: aborted
        ✅ Saved: Untitled Document -> https://www.selfstudys.com/sitepdfs/P7FnC3TkB4FlkLsKIoTw
        ⚠️ No PDF link found for: Untitled Document
        ✅ Saved: 42English Core (D) - Mar - 2018 -> https://www.selfstudys.com/sitepdfs/neQHhfJQgBwqBGLepPaj
        ✅ Saved: Untitled Document -> https://www.selfstudys.com/sitepdfs/neQHhfJQgBwqBGLepPaj
        ⚠️ No PDF link found for: Untitled Document
        ❌ Error scraping PDF page https://www.selfstudys.com/books/haryana/state-books/class-12th/2018/english-elective-mar-2018/453238: aborted
        ✅ Saved: Untitled Document -> https://www.selfstudys.com/sitepdfs/Wy57aR7y5F5e15NfwBrm
        ⚠️ No PDF link found for: Untitled Document
        ✅ Saved: 44English Special - Mar - 2018 -> https://www.selfstudys.com/sitepdfs/PdGFL439AL0KyvfxrpjF
        ✅ Saved: Untitled Document -> https://www.selfstudys.com/sitepdfs/PdGFL439AL0KyvfxrpjF
        ⚠️ No PDF link found for: Untitled Document
        ✅ Saved: 45Hindi Core (A) - Mar - 2018 -> https://www.selfstudys.com/sitepdfs/486WjRpjCn4UBkH1IEVg
        ✅ Saved: Untitled Document -> https://www.selfstudys.com/sitepdfs/486WjRpjCn4UBkH1IEVg
        ⚠️ No PDF link found for: Untitled Document
        ✅ Saved: 46Hindi Core (B) - Mar - 2018 -> https://www.selfstudys.com/sitepdfs/YZdBu2RS6HGgF69C0mvH
        ✅ Saved: Untitled Document -> https://www.selfstudys.com/sitepdfs/YZdBu2RS6HGgF69C0mvH
        ⚠️ No PDF link found for: Untitled Document
        ✅ Saved: 47Hindi Core (C) - Mar - 2018 -> https://www.selfstudys.com/sitepdfs/Q1TkAkGYoVC1QWlvUqG1
        ✅ Saved: Untitled Document -> https://www.selfstudys.com/sitepdfs/Q1TkAkGYoVC1QWlvUqG1
        ⚠️ No PDF link found for: Untitled Document
        ✅ Saved: 48Hindi Core (D) - Mar - 2018 -> https://www.selfstudys.com/sitepdfs/lEPKZmGfO3Wywq9aAP7q
        ✅ Saved: Untitled Document -> https://www.selfstudys.com/sitepdfs/lEPKZmGfO3Wywq9aAP7q
        ⚠️ No PDF link found for: Untitled Document
        ✅ Saved: 49Hindi Elective - Mar - 2018 -> https://www.selfstudys.com/sitepdfs/gcOmXafKROYWODSC0oLi
        ✅ Saved: Untitled Document -> https://www.selfstudys.com/sitepdfs/gcOmXafKROYWODSC0oLi
        ⚠️ No PDF link found for: Untitled Document
        ✅ Saved: 50Sanskrit (A) - Mar - 2018 -> https://www.selfstudys.com/sitepdfs/YCEgU0UbBue3utKtZbF1
        ✅ Saved: Untitled Document -> https://www.selfstudys.com/sitepdfs/YCEgU0UbBue3utKtZbF1
        ⚠️ No PDF link found for: Untitled Document
      Scraping Subject: 9. 2017 (URL: https://www.selfstudys.com/books/haryana/state-books/class-12th/2017/27998)
        Found 150 PDF items for subject 9. 2017.
        ✅ Saved: 1Mathematics (A) - Mar - 2017 -> https://www.selfstudys.com/sitepdfs/63u87Zm3z6ynBGmq0V7A
        ✅ Saved: Untitled Document -> https://www.selfstudys.com/sitepdfs/63u87Zm3z6ynBGmq0V7A
        ⚠️ No PDF link found for: Untitled Document
        ✅ Saved: 2Mathematics (B) - Mar - 2017 -> https://www.selfstudys.com/sitepdfs/gPA7mC1Txq9n03U5xgvW
        ✅ Saved: Untitled Document -> https://www.selfstudys.com/sitepdfs/gPA7mC1Txq9n03U5xgvW
        ⚠️ No PDF link found for: Untitled Document
        ✅ Saved: 3Mathematics (C) - Mar - 2017 -> https://www.selfstudys.com/sitepdfs/LmmVGYAmw1QMtCMudHsT
        ✅ Saved: Untitled Document -> https://www.selfstudys.com/sitepdfs/LmmVGYAmw1QMtCMudHsT
        ⚠️ No PDF link found for: Untitled Document
        ✅ Saved: 4Mathematics (D) - Mar - 2017 -> https://www.selfstudys.com/sitepdfs/bFKUburmpnwspTRGf5WL
        ✅ Saved: Untitled Document -> https://www.selfstudys.com/sitepdfs/bFKUburmpnwspTRGf5WL
        ⚠️ No PDF link found for: Untitled Document
        ✅ Saved: 5Accountancy (A) - Mar - 2017 -> https://www.selfstudys.com/sitepdfs/rth1d8HuHAIVYUhOwj9p
        ✅ Saved: Untitled Document -> https://www.selfstudys.com/sitepdfs/rth1d8HuHAIVYUhOwj9p
        ⚠️ No PDF link found for: Untitled Document
        ✅ Saved: 6Accountancy (B) - Mar - 2017 -> https://www.selfstudys.com/sitepdfs/YltullLA2tNi7cV5U2j4
        ✅ Saved: Untitled Document -> https://www.selfstudys.com/sitepdfs/YltullLA2tNi7cV5U2j4
        ⚠️ No PDF link found for: Untitled Document
        ✅ Saved: 7Accountancy (C) - Mar - 2017 -> https://www.selfstudys.com/sitepdfs/s27FVUAwBLK8lPEkk6eg
        ✅ Saved: Untitled Document -> https://www.selfstudys.com/sitepdfs/s27FVUAwBLK8lPEkk6eg
        ⚠️ No PDF link found for: Untitled Document
        ✅ Saved: 8Accountancy (D) - Mar - 2017 -> https://www.selfstudys.com/sitepdfs/zW4PCnSDMTyY1jtk58t2
        ✅ Saved: Untitled Document -> https://www.selfstudys.com/sitepdfs/zW4PCnSDMTyY1jtk58t2
        ⚠️ No PDF link found for: Untitled Document
        ✅ Saved: 9Physics (A) - Mar - 2017 -> https://www.selfstudys.com/sitepdfs/NU7FnCKg1kc5Yu8xv7jc
        ✅ Saved: Untitled Document -> https://www.selfstudys.com/sitepdfs/NU7FnCKg1kc5Yu8xv7jc
        ⚠️ No PDF link found for: Untitled Document
        ✅ Saved: 10Physics (B) - Mar - 2017 -> https://www.selfstudys.com/sitepdfs/L5Pluj3T8sUO2EYdvZQg
        ✅ Saved: Untitled Document -> https://www.selfstudys.com/sitepdfs/L5Pluj3T8sUO2EYdvZQg
        ⚠️ No PDF link found for: Untitled Document
        ✅ Saved: 11Physics (C) - Mar - 2017 -> https://www.selfstudys.com/sitepdfs/IGYukbGY3F8mOLEcqo0c
        ✅ Saved: Untitled Document -> https://www.selfstudys.com/sitepdfs/IGYukbGY3F8mOLEcqo0c
        ⚠️ No PDF link found for: Untitled Document
        ✅ Saved: 12Physics (D) - Mar - 2017 -> https://www.selfstudys.com/sitepdfs/rzSJeKiGRZVHPf3RJItz
        ✅ Saved: Untitled Document -> https://www.selfstudys.com/sitepdfs/rzSJeKiGRZVHPf3RJItz
        ⚠️ No PDF link found for: Untitled Document
        ✅ Saved: 13Chemistry (A) - Mar - 2017 -> https://www.selfstudys.com/sitepdfs/TocYdKRFHkzueLrjHxsB
        ✅ Saved: Untitled Document -> https://www.selfstudys.com/sitepdfs/TocYdKRFHkzueLrjHxsB
        ⚠️ No PDF link found for: Untitled Document
        ✅ Saved: 14Chemistry (B) - Mar - 2017 -> https://www.selfstudys.com/sitepdfs/zH9MObKuS7sGT0tky4Em
        ✅ Saved: Untitled Document -> https://www.selfstudys.com/sitepdfs/zH9MObKuS7sGT0tky4Em
        ⚠️ No PDF link found for: Untitled Document
        ✅ Saved: 15Chemistry (C) - Mar - 2017 -> https://www.selfstudys.com/sitepdfs/Xb7WTb54PomxbNWAyViw
        ✅ Saved: Untitled Document -> https://www.selfstudys.com/sitepdfs/Xb7WTb54PomxbNWAyViw
        ⚠️ No PDF link found for: Untitled Document
        ✅ Saved: 16Chemistry (D) - Mar - 2017 -> https://www.selfstudys.com/sitepdfs/QrOORB9rtS2ITE68llmk
        ✅ Saved: Untitled Document -> https://www.selfstudys.com/sitepdfs/QrOORB9rtS2ITE68llmk
        ⚠️ No PDF link found for: Untitled Document
        ✅ Saved: 17Biology (A) - Mar - 2017 -> https://www.selfstudys.com/sitepdfs/5yKqogP6ijTPPkzpTZG4
        ✅ Saved: Untitled Document -> https://www.selfstudys.com/sitepdfs/5yKqogP6ijTPPkzpTZG4
        ⚠️ No PDF link found for: Untitled Document
        ✅ Saved: 18Biology (B) - Mar - 2017 -> https://www.selfstudys.com/sitepdfs/wFG8pM4pD2MCoMusTIpr
        ✅ Saved: Untitled Document -> https://www.selfstudys.com/sitepdfs/wFG8pM4pD2MCoMusTIpr
        ⚠️ No PDF link found for: Untitled Document
        ✅ Saved: 19Biology (C) - Mar - 2017 -> https://www.selfstudys.com/sitepdfs/UZW1zcUo6fIAFi11scbo
        ✅ Saved: Untitled Document -> https://www.selfstudys.com/sitepdfs/UZW1zcUo6fIAFi11scbo
        ⚠️ No PDF link found for: Untitled Document
        ✅ Saved: 20Biology (D) - Mar - 2017 -> https://www.selfstudys.com/sitepdfs/8z2U51W6jkWBo11WU0PQ
        ✅ Saved: Untitled Document -> https://www.selfstudys.com/sitepdfs/8z2U51W6jkWBo11WU0PQ
        ❌ Error scraping PDF page https://www.selfstudys.com/advance-pdf-viewer/haryana/state-books/class-12th/2017/biology-d-mar-2017/453352: aborted
        ✅ Saved: 21Business Studies (A) - Mar - 2017 -> https://www.selfstudys.com/sitepdfs/bSZPBAI1h8Y5CikReb74
        ✅ Saved: Untitled Document -> https://www.selfstudys.com/sitepdfs/bSZPBAI1h8Y5CikReb74
        ⚠️ No PDF link found for: Untitled Document
        ✅ Saved: 22Business Studies (B) - Mar - 2017 -> https://www.selfstudys.com/sitepdfs/WvBD1N2xyltIm3Ehrzut
        ✅ Saved: Untitled Document -> https://www.selfstudys.com/sitepdfs/WvBD1N2xyltIm3Ehrzut
        ⚠️ No PDF link found for: Untitled Document
        ✅ Saved: 23Business Studies (C) - Mar - 2017 -> https://www.selfstudys.com/sitepdfs/PKujGIuPyZJIPwELavHo
        ✅ Saved: Untitled Document -> https://www.selfstudys.com/sitepdfs/PKujGIuPyZJIPwELavHo
        ⚠️ No PDF link found for: Untitled Document
        ✅ Saved: 24Business Studies (D) - Mar - 2017 -> https://www.selfstudys.com/sitepdfs/mbNGci8tNgCLI5FC6S42
        ✅ Saved: Untitled Document -> https://www.selfstudys.com/sitepdfs/mbNGci8tNgCLI5FC6S42
        ⚠️ No PDF link found for: Untitled Document
        ✅ Saved: 25Economics (A) - Mar - 2017 -> https://www.selfstudys.com/sitepdfs/5H4DIkYHpBcCuQKZPa21
        ✅ Saved: Untitled Document -> https://www.selfstudys.com/sitepdfs/5H4DIkYHpBcCuQKZPa21
        ⚠️ No PDF link found for: Untitled Document
        ✅ Saved: 26Economics (B) - Mar - 2017 -> https://www.selfstudys.com/sitepdfs/y3ezzKbBQN3ixj7steMg
        ✅ Saved: Untitled Document -> https://www.selfstudys.com/sitepdfs/y3ezzKbBQN3ixj7steMg
        ⚠️ No PDF link found for: Untitled Document
        ✅ Saved: 27Economics (C) - Mar - 2017 -> https://www.selfstudys.com/sitepdfs/JQWKouDK64Kxiib3AetE
        ✅ Saved: Untitled Document -> https://www.selfstudys.com/sitepdfs/JQWKouDK64Kxiib3AetE
        ⚠️ No PDF link found for: Untitled Document
        ✅ Saved: 28Economics (D) - Mar - 2017 -> https://www.selfstudys.com/sitepdfs/YMdrYnrYlt0tFqpYlMjq
        ✅ Saved: Untitled Document -> https://www.selfstudys.com/sitepdfs/YMdrYnrYlt0tFqpYlMjq
        ⚠️ No PDF link found for: Untitled Document
        ✅ Saved: 29Political Science (A) - Mar - 2017 -> https://www.selfstudys.com/sitepdfs/eXJSYo1gsVVxQ5EJfJ7K
        ✅ Saved: Untitled Document -> https://www.selfstudys.com/sitepdfs/eXJSYo1gsVVxQ5EJfJ7K
        ⚠️ No PDF link found for: Untitled Document
        ✅ Saved: 30Political Science (B) - Mar - 2017 -> https://www.selfstudys.com/sitepdfs/mB0SSEP30YWn3j1PuB0Z
        ✅ Saved: Untitled Document -> https://www.selfstudys.com/sitepdfs/mB0SSEP30YWn3j1PuB0Z
        ⚠️ No PDF link found for: Untitled Document
        ✅ Saved: 31Political Science (C) - Mar - 2017 -> https://www.selfstudys.com/sitepdfs/liKNmWtPhMOayQvXDr3a
        ✅ Saved: Untitled Document -> https://www.selfstudys.com/sitepdfs/liKNmWtPhMOayQvXDr3a
        ⚠️ No PDF link found for: Untitled Document
        ✅ Saved: 32Political Science (D) - Mar - 2017 -> https://www.selfstudys.com/sitepdfs/iV9uRGVUZIqVyzHAUaeU
        ✅ Saved: Untitled Document -> https://www.selfstudys.com/sitepdfs/iV9uRGVUZIqVyzHAUaeU
        ⚠️ No PDF link found for: Untitled Document
        ✅ Saved: 33History (A) - Mar - 2017 -> https://www.selfstudys.com/sitepdfs/rUPtBgRwBjCkY6LvTyO2
        ✅ Saved: Untitled Document -> https://www.selfstudys.com/sitepdfs/rUPtBgRwBjCkY6LvTyO2
        ⚠️ No PDF link found for: Untitled Document
        ✅ Saved: 34History (B) - Mar - 2017 -> https://www.selfstudys.com/sitepdfs/ALAq9bWPmxIMtxE0l13l
        ✅ Saved: Untitled Document -> https://www.selfstudys.com/sitepdfs/ALAq9bWPmxIMtxE0l13l
        ⚠️ No PDF link found for: Untitled Document
        ✅ Saved: 35History (C) - Mar - 2017 -> https://www.selfstudys.com/sitepdfs/G9KpDWdDH5499gIrZnmp
        ✅ Saved: Untitled Document -> https://www.selfstudys.com/sitepdfs/G9KpDWdDH5499gIrZnmp
        ⚠️ No PDF link found for: Untitled Document
        ✅ Saved: 36History (D) - Mar - 2017 -> https://www.selfstudys.com/sitepdfs/dmsXpA20jbepcUzrThV9
        ✅ Saved: Untitled Document -> https://www.selfstudys.com/sitepdfs/dmsXpA20jbepcUzrThV9
        ⚠️ No PDF link found for: Untitled Document
        ✅ Saved: 37Geography (A) - Mar - 2017 -> https://www.selfstudys.com/sitepdfs/vkUEAtwfuKI47X8iwy37
        ✅ Saved: Untitled Document -> https://www.selfstudys.com/sitepdfs/vkUEAtwfuKI47X8iwy37
        ⚠️ No PDF link found for: Untitled Document
        ✅ Saved: 38Geography (B) - Mar - 2017 -> https://www.selfstudys.com/sitepdfs/QLk7BWx0pxvFvDq1Werk
        ✅ Saved: Untitled Document -> https://www.selfstudys.com/sitepdfs/QLk7BWx0pxvFvDq1Werk
        ⚠️ No PDF link found for: Untitled Document
        ✅ Saved: 39Geography (C) - Mar - 2017 -> https://www.selfstudys.com/sitepdfs/6qCrswgHt7bvn4Q5R7iE
        ✅ Saved: Untitled Document -> https://www.selfstudys.com/sitepdfs/6qCrswgHt7bvn4Q5R7iE
        ⚠️ No PDF link found for: Untitled Document
        ✅ Saved: 40Geography (D) - Mar - 2017 -> https://www.selfstudys.com/sitepdfs/vD0pihVcwfJFPEmQPbN1
        ✅ Saved: Untitled Document -> https://www.selfstudys.com/sitepdfs/vD0pihVcwfJFPEmQPbN1
        ❌ Error scraping PDF page https://www.selfstudys.com/advance-pdf-viewer/haryana/state-books/class-12th/2017/geography-d-mar-2017/453332: aborted
        ✅ Saved: 41English Core (A) - Mar - 2017 -> https://www.selfstudys.com/sitepdfs/ZfQgvTXu2a25im4Vngw2
        ✅ Saved: Untitled Document -> https://www.selfstudys.com/sitepdfs/ZfQgvTXu2a25im4Vngw2
        ⚠️ No PDF link found for: Untitled Document
        ✅ Saved: 42English Core (B) - Mar - 2017 -> https://www.selfstudys.com/sitepdfs/WAnqc37zSRKiAXKGgCPJ
        ✅ Saved: Untitled Document -> https://www.selfstudys.com/sitepdfs/WAnqc37zSRKiAXKGgCPJ
        ⚠️ No PDF link found for: Untitled Document
        ✅ Saved: 43English Core (C) - Mar - 2017 -> https://www.selfstudys.com/sitepdfs/S9eXAw8VpHTA5oeUJ4i3
        ✅ Saved: Untitled Document -> https://www.selfstudys.com/sitepdfs/S9eXAw8VpHTA5oeUJ4i3
        ⚠️ No PDF link found for: Untitled Document
        ✅ Saved: 44English Core (D) - Mar - 2017 -> https://www.selfstudys.com/sitepdfs/ceyfmUD0BgENmXfmYAOk
        ✅ Saved: Untitled Document -> https://www.selfstudys.com/sitepdfs/ceyfmUD0BgENmXfmYAOk
        ⚠️ No PDF link found for: Untitled Document
        ✅ Saved: 45Hindi Core (A) - Mar - 2017 -> https://www.selfstudys.com/sitepdfs/Vc0LS1JMwXzjYZmFFQCF
        ✅ Saved: Untitled Document -> https://www.selfstudys.com/sitepdfs/Vc0LS1JMwXzjYZmFFQCF
        ⚠️ No PDF link found for: Untitled Document
        ✅ Saved: 46Hindi Core (B) - Mar - 2017 -> https://www.selfstudys.com/sitepdfs/8Of7Gw21IVYSQpfMc9tL
        ✅ Saved: Untitled Document -> https://www.selfstudys.com/sitepdfs/8Of7Gw21IVYSQpfMc9tL
        ⚠️ No PDF link found for: Untitled Document
        ✅ Saved: 47Hindi Core (C) - Mar - 2017 -> https://www.selfstudys.com/sitepdfs/o7fbSOOQsHc48vlle2bz
        ✅ Saved: Untitled Document -> https://www.selfstudys.com/sitepdfs/o7fbSOOQsHc48vlle2bz
        ⚠️ No PDF link found for: Untitled Document
        ✅ Saved: 48Hindi Core (D) - Mar - 2017 -> https://www.selfstudys.com/sitepdfs/ZFUwxsy05PksTWBjwNfd
        ✅ Saved: Untitled Document -> https://www.selfstudys.com/sitepdfs/ZFUwxsy05PksTWBjwNfd
        ⚠️ No PDF link found for: Untitled Document
        ✅ Saved: 49Hindi Elective - Mar - 2017 -> https://www.selfstudys.com/sitepdfs/55LoSST3U7Jh5mcZRMbH
        ✅ Saved: Untitled Document -> https://www.selfstudys.com/sitepdfs/55LoSST3U7Jh5mcZRMbH
        ⚠️ No PDF link found for: Untitled Document
        ✅ Saved: 50Sanskrit (A) - Mar - 2017 -> https://www.selfstudys.com/sitepdfs/Cl2N2MYEMbUU4UQ4jse1
        ✅ Saved: Untitled Document -> https://www.selfstudys.com/sitepdfs/Cl2N2MYEMbUU4UQ4jse1
        ⚠️ No PDF link found for: Untitled Document
      Scraping Subject: 10. 2016 (URL: https://www.selfstudys.com/books/haryana/state-books/class-12th/2016/28000)
        Found 150 PDF items for subject 10. 2016.
        ✅ Saved: 1Accountancy (A) - Sem-1 - Mar - 2016 -> https://www.selfstudys.com/sitepdfs/KuI38MZDYeouCQeGBteh
        ✅ Saved: Untitled Document -> https://www.selfstudys.com/sitepdfs/KuI38MZDYeouCQeGBteh
        ⚠️ No PDF link found for: Untitled Document
        ✅ Saved: 2Accountancy (A) - Sem-2 - Mar - 2016 -> https://www.selfstudys.com/sitepdfs/vaXInwQHQknDvMm2HzmS
        ✅ Saved: Untitled Document -> https://www.selfstudys.com/sitepdfs/vaXInwQHQknDvMm2HzmS
        ⚠️ No PDF link found for: Untitled Document
        ✅ Saved: 3Accountancy (B) - Sem-1 - Mar - 2016 -> https://www.selfstudys.com/sitepdfs/nZzPxvNVq5LFHZ3RNKZb
        ✅ Saved: Untitled Document -> https://www.selfstudys.com/sitepdfs/nZzPxvNVq5LFHZ3RNKZb
        ⚠️ No PDF link found for: Untitled Document
        ❌ Error scraping PDF page https://www.selfstudys.com/books/haryana/state-books/class-12th/2016/accountancy-b-sem-2-mar-2016/453538: aborted
        ✅ Saved: Untitled Document -> https://www.selfstudys.com/sitepdfs/cKnHQcGm4SQ5dsnwD8DD
        ⚠️ No PDF link found for: Untitled Document
        ✅ Saved: 5Accountancy (C) - Sem-1 - Mar - 2016 -> https://www.selfstudys.com/sitepdfs/QhDnwNvbtYc1ZheWwTRo
        ✅ Saved: Untitled Document -> https://www.selfstudys.com/sitepdfs/QhDnwNvbtYc1ZheWwTRo
        ⚠️ No PDF link found for: Untitled Document
        ✅ Saved: 6Accountancy (C) - Sem-2 - Mar - 2016 -> https://www.selfstudys.com/sitepdfs/YpLYiz4rPFyoNosBsRQF
        ✅ Saved: Untitled Document -> https://www.selfstudys.com/sitepdfs/YpLYiz4rPFyoNosBsRQF
        ⚠️ No PDF link found for: Untitled Document
        ✅ Saved: 7Mathematics (A) - Sem-1 - Mar - 2016 -> https://www.selfstudys.com/sitepdfs/tdRW3DwqoGy5603htKEs
        ✅ Saved: Untitled Document -> https://www.selfstudys.com/sitepdfs/tdRW3DwqoGy5603htKEs
        ⚠️ No PDF link found for: Untitled Document
        ✅ Saved: 8Mathematics (A) - Sem-2 - Mar - 2016 -> https://www.selfstudys.com/sitepdfs/cAwTjhQEs3ZLHFFbdLl6
        ✅ Saved: Untitled Document -> https://www.selfstudys.com/sitepdfs/cAwTjhQEs3ZLHFFbdLl6
        ⚠️ No PDF link found for: Untitled Document
        ✅ Saved: 9Mathematics (B) - Sem-1 - Mar - 2016 -> https://www.selfstudys.com/sitepdfs/tXXdPPBODM1UA8og4Rnl
        ✅ Saved: Untitled Document -> https://www.selfstudys.com/sitepdfs/tXXdPPBODM1UA8og4Rnl
        ⚠️ No PDF link found for: Untitled Document
        ✅ Saved: 10Mathematics (C) - Sem-1 - Mar - 2016 -> https://www.selfstudys.com/sitepdfs/fLY9TMi0ZPqr6v8C4iJh
        ✅ Saved: Untitled Document -> https://www.selfstudys.com/sitepdfs/fLY9TMi0ZPqr6v8C4iJh
        ⚠️ No PDF link found for: Untitled Document
        ✅ Saved: 11Mathematics (C) - Sem-2 - Mar - 2016 -> https://www.selfstudys.com/sitepdfs/riboN9OF2bC5tnJqovM9
        ✅ Saved: Untitled Document -> https://www.selfstudys.com/sitepdfs/riboN9OF2bC5tnJqovM9
        ⚠️ No PDF link found for: Untitled Document
        ✅ Saved: 12Physics (A) - Sem-1 - Mar - 2016 -> https://www.selfstudys.com/sitepdfs/4AU7zseY4WKwVcY2OPeA
        ✅ Saved: Untitled Document -> https://www.selfstudys.com/sitepdfs/4AU7zseY4WKwVcY2OPeA
        ⚠️ No PDF link found for: Untitled Document
        ✅ Saved: 13Physics (A) - Sem-2 - Mar - 2016 -> https://www.selfstudys.com/sitepdfs/aimEwoiL1X1c3pQwtXgZ
        ✅ Saved: Untitled Document -> https://www.selfstudys.com/sitepdfs/aimEwoiL1X1c3pQwtXgZ
        ⚠️ No PDF link found for: Untitled Document
        ✅ Saved: 14Physics (B) - Sem-1 - Mar - 2016 -> https://www.selfstudys.com/sitepdfs/JnULA1OF6KB2H6fZk4hi
        ✅ Saved: Untitled Document -> https://www.selfstudys.com/sitepdfs/JnULA1OF6KB2H6fZk4hi
        ⚠️ No PDF link found for: Untitled Document
        ✅ Saved: 15Physics (B) - Sem-2 - Mar - 2016 -> https://www.selfstudys.com/sitepdfs/1BU2lBWIyVuRWfJLhBl9
        ✅ Saved: Untitled Document -> https://www.selfstudys.com/sitepdfs/1BU2lBWIyVuRWfJLhBl9
        ⚠️ No PDF link found for: Untitled Document
        ✅ Saved: 16Physics (C) - Sem-1 - Mar - 2016 -> https://www.selfstudys.com/sitepdfs/JGNX2M6Qc0Ht8xg8MF8r
        ✅ Saved: Untitled Document -> https://www.selfstudys.com/sitepdfs/JGNX2M6Qc0Ht8xg8MF8r
        ⚠️ No PDF link found for: Untitled Document
        ✅ Saved: 17Physics (C) - Sem-2 - Mar - 2016 -> https://www.selfstudys.com/sitepdfs/5Vb6m8IhkhIE04wQ8TFf
        ✅ Saved: Untitled Document -> https://www.selfstudys.com/sitepdfs/5Vb6m8IhkhIE04wQ8TFf
        ⚠️ No PDF link found for: Untitled Document
        ✅ Saved: 18Chemistry (A) - Sem-1 - Mar - 2016 -> https://www.selfstudys.com/sitepdfs/wY8Gf3yvsNHSSO90mjGf
        ✅ Saved: Untitled Document -> https://www.selfstudys.com/sitepdfs/wY8Gf3yvsNHSSO90mjGf
        ⚠️ No PDF link found for: Untitled Document
        ✅ Saved: 19Chemistry (A) - Sem-2 - Mar - 2016 -> https://www.selfstudys.com/sitepdfs/Lp8Z3H6OOFRHEfzNMCZL
        ✅ Saved: Untitled Document -> https://www.selfstudys.com/sitepdfs/Lp8Z3H6OOFRHEfzNMCZL
        ⚠️ No PDF link found for: Untitled Document
        ✅ Saved: 20Chemistry (B) - Sem-1 - Mar - 2016 -> https://www.selfstudys.com/sitepdfs/8d3RahMeTMvwKWmxseWY
        ✅ Saved: Untitled Document -> https://www.selfstudys.com/sitepdfs/8d3RahMeTMvwKWmxseWY
        ⚠️ No PDF link found for: Untitled Document
        ✅ Saved: 21Chemistry (B) - Sem-2 - Mar - 2016 -> https://www.selfstudys.com/sitepdfs/YQtRhK8mftMXxF0UWl4N
        ✅ Saved: Untitled Document -> https://www.selfstudys.com/sitepdfs/YQtRhK8mftMXxF0UWl4N
        ⚠️ No PDF link found for: Untitled Document
        ❌ Error scraping PDF page https://www.selfstudys.com/books/haryana/state-books/class-12th/2016/chemistry-c-sem-1-mar-2016/453520: aborted
        ✅ Saved: Untitled Document -> https://www.selfstudys.com/sitepdfs/HqJwLUOhMPZCLXfQs1hq
        ⚠️ No PDF link found for: Untitled Document
        ✅ Saved: 23Chemistry (C) - Sem-2 - Mar - 2016 -> https://www.selfstudys.com/sitepdfs/6utR8a1ygQ2pXDTO8gWL
        ✅ Saved: Untitled Document -> https://www.selfstudys.com/sitepdfs/6utR8a1ygQ2pXDTO8gWL
        ⚠️ No PDF link found for: Untitled Document
        ✅ Saved: 24Biology (A) - Sem-1 - Mar - 2016 -> https://www.selfstudys.com/sitepdfs/kyO1oQ78u7svr6vyEEjj
        ✅ Saved: Untitled Document -> https://www.selfstudys.com/sitepdfs/kyO1oQ78u7svr6vyEEjj
        ⚠️ No PDF link found for: Untitled Document
        ✅ Saved: 25Biology (A) - Sem-2 - Mar - 2016 -> https://www.selfstudys.com/sitepdfs/Zmsf5jklvSyJs2VcnjhL
        ✅ Saved: Untitled Document -> https://www.selfstudys.com/sitepdfs/Zmsf5jklvSyJs2VcnjhL
        ⚠️ No PDF link found for: Untitled Document
        ✅ Saved: 26Biology (B) - Sem-1 - Mar - 2016 -> https://www.selfstudys.com/sitepdfs/b8a195pDIyU76eQVMxi5
        ✅ Saved: Untitled Document -> https://www.selfstudys.com/sitepdfs/b8a195pDIyU76eQVMxi5
        ⚠️ No PDF link found for: Untitled Document
        ✅ Saved: 27Biology (B) - Sem-2 - Mar - 2016 -> https://www.selfstudys.com/sitepdfs/yMt25fzCw6ntjaM1rz5W
        ✅ Saved: Untitled Document -> https://www.selfstudys.com/sitepdfs/yMt25fzCw6ntjaM1rz5W
        ⚠️ No PDF link found for: Untitled Document
        ✅ Saved: 28Biology (C) - Sem-1 - Mar - 2016 -> https://www.selfstudys.com/sitepdfs/RLjVklFNQYVOb44WQr4O
        ✅ Saved: Untitled Document -> https://www.selfstudys.com/sitepdfs/RLjVklFNQYVOb44WQr4O
        ⚠️ No PDF link found for: Untitled Document
        ✅ Saved: 29Biology (C) - Sem-2 - Mar - 2016 -> https://www.selfstudys.com/sitepdfs/iqXO2PyUVmc1LIQa3EVt
        ✅ Saved: Untitled Document -> https://www.selfstudys.com/sitepdfs/iqXO2PyUVmc1LIQa3EVt
        ⚠️ No PDF link found for: Untitled Document
        ✅ Saved: 30Business-Studies (A) - Sem-1 - Mar - 2016 -> https://www.selfstudys.com/sitepdfs/vbSqZJuOQpAnv1PGcr5f
        ✅ Saved: Untitled Document -> https://www.selfstudys.com/sitepdfs/vbSqZJuOQpAnv1PGcr5f
        ⚠️ No PDF link found for: Untitled Document
        ✅ Saved: 31Business-Studies (A) - Sem-2 - Mar - 2016 -> https://www.selfstudys.com/sitepdfs/lcvhr5EU19z7soAohTh3
        ✅ Saved: Untitled Document -> https://www.selfstudys.com/sitepdfs/lcvhr5EU19z7soAohTh3
        ⚠️ No PDF link found for: Untitled Document
        ✅ Saved: 32Business-Studies (B) - Sem-1 - Mar - 2016 -> https://www.selfstudys.com/sitepdfs/IS4qBLwahv0jM1Lok83u
        ✅ Saved: Untitled Document -> https://www.selfstudys.com/sitepdfs/IS4qBLwahv0jM1Lok83u
        ⚠️ No PDF link found for: Untitled Document
        ✅ Saved: 33Business-Studies (B) - Sem-2 - Mar - 2016 -> https://www.selfstudys.com/sitepdfs/162ohj51FhXRZYNZi9oP
        ✅ Saved: Untitled Document -> https://www.selfstudys.com/sitepdfs/162ohj51FhXRZYNZi9oP
        ⚠️ No PDF link found for: Untitled Document
        ✅ Saved: 34Business-Studies (C) - Sem-1 - Mar - 2016 -> https://www.selfstudys.com/sitepdfs/I68cZCgKYRPwmGSxjdfA
        ✅ Saved: Untitled Document -> https://www.selfstudys.com/sitepdfs/I68cZCgKYRPwmGSxjdfA
        ⚠️ No PDF link found for: Untitled Document
        ✅ Saved: 35Business-Studies (C) - Sem-2 - Mar - 2016 -> https://www.selfstudys.com/sitepdfs/ME10C4nRQz3gm7Vu8sAS
        ✅ Saved: Untitled Document -> https://www.selfstudys.com/sitepdfs/ME10C4nRQz3gm7Vu8sAS
        ⚠️ No PDF link found for: Untitled Document
        ✅ Saved: 36Economics (A) - Sem-1 - Mar - 2016 -> https://www.selfstudys.com/sitepdfs/D31tcyJP5xph2gcNzzNk
        ✅ Saved: Untitled Document -> https://www.selfstudys.com/sitepdfs/D31tcyJP5xph2gcNzzNk
        ⚠️ No PDF link found for: Untitled Document
        ✅ Saved: 37Economics (A) - Sem-2 - Mar - 2016 -> https://www.selfstudys.com/sitepdfs/HQj3aKcG2vn3f10TK4oM
        ✅ Saved: Untitled Document -> https://www.selfstudys.com/sitepdfs/HQj3aKcG2vn3f10TK4oM
        ⚠️ No PDF link found for: Untitled Document
        ✅ Saved: 38Economics (B) - Sem-1 - Mar - 2016 -> https://www.selfstudys.com/sitepdfs/fa0YNX6a2RAYNdBSHa4h
        ✅ Saved: Untitled Document -> https://www.selfstudys.com/sitepdfs/fa0YNX6a2RAYNdBSHa4h
        ⚠️ No PDF link found for: Untitled Document
        ✅ Saved: 39Economics (B) - Sem-2 - Mar - 2016 -> https://www.selfstudys.com/sitepdfs/irjeFhFNL3qjxX1RsxX4
        ✅ Saved: Untitled Document -> https://www.selfstudys.com/sitepdfs/irjeFhFNL3qjxX1RsxX4
        ⚠️ No PDF link found for: Untitled Document
        ✅ Saved: 40Economics (C) - Sem-1 - Mar - 2016 -> https://www.selfstudys.com/sitepdfs/Nwy3l2Dkr9KDB8cpngNX
        ✅ Saved: Untitled Document -> https://www.selfstudys.com/sitepdfs/Nwy3l2Dkr9KDB8cpngNX
        ⚠️ No PDF link found for: Untitled Document
        ✅ Saved: 41Economics (C) - Sem-2 - Mar - 2016 -> https://www.selfstudys.com/sitepdfs/k0EjFgkYcWFDAwYlky9s
        ✅ Saved: Untitled Document -> https://www.selfstudys.com/sitepdfs/k0EjFgkYcWFDAwYlky9s
        ⚠️ No PDF link found for: Untitled Document
        ✅ Saved: 42Political Science (A) - Sem-1 - Mar - 2016 -> https://www.selfstudys.com/sitepdfs/DdMTembMjam1YANLhB4c
        ✅ Saved: Untitled Document -> https://www.selfstudys.com/sitepdfs/DdMTembMjam1YANLhB4c
        ⚠️ No PDF link found for: Untitled Document
        ✅ Saved: 43Political Science (A) - Sem-2 - Mar - 2016 -> https://www.selfstudys.com/sitepdfs/OGuA5jqAfAPCwAXr49Bk
        ❌ Error scraping PDF page https://www.selfstudys.com/books/haryana/state-books/class-12th/2016/political-science-a-sem-2-mar-2016/453488: aborted
        ⚠️ No PDF link found for: Untitled Document
        ✅ Saved: 44Political Science (B) - Sem-1 - Mar - 2016 -> https://www.selfstudys.com/sitepdfs/LK96DSzEt2e6pfHWBWFf
        ✅ Saved: Untitled Document -> https://www.selfstudys.com/sitepdfs/LK96DSzEt2e6pfHWBWFf
        ⚠️ No PDF link found for: Untitled Document
        ✅ Saved: 45Political Science (C) - Sem-1 - Mar - 2016 -> https://www.selfstudys.com/sitepdfs/yEbiItPyGte58xUfYxDm
        ✅ Saved: Untitled Document -> https://www.selfstudys.com/sitepdfs/yEbiItPyGte58xUfYxDm
        ⚠️ No PDF link found for: Untitled Document
        ✅ Saved: 46Political Science (C) - Sem-2 - Mar - 2016 -> https://www.selfstudys.com/sitepdfs/800YIdSGqbVLgCc5yCO3
        ✅ Saved: Untitled Document -> https://www.selfstudys.com/sitepdfs/800YIdSGqbVLgCc5yCO3
        ⚠️ No PDF link found for: Untitled Document
        ✅ Saved: 47Geography (A) - Sem-1 - Mar - 2016 -> https://www.selfstudys.com/sitepdfs/gM0FC8kiCISRFchhveWK
        ✅ Saved: Untitled Document -> https://www.selfstudys.com/sitepdfs/gM0FC8kiCISRFchhveWK
        ⚠️ No PDF link found for: Untitled Document
        ✅ Saved: 48Geography (A) - Sem-2 - Mar - 2016 -> https://www.selfstudys.com/sitepdfs/UnFKf6T3tfHOZydZujBK
        ✅ Saved: Untitled Document -> https://www.selfstudys.com/sitepdfs/UnFKf6T3tfHOZydZujBK
        ⚠️ No PDF link found for: Untitled Document
        ✅ Saved: 49Geography (B) - Sem-1 - Mar - 2016 -> https://www.selfstudys.com/sitepdfs/Kphy8F4T0IG5WK8RRfN3
        ✅ Saved: Untitled Document -> https://www.selfstudys.com/sitepdfs/Kphy8F4T0IG5WK8RRfN3
        ⚠️ No PDF link found for: Untitled Document
        ✅ Saved: 50Geography (B) - Sem-2 - Mar - 2016 -> https://www.selfstudys.com/sitepdfs/LVibo4lJ2jUYdF4rICMY
        ✅ Saved: Untitled Document -> https://www.selfstudys.com/sitepdfs/LVibo4lJ2jUYdF4rICMY
        ⚠️ No PDF link found for: Untitled Document
      Scraping Subject: Haryana Board Syllabus (URL: https://www.selfstudys.com/books/haryana/state-books/class-12th/syllabus/13954)
        Found 150 PDF items for subject Haryana Board Syllabus.
        ✅ Saved: 1English (Core) - 2025-26 -> https://www.selfstudys.com/sitepdfs/uuUurFZBITUaPJcFuOu5
        ✅ Saved: Untitled Document -> https://www.selfstudys.com/sitepdfs/uuUurFZBITUaPJcFuOu5
        ⚠️ No PDF link found for: Untitled Document
        ✅ Saved: 2English (Elective) - 2025-26 -> https://www.selfstudys.com/sitepdfs/qLcg4BnEGlBTu1vPIOod
        ✅ Saved: Untitled Document -> https://www.selfstudys.com/sitepdfs/qLcg4BnEGlBTu1vPIOod
        ⚠️ No PDF link found for: Untitled Document
        ✅ Saved: 3गणित - 2025-26 -> https://www.selfstudys.com/sitepdfs/PpIQSIPQpIXki7fA7TjZ
        ✅ Saved: Untitled Document -> https://www.selfstudys.com/sitepdfs/PpIQSIPQpIXki7fA7TjZ
        ⚠️ No PDF link found for: Untitled Document
        ✅ Saved: 4भौतिक विज्ञान - 2025-26 -> https://www.selfstudys.com/sitepdfs/EpxSX7kgbQJJhhu6LfjD
        ✅ Saved: Untitled Document -> https://www.selfstudys.com/sitepdfs/EpxSX7kgbQJJhhu6LfjD
        ⚠️ No PDF link found for: Untitled Document
        ✅ Saved: 5रसायन विज्ञान - 2025-26 -> https://www.selfstudys.com/sitepdfs/Op7ehTZ8KxQaZskO0jAi
        ✅ Saved: Untitled Document -> https://www.selfstudys.com/sitepdfs/Op7ehTZ8KxQaZskO0jAi
        ⚠️ No PDF link found for: Untitled Document
        ✅ Saved: 6जीव विज्ञान - 2025-26 -> https://www.selfstudys.com/sitepdfs/x7kN2PO2WoV7oJ2EiB8I
        ✅ Saved: Untitled Document -> https://www.selfstudys.com/sitepdfs/x7kN2PO2WoV7oJ2EiB8I
        ⚠️ No PDF link found for: Untitled Document
        ✅ Saved: 7लेखाशास्त्र - 2025-26 -> https://www.selfstudys.com/sitepdfs/ML0hYCX8xQ8S2wA7rH9L
        ✅ Saved: Untitled Document -> https://www.selfstudys.com/sitepdfs/ML0hYCX8xQ8S2wA7rH9L
        ⚠️ No PDF link found for: Untitled Document
        ✅ Saved: 8व्यवसाय अध्ययन - 2025-26 -> https://www.selfstudys.com/sitepdfs/UJ84ArMSbDrLZPv69Yux
        ✅ Saved: Untitled Document -> https://www.selfstudys.com/sitepdfs/UJ84ArMSbDrLZPv69Yux
        ⚠️ No PDF link found for: Untitled Document
        ✅ Saved: 9अर्थशास्त्र - 2025-26 -> https://www.selfstudys.com/sitepdfs/v8z8hWPT6zgPpmq8ONda
        ✅ Saved: Untitled Document -> https://www.selfstudys.com/sitepdfs/v8z8hWPT6zgPpmq8ONda
        ⚠️ No PDF link found for: Untitled Document
        ✅ Saved: 10राजनीति विज्ञान - 2025-26 -> https://www.selfstudys.com/sitepdfs/5CACD0uunh4Kqbw43RUo
        ✅ Saved: Untitled Document -> https://www.selfstudys.com/sitepdfs/5CACD0uunh4Kqbw43RUo
        ⚠️ No PDF link found for: Untitled Document
        ✅ Saved: 11भूगोल - 2025-26 -> https://www.selfstudys.com/sitepdfs/Y5SwfDuHPmlKdTkKwcTo
        ✅ Saved: Untitled Document -> https://www.selfstudys.com/sitepdfs/Y5SwfDuHPmlKdTkKwcTo
        ⚠️ No PDF link found for: Untitled Document
        ✅ Saved: 12मनोविज्ञान - 2025-26 -> https://www.selfstudys.com/sitepdfs/zBPYHHp2hKCnrsod8Ekz
        ✅ Saved: Untitled Document -> https://www.selfstudys.com/sitepdfs/zBPYHHp2hKCnrsod8Ekz
        ⚠️ No PDF link found for: Untitled Document
        ✅ Saved: 13इतिहास - 2025-26 -> https://www.selfstudys.com/sitepdfs/tJkpEHP53mWVfmu4xbej
        ✅ Saved: Untitled Document -> https://www.selfstudys.com/sitepdfs/tJkpEHP53mWVfmu4xbej
        ⚠️ No PDF link found for: Untitled Document
        ✅ Saved: 14कंप्यूटर विज्ञान - 2025-26 -> https://www.selfstudys.com/sitepdfs/mz1nOgkzMv5kjjZsPXVV
        ✅ Saved: Untitled Document -> https://www.selfstudys.com/sitepdfs/mz1nOgkzMv5kjjZsPXVV
        ⚠️ No PDF link found for: Untitled Document
        ✅ Saved: 15गृह विज्ञान - 2025-26 -> https://www.selfstudys.com/sitepdfs/xHeLNw8d21X7G21Rx8UP
        ✅ Saved: Untitled Document -> https://www.selfstudys.com/sitepdfs/xHeLNw8d21X7G21Rx8UP
        ⚠️ No PDF link found for: Untitled Document
        ✅ Saved: 16समाजशास्त्र - 2025-26 -> https://www.selfstudys.com/sitepdfs/Lbf1GUNteJuJzTwAhNUX
        ✅ Saved: Untitled Document -> https://www.selfstudys.com/sitepdfs/Lbf1GUNteJuJzTwAhNUX
        ⚠️ No PDF link found for: Untitled Document
        ✅ Saved: 17दर्शनशास्त्र - 2025-26 -> https://www.selfstudys.com/sitepdfs/uUV6iEgFms6QGadUZAGU
        ✅ Saved: Untitled Document -> https://www.selfstudys.com/sitepdfs/uUV6iEgFms6QGadUZAGU
        ⚠️ No PDF link found for: Untitled Document
        ✅ Saved: 18हिंदी आधार - 2025-26 -> https://www.selfstudys.com/sitepdfs/LAfzLNyu9ZurFnxlPnKw
        ✅ Saved: Untitled Document -> https://www.selfstudys.com/sitepdfs/LAfzLNyu9ZurFnxlPnKw
        ⚠️ No PDF link found for: Untitled Document
        ✅ Saved: 19हिन्दी ऐच्छिक - 2025-26 -> https://www.selfstudys.com/sitepdfs/NbTY6xAL7upiaYy9DWWk
        ✅ Saved: Untitled Document -> https://www.selfstudys.com/sitepdfs/NbTY6xAL7upiaYy9DWWk
        ⚠️ No PDF link found for: Untitled Document
        ✅ Saved: 20संस्कृतम् - 2025-26 -> https://www.selfstudys.com/sitepdfs/v1AoUGS8gqcCImiKdZrk
        ✅ Saved: Untitled Document -> https://www.selfstudys.com/sitepdfs/v1AoUGS8gqcCImiKdZrk
        ⚠️ No PDF link found for: Untitled Document
        ✅ Saved: 21सैन्य विज्ञान - 2025-26 -> https://www.selfstudys.com/sitepdfs/IdqlTAZ1yJ1HLgvljcPS
        ✅ Saved: Untitled Document -> https://www.selfstudys.com/sitepdfs/IdqlTAZ1yJ1HLgvljcPS
        ⚠️ No PDF link found for: Untitled Document
        ✅ Saved: 22ललित कला - 2025-26 -> https://www.selfstudys.com/sitepdfs/RmbciJUw1GH517M9a4f4
        ✅ Saved: Untitled Document -> https://www.selfstudys.com/sitepdfs/RmbciJUw1GH517M9a4f4
        ⚠️ No PDF link found for: Untitled Document
        ✅ Saved: 23जैव प्रौद्योगिकी - 2025-26 -> https://www.selfstudys.com/sitepdfs/tmwHSbu4VWYxl7bXYqDj
        ✅ Saved: Untitled Document -> https://www.selfstudys.com/sitepdfs/tmwHSbu4VWYxl7bXYqDj
        ⚠️ No PDF link found for: Untitled Document
        ✅ Saved: 24लोक प्रशासन - 2025-26 -> https://www.selfstudys.com/sitepdfs/wxNe7UefVA0OoHI5uOhy
        ✅ Saved: Untitled Document -> https://www.selfstudys.com/sitepdfs/wxNe7UefVA0OoHI5uOhy
        ⚠️ No PDF link found for: Untitled Document
        ✅ Saved: 25शारीरिक शिक्षा - 2025-26 -> https://www.selfstudys.com/sitepdfs/0y8X88VF1snH8UGN3O3b
        ✅ Saved: Untitled Document -> https://www.selfstudys.com/sitepdfs/0y8X88VF1snH8UGN3O3b
        ⚠️ No PDF link found for: Untitled Document
        ✅ Saved: 26नृत्य - 2025-26 -> https://www.selfstudys.com/sitepdfs/plIMqHGgBTtclYuMtQQo
        ✅ Saved: Untitled Document -> https://www.selfstudys.com/sitepdfs/plIMqHGgBTtclYuMtQQo
        ⚠️ No PDF link found for: Untitled Document
        ✅ Saved: 27उद्यमवृत्ति - 2025-26 -> https://www.selfstudys.com/sitepdfs/mQq3y0TQALAJe28B2jHp
        ✅ Saved: Untitled Document -> https://www.selfstudys.com/sitepdfs/mQq3y0TQALAJe28B2jHp
        ⚠️ No PDF link found for: Untitled Document
        ✅ Saved: 28हिन्दुस्तानी संगीत तबला - 2025-26 -> https://www.selfstudys.com/sitepdfs/OyctNOfRF5IPzst1RuIL
        ✅ Saved: Untitled Document -> https://www.selfstudys.com/sitepdfs/OyctNOfRF5IPzst1RuIL
        ⚠️ No PDF link found for: Untitled Document
        ✅ Saved: 29हिन्दुस्तानी संगीत वादन - 2025-26 -> https://www.selfstudys.com/sitepdfs/Tk5FtGtLHOolwjVhfZDl
        ✅ Saved: Untitled Document -> https://www.selfstudys.com/sitepdfs/Tk5FtGtLHOolwjVhfZDl
        ⚠️ No PDF link found for: Untitled Document
        ✅ Saved: 30हिन्दुस्तानी संगीत गायन - 2025-26 -> https://www.selfstudys.com/sitepdfs/ddj1dOilOv01ICuoxo8t
        ✅ Saved: Untitled Document -> https://www.selfstudys.com/sitepdfs/ddj1dOilOv01ICuoxo8t
        ⚠️ No PDF link found for: Untitled Document
        ❌ Error scraping PDF page https://www.selfstudys.com/books/haryana/state-books/class-12th/syllabus/oss-english-2025-26/1169418: aborted
        ✅ Saved: Untitled Document -> https://www.selfstudys.com/sitepdfs/vcot5Xc4B303nbJqdzpY
        ⚠️ No PDF link found for: Untitled Document
        ✅ Saved: 32ओ.एस.एस. हिन्दी - 2025-26 -> https://www.selfstudys.com/sitepdfs/sfhXTmyL2d0ixWUjAscV
        ✅ Saved: Untitled Document -> https://www.selfstudys.com/sitepdfs/sfhXTmyL2d0ixWUjAscV
        ⚠️ No PDF link found for: Untitled Document
        ✅ Saved: 33पंजाबी - 2025-26 -> https://www.selfstudys.com/sitepdfs/L2APb5gHrDWjPh501WHq
        ✅ Saved: Untitled Document -> https://www.selfstudys.com/sitepdfs/L2APb5gHrDWjPh501WHq
        ⚠️ No PDF link found for: Untitled Document
        ✅ Saved: 34उर्दू - 2025-26 -> https://www.selfstudys.com/sitepdfs/fDIjQ04G9GeGuu60or7u
        ✅ Saved: Untitled Document -> https://www.selfstudys.com/sitepdfs/fDIjQ04G9GeGuu60or7u
        ⚠️ No PDF link found for: Untitled Document
        ✅ Saved: 35कृषि - 2025-26 -> https://www.selfstudys.com/sitepdfs/wFon6kqoeFDxeSq7uSnC
        ✅ Saved: Untitled Document -> https://www.selfstudys.com/sitepdfs/wFon6kqoeFDxeSq7uSnC
        ⚠️ No PDF link found for: Untitled Document
        ✅ Saved: 36English (Special) - 2025-26 -> https://www.selfstudys.com/sitepdfs/0XYoI5ApwBJpK9CkRovk
        ✅ Saved: Untitled Document -> https://www.selfstudys.com/sitepdfs/0XYoI5ApwBJpK9CkRovk
        ⚠️ No PDF link found for: Untitled Document
        ✅ Saved: 37English Core - 2024-25 -> https://www.selfstudys.com/sitepdfs/iSftM1QHO3xV5DuycpyT
        ✅ Saved: Untitled Document -> https://www.selfstudys.com/sitepdfs/iSftM1QHO3xV5DuycpyT
        ⚠️ No PDF link found for: Untitled Document
        ✅ Saved: 38English Elective - 2024-25 -> https://www.selfstudys.com/sitepdfs/6PPe209OfPGRqalcV6ab
        ✅ Saved: Untitled Document -> https://www.selfstudys.com/sitepdfs/6PPe209OfPGRqalcV6ab
        ⚠️ No PDF link found for: Untitled Document
        ✅ Saved: 39Maths - 2024-25 -> https://www.selfstudys.com/sitepdfs/kTKYiIGyDoi1Ar3fHczE
        ✅ Saved: Untitled Document -> https://www.selfstudys.com/sitepdfs/kTKYiIGyDoi1Ar3fHczE
        ⚠️ No PDF link found for: Untitled Document
        ✅ Saved: 40Physics - 2024-25 -> https://www.selfstudys.com/sitepdfs/kaMDPQ5QkzSqRFYfL99h
        ✅ Saved: Untitled Document -> https://www.selfstudys.com/sitepdfs/kaMDPQ5QkzSqRFYfL99h
        ⚠️ No PDF link found for: Untitled Document
        ✅ Saved: 41Chemistry - 2024-25 -> https://www.selfstudys.com/sitepdfs/QKCzdfTmG6iL4id5ZP0E
        ✅ Saved: Untitled Document -> https://www.selfstudys.com/sitepdfs/QKCzdfTmG6iL4id5ZP0E
        ⚠️ No PDF link found for: Untitled Document
        ✅ Saved: 42Biology - 2024-25 -> https://www.selfstudys.com/sitepdfs/153uoYhdACJsH6IHCnKO
        ✅ Saved: Untitled Document -> https://www.selfstudys.com/sitepdfs/153uoYhdACJsH6IHCnKO
        ⚠️ No PDF link found for: Untitled Document
        ✅ Saved: 43Accountancy - 2024-25 -> https://www.selfstudys.com/sitepdfs/P7ibOacIYk5cc0ZIldpw
        ✅ Saved: Untitled Document -> https://www.selfstudys.com/sitepdfs/P7ibOacIYk5cc0ZIldpw
        ⚠️ No PDF link found for: Untitled Document
        ✅ Saved: 44Business Studies - 2024-25 -> https://www.selfstudys.com/sitepdfs/E48ffyGVmaGcTbeC0eZ8
        ✅ Saved: Untitled Document -> https://www.selfstudys.com/sitepdfs/E48ffyGVmaGcTbeC0eZ8
        ⚠️ No PDF link found for: Untitled Document
        ✅ Saved: 45Economics - 2024-25 -> https://www.selfstudys.com/sitepdfs/DakmT0y3cgK0wU9Md2LY
        ✅ Saved: Untitled Document -> https://www.selfstudys.com/sitepdfs/DakmT0y3cgK0wU9Md2LY
        ⚠️ No PDF link found for: Untitled Document
        ✅ Saved: 46Political Science - 2024-25 -> https://www.selfstudys.com/sitepdfs/shR3D34HgyP2GSjUbtwr
        ✅ Saved: Untitled Document -> https://www.selfstudys.com/sitepdfs/shR3D34HgyP2GSjUbtwr
        ⚠️ No PDF link found for: Untitled Document
        ✅ Saved: 47Geography - 2024-25 -> https://www.selfstudys.com/sitepdfs/fdbbFVrwBVZMCtx963Ek
        ✅ Saved: Untitled Document -> https://www.selfstudys.com/sitepdfs/fdbbFVrwBVZMCtx963Ek
        ⚠️ No PDF link found for: Untitled Document
        ✅ Saved: 48Psychology - 2024-25 -> https://www.selfstudys.com/sitepdfs/BdniDnjX3PhJBXvMmAFx
        ✅ Saved: Untitled Document -> https://www.selfstudys.com/sitepdfs/BdniDnjX3PhJBXvMmAFx
        ⚠️ No PDF link found for: Untitled Document
        ✅ Saved: 49History - 2024-25 -> https://www.selfstudys.com/sitepdfs/k82HbUs1qprvQJ32aYOz
        ✅ Saved: Untitled Document -> https://www.selfstudys.com/sitepdfs/k82HbUs1qprvQJ32aYOz
        ⚠️ No PDF link found for: Untitled Document
        ✅ Saved: 50Computer Science - 2024-25 -> https://www.selfstudys.com/sitepdfs/tO8tIBonx1MowLq0qKJZ
        ✅ Saved: Untitled Document -> https://www.selfstudys.com/sitepdfs/tO8tIBonx1MowLq0qKJZ
        ⚠️ No PDF link found for: Untitled Document
      Scraping Subject: Haryana Board Model Paper (URL: https://www.selfstudys.com/books/haryana/state-books/class-12th/model-paper/14067)
        Found 150 PDF items for subject Haryana Board Model Paper.
        ✅ Saved: 1English Core - 2025-26 -> https://www.selfstudys.com/sitepdfs/z1fqRRSZixswY9vFY8by
        ✅ Saved: Untitled Document -> https://www.selfstudys.com/sitepdfs/z1fqRRSZixswY9vFY8by
        ⚠️ No PDF link found for: Untitled Document
        ✅ Saved: 2English Elective - 2025-26 -> https://www.selfstudys.com/sitepdfs/Qbz6uXypjW4A0f6REZIU
        ✅ Saved: Untitled Document -> https://www.selfstudys.com/sitepdfs/Qbz6uXypjW4A0f6REZIU
        ⚠️ No PDF link found for: Untitled Document
        ✅ Saved: 3English Special - 2025-26 -> https://www.selfstudys.com/sitepdfs/lRHW9t8Ntp3EcT9cg6K3
        ✅ Saved: Untitled Document -> https://www.selfstudys.com/sitepdfs/lRHW9t8Ntp3EcT9cg6K3
        ⚠️ No PDF link found for: Untitled Document
        ✅ Saved: 4OSS English - 2025-26 -> https://www.selfstudys.com/sitepdfs/8NtxsUDv7EoyELXEhe4i
        ✅ Saved: Untitled Document -> https://www.selfstudys.com/sitepdfs/8NtxsUDv7EoyELXEhe4i
        ⚠️ No PDF link found for: Untitled Document
        ✅ Saved: 5Hindi Elective - 2025-26 -> https://www.selfstudys.com/sitepdfs/VyrZWtHDZAONGFe2FsRK
        ✅ Saved: Untitled Document -> https://www.selfstudys.com/sitepdfs/VyrZWtHDZAONGFe2FsRK
        ⚠️ No PDF link found for: Untitled Document
        ✅ Saved: 6OSS Hindi - 2025-26 -> https://www.selfstudys.com/sitepdfs/Kh1j6kfHmksc2LeLBDoJ
        ✅ Saved: Untitled Document -> https://www.selfstudys.com/sitepdfs/Kh1j6kfHmksc2LeLBDoJ
        ⚠️ No PDF link found for: Untitled Document
        ✅ Saved: 7Maths - 2025-26 -> https://www.selfstudys.com/sitepdfs/TEFe3Mn0gSw7SAYCpdFT
        ✅ Saved: Untitled Document -> https://www.selfstudys.com/sitepdfs/TEFe3Mn0gSw7SAYCpdFT
        ⚠️ No PDF link found for: Untitled Document
        ✅ Saved: 8Physics - 2025-26 -> https://www.selfstudys.com/sitepdfs/KKgB64NO1lzwTDb0k2SW
        ✅ Saved: Untitled Document -> https://www.selfstudys.com/sitepdfs/KKgB64NO1lzwTDb0k2SW
        ⚠️ No PDF link found for: Untitled Document
        ✅ Saved: 9Chemistry - 2025-26 -> https://www.selfstudys.com/sitepdfs/9in0yaW3G5NpGbfHmpxE
        ✅ Saved: Untitled Document -> https://www.selfstudys.com/sitepdfs/9in0yaW3G5NpGbfHmpxE
        ⚠️ No PDF link found for: Untitled Document
        ✅ Saved: 10Biology - 2025-26 -> https://www.selfstudys.com/sitepdfs/SGnNaqSHKDfMohe7ZIqD
        ✅ Saved: Untitled Document -> https://www.selfstudys.com/sitepdfs/SGnNaqSHKDfMohe7ZIqD
        ⚠️ No PDF link found for: Untitled Document
        ✅ Saved: 11Computer Science - 2025-26 -> https://www.selfstudys.com/sitepdfs/VQsVlvTisgEmdTKDqMjJ
        ✅ Saved: Untitled Document -> https://www.selfstudys.com/sitepdfs/VQsVlvTisgEmdTKDqMjJ
        ⚠️ No PDF link found for: Untitled Document
        ✅ Saved: 12Accountancy - 2025-26 -> https://www.selfstudys.com/sitepdfs/M0LkSzB7G4VG06m4zqNc
        ✅ Saved: Untitled Document -> https://www.selfstudys.com/sitepdfs/M0LkSzB7G4VG06m4zqNc
        ⚠️ No PDF link found for: Untitled Document
        ✅ Saved: 13Home Science - 2025-26 -> https://www.selfstudys.com/sitepdfs/iNuQp8LtG7IjN0QudmSW
        ✅ Saved: Untitled Document -> https://www.selfstudys.com/sitepdfs/iNuQp8LtG7IjN0QudmSW
        ⚠️ No PDF link found for: Untitled Document
        ✅ Saved: 14Economics - 2025-26 -> https://www.selfstudys.com/sitepdfs/1jeJnBJk7GJBksHuAsOu
        ✅ Saved: Untitled Document -> https://www.selfstudys.com/sitepdfs/1jeJnBJk7GJBksHuAsOu
        ⚠️ No PDF link found for: Untitled Document
        ✅ Saved: 15History - 2025-26 -> https://www.selfstudys.com/sitepdfs/FlbVtfrGYanyWvY2V0YT
        ✅ Saved: Untitled Document -> https://www.selfstudys.com/sitepdfs/FlbVtfrGYanyWvY2V0YT
        ⚠️ No PDF link found for: Untitled Document
        ✅ Saved: 16Geography - 2025-26 -> https://www.selfstudys.com/sitepdfs/LNLPqUoIbvXxSqzruZvt
        ✅ Saved: Untitled Document -> https://www.selfstudys.com/sitepdfs/LNLPqUoIbvXxSqzruZvt
        ⚠️ No PDF link found for: Untitled Document
        ✅ Saved: 17Political Science - 2025-26 -> https://www.selfstudys.com/sitepdfs/4Tr89pcqLzGw6LZpVhmT
        ✅ Saved: Untitled Document -> https://www.selfstudys.com/sitepdfs/4Tr89pcqLzGw6LZpVhmT
        ⚠️ No PDF link found for: Untitled Document
        ✅ Saved: 18Philosophy - 2025-26 -> https://www.selfstudys.com/sitepdfs/EiDVb8PqnbQYo7qx4lhA
        ✅ Saved: Untitled Document -> https://www.selfstudys.com/sitepdfs/EiDVb8PqnbQYo7qx4lhA
        ⚠️ No PDF link found for: Untitled Document
        ✅ Saved: 19Sociology - 2025-26 -> https://www.selfstudys.com/sitepdfs/mxFGdpl0RAJ3CyfJmKML
        ✅ Saved: Untitled Document -> https://www.selfstudys.com/sitepdfs/mxFGdpl0RAJ3CyfJmKML
        ⚠️ No PDF link found for: Untitled Document
        ✅ Saved: 20Physical Education - 2025-26 -> https://www.selfstudys.com/sitepdfs/cT8Hd36FnioyZiPi6YCn
        ✅ Saved: Untitled Document -> https://www.selfstudys.com/sitepdfs/cT8Hd36FnioyZiPi6YCn
        ⚠️ No PDF link found for: Untitled Document
        ✅ Saved: 21Psychology - 2025-26 -> https://www.selfstudys.com/sitepdfs/UNvSjNr0qlpf2SgXe1vJ
        ✅ Saved: Untitled Document -> https://www.selfstudys.com/sitepdfs/UNvSjNr0qlpf2SgXe1vJ
        ⚠️ No PDF link found for: Untitled Document
        ✅ Saved: 22Biotechnology - 2025-26 -> https://www.selfstudys.com/sitepdfs/C1nm9jBTS3TtlxkooDQH
        ✅ Saved: Untitled Document -> https://www.selfstudys.com/sitepdfs/C1nm9jBTS3TtlxkooDQH
        ⚠️ No PDF link found for: Untitled Document
        ✅ Saved: 23Public Administration - 2025-26 -> https://www.selfstudys.com/sitepdfs/zfjdYfJipFNPKlUwMNd8
        ✅ Saved: Untitled Document -> https://www.selfstudys.com/sitepdfs/zfjdYfJipFNPKlUwMNd8
        ❌ Error scraping PDF page https://www.selfstudys.com/advance-pdf-viewer/haryana/state-books/class-12th/model-paper/public-administration-2025-26/1182530: aborted
        ✅ Saved: 24Sanskrit - 2025-26 -> https://www.selfstudys.com/sitepdfs/oGnuy3R0IZAZ67lWRib2
        ✅ Saved: Untitled Document -> https://www.selfstudys.com/sitepdfs/oGnuy3R0IZAZ67lWRib2
        ⚠️ No PDF link found for: Untitled Document
        ✅ Saved: 25Urdu - 2025-26 -> https://www.selfstudys.com/sitepdfs/dmzevLRdsfFYHQAg9WqJ
        ✅ Saved: Untitled Document -> https://www.selfstudys.com/sitepdfs/dmzevLRdsfFYHQAg9WqJ
        ⚠️ No PDF link found for: Untitled Document
        ✅ Saved: 26English Core - 2024-25 -> https://www.selfstudys.com/sitepdfs/DblRlNxvmenpyNz4w7Nu
        ✅ Saved: Untitled Document -> https://www.selfstudys.com/sitepdfs/DblRlNxvmenpyNz4w7Nu
        ⚠️ No PDF link found for: Untitled Document
        ✅ Saved: 27English Elective - 2024-25 -> https://www.selfstudys.com/sitepdfs/3HymffqHQio8NpAmWNNL
        ✅ Saved: Untitled Document -> https://www.selfstudys.com/sitepdfs/3HymffqHQio8NpAmWNNL
        ⚠️ No PDF link found for: Untitled Document
        ✅ Saved: 28Hindi Core - 2024-25 -> https://www.selfstudys.com/sitepdfs/tCEvnjgixNzbVyC2ilYS
        ✅ Saved: Untitled Document -> https://www.selfstudys.com/sitepdfs/tCEvnjgixNzbVyC2ilYS
        ⚠️ No PDF link found for: Untitled Document
        ✅ Saved: 29Hindi Elective - 2024-25 -> https://www.selfstudys.com/sitepdfs/O2ZZMa4hXuP9VQtDLuKs
        ✅ Saved: Untitled Document -> https://www.selfstudys.com/sitepdfs/O2ZZMa4hXuP9VQtDLuKs
        ⚠️ No PDF link found for: Untitled Document
        ✅ Saved: 30Maths - 2024-25 -> https://www.selfstudys.com/sitepdfs/lvwZzfKW1NdYsC7BMlqt
        ✅ Saved: Untitled Document -> https://www.selfstudys.com/sitepdfs/lvwZzfKW1NdYsC7BMlqt
        ⚠️ No PDF link found for: Untitled Document
        ✅ Saved: 31Physics - 2024-25 -> https://www.selfstudys.com/sitepdfs/NiLMif1o4ig9OjzISuF8
        ✅ Saved: Untitled Document -> https://www.selfstudys.com/sitepdfs/NiLMif1o4ig9OjzISuF8
        ⚠️ No PDF link found for: Untitled Document
        ✅ Saved: 32Chemistry - 2024-25 -> https://www.selfstudys.com/sitepdfs/Pevo8dYsejk0lAza8VqB
        ✅ Saved: Untitled Document -> https://www.selfstudys.com/sitepdfs/Pevo8dYsejk0lAza8VqB
        ⚠️ No PDF link found for: Untitled Document
        ✅ Saved: 33Biology - 2024-25 -> https://www.selfstudys.com/sitepdfs/hd5uyaX2Dqe9jKKur3B6
        ✅ Saved: Untitled Document -> https://www.selfstudys.com/sitepdfs/hd5uyaX2Dqe9jKKur3B6
        ⚠️ No PDF link found for: Untitled Document
        ✅ Saved: 34Computer Science - 2024-25 -> https://www.selfstudys.com/sitepdfs/z0ZZlJI3KqkmZb2zQck8
        ❌ Error scraping PDF page https://www.selfstudys.com/books/haryana/state-books/class-12th/model-paper/computer-science-2024-25/1142020: aborted
        ⚠️ No PDF link found for: Untitled Document
        ✅ Saved: 35Accountancy - 2024-25 -> https://www.selfstudys.com/sitepdfs/PfSsoovDr31cZWbfEIdM
        ✅ Saved: Untitled Document -> https://www.selfstudys.com/sitepdfs/PfSsoovDr31cZWbfEIdM
        ⚠️ No PDF link found for: Untitled Document
        ✅ Saved: 36Business Studies- 2024-25 -> https://www.selfstudys.com/sitepdfs/LTkArNcFdyNqFnMZHUm6
        ✅ Saved: Untitled Document -> https://www.selfstudys.com/sitepdfs/LTkArNcFdyNqFnMZHUm6
        ⚠️ No PDF link found for: Untitled Document
        ✅ Saved: 37Economics - 2024-25 -> https://www.selfstudys.com/sitepdfs/VmsoJOFhpdLfgW1ZMe0i
        ✅ Saved: Untitled Document -> https://www.selfstudys.com/sitepdfs/VmsoJOFhpdLfgW1ZMe0i
        ⚠️ No PDF link found for: Untitled Document
        ✅ Saved: 38Geography - 2024-25 -> https://www.selfstudys.com/sitepdfs/pTGAuWkwKzC7rpEy4097
        ✅ Saved: Untitled Document -> https://www.selfstudys.com/sitepdfs/pTGAuWkwKzC7rpEy4097
        ⚠️ No PDF link found for: Untitled Document
        ✅ Saved: 39History - 2024-25 -> https://www.selfstudys.com/sitepdfs/CvI83oWFs4aIGmbOG1xN
        ✅ Saved: Untitled Document -> https://www.selfstudys.com/sitepdfs/CvI83oWFs4aIGmbOG1xN
        ⚠️ No PDF link found for: Untitled Document
        ✅ Saved: 40Home Science - 2024-25 -> https://www.selfstudys.com/sitepdfs/7rvsdLu7YWtyOsxsQp6U
        ✅ Saved: Untitled Document -> https://www.selfstudys.com/sitepdfs/7rvsdLu7YWtyOsxsQp6U
        ⚠️ No PDF link found for: Untitled Document
        ✅ Saved: 41Political Science - 2024-25 -> https://www.selfstudys.com/sitepdfs/9WmZwDG2e7IkVLPHlHen
        ✅ Saved: Untitled Document -> https://www.selfstudys.com/sitepdfs/9WmZwDG2e7IkVLPHlHen
        ⚠️ No PDF link found for: Untitled Document
        ✅ Saved: 42Physical Education - 2024-25 -> https://www.selfstudys.com/sitepdfs/Q7YnDeCYpawAGpB1IUNy
        ✅ Saved: Untitled Document -> https://www.selfstudys.com/sitepdfs/Q7YnDeCYpawAGpB1IUNy
        ⚠️ No PDF link found for: Untitled Document
        ✅ Saved: 43Philosophy - 2024-25 -> https://www.selfstudys.com/sitepdfs/dIwW0DKvVevETKr1RaAE
        ✅ Saved: Untitled Document -> https://www.selfstudys.com/sitepdfs/dIwW0DKvVevETKr1RaAE
        ⚠️ No PDF link found for: Untitled Document
        ❌ Error scraping PDF page https://www.selfstudys.com/books/haryana/state-books/class-12th/model-paper/psychology-2024-25/1142010: aborted
        ✅ Saved: Untitled Document -> https://www.selfstudys.com/sitepdfs/h7bd1agM8eRfeD4rP1Y9
        ⚠️ No PDF link found for: Untitled Document
        ✅ Saved: 45Sociology - 2024-25 -> https://www.selfstudys.com/sitepdfs/AiIpNOiAOUDhyjybmFo7
        ✅ Saved: Untitled Document -> https://www.selfstudys.com/sitepdfs/AiIpNOiAOUDhyjybmFo7
        ⚠️ No PDF link found for: Untitled Document
        ✅ Saved: 46Biotechnology - 2024-25 -> https://www.selfstudys.com/sitepdfs/1mzFsw8NYTZvMMA6R9hl
        ✅ Saved: Untitled Document -> https://www.selfstudys.com/sitepdfs/1mzFsw8NYTZvMMA6R9hl
        ⚠️ No PDF link found for: Untitled Document
        ✅ Saved: 47Public Administration in English - 2024-25 -> https://www.selfstudys.com/sitepdfs/HXbFPD586F6rwKexyxxp
        ✅ Saved: Untitled Document -> https://www.selfstudys.com/sitepdfs/HXbFPD586F6rwKexyxxp
        ⚠️ No PDF link found for: Untitled Document
        ✅ Saved: 48Public Administration in Hindi - 2024-25 -> https://www.selfstudys.com/sitepdfs/qDDQhT9lbwZAuAUEkN6I
        ✅ Saved: Untitled Document -> https://www.selfstudys.com/sitepdfs/qDDQhT9lbwZAuAUEkN6I
        ⚠️ No PDF link found for: Untitled Document
        ✅ Saved: 49Entrepreneurship - 2024-25 -> https://www.selfstudys.com/sitepdfs/fbksaPQsz3zPogHdcgLj
        ✅ Saved: Untitled Document -> https://www.selfstudys.com/sitepdfs/fbksaPQsz3zPogHdcgLj
        ⚠️ No PDF link found for: Untitled Document
        ✅ Saved: 50Fine Arts - 2024-25 -> https://www.selfstudys.com/sitepdfs/Mtc5w6bndWC0hn57F0v9
        ✅ Saved: Untitled Document -> https://www.selfstudys.com/sitepdfs/Mtc5w6bndWC0hn57F0v9
        ⚠️ No PDF link found for: Untitled Document
      Scraping Subject: Haryana Board Class 12th Syllabus (URL: https://www.selfstudys.com/books/haryana/state-books/class-12th/syllabus/13954)
        Found 150 PDF items for subject Haryana Board Class 12th Syllabus.
        ✅ Saved: 1English (Core) - 2025-26 -> https://www.selfstudys.com/sitepdfs/uuUurFZBITUaPJcFuOu5
        ✅ Saved: Untitled Document -> https://www.selfstudys.com/sitepdfs/uuUurFZBITUaPJcFuOu5
        ⚠️ No PDF link found for: Untitled Document
        ✅ Saved: 2English (Elective) - 2025-26 -> https://www.selfstudys.com/sitepdfs/qLcg4BnEGlBTu1vPIOod
        ✅ Saved: Untitled Document -> https://www.selfstudys.com/sitepdfs/qLcg4BnEGlBTu1vPIOod
        ⚠️ No PDF link found for: Untitled Document
        ✅ Saved: 3गणित - 2025-26 -> https://www.selfstudys.com/sitepdfs/PpIQSIPQpIXki7fA7TjZ
        ✅ Saved: Untitled Document -> https://www.selfstudys.com/sitepdfs/PpIQSIPQpIXki7fA7TjZ
        ⚠️ No PDF link found for: Untitled Document
        ✅ Saved: 4भौतिक विज्ञान - 2025-26 -> https://www.selfstudys.com/sitepdfs/EpxSX7kgbQJJhhu6LfjD
        ✅ Saved: Untitled Document -> https://www.selfstudys.com/sitepdfs/EpxSX7kgbQJJhhu6LfjD
        ⚠️ No PDF link found for: Untitled Document
        ✅ Saved: 5रसायन विज्ञान - 2025-26 -> https://www.selfstudys.com/sitepdfs/Op7ehTZ8KxQaZskO0jAi
        ✅ Saved: Untitled Document -> https://www.selfstudys.com/sitepdfs/Op7ehTZ8KxQaZskO0jAi
        ⚠️ No PDF link found for: Untitled Document
        ✅ Saved: 6जीव विज्ञान - 2025-26 -> https://www.selfstudys.com/sitepdfs/x7kN2PO2WoV7oJ2EiB8I
        ✅ Saved: Untitled Document -> https://www.selfstudys.com/sitepdfs/x7kN2PO2WoV7oJ2EiB8I
        ⚠️ No PDF link found for: Untitled Document
        ✅ Saved: 7लेखाशास्त्र - 2025-26 -> https://www.selfstudys.com/sitepdfs/ML0hYCX8xQ8S2wA7rH9L
        ✅ Saved: Untitled Document -> https://www.selfstudys.com/sitepdfs/ML0hYCX8xQ8S2wA7rH9L
        ⚠️ No PDF link found for: Untitled Document
        ✅ Saved: 8व्यवसाय अध्ययन - 2025-26 -> https://www.selfstudys.com/sitepdfs/UJ84ArMSbDrLZPv69Yux
        ❌ Error scraping PDF page https://www.selfstudys.com/books/haryana/state-books/class-12th/syllabus/business-studies-2025-26/1169451: aborted
        ⚠️ No PDF link found for: Untitled Document
        ✅ Saved: 9अर्थशास्त्र - 2025-26 -> https://www.selfstudys.com/sitepdfs/v8z8hWPT6zgPpmq8ONda
        ✅ Saved: Untitled Document -> https://www.selfstudys.com/sitepdfs/v8z8hWPT6zgPpmq8ONda
        ⚠️ No PDF link found for: Untitled Document
        ✅ Saved: 10राजनीति विज्ञान - 2025-26 -> https://www.selfstudys.com/sitepdfs/5CACD0uunh4Kqbw43RUo
        ✅ Saved: Untitled Document -> https://www.selfstudys.com/sitepdfs/5CACD0uunh4Kqbw43RUo
        ⚠️ No PDF link found for: Untitled Document
        ✅ Saved: 11भूगोल - 2025-26 -> https://www.selfstudys.com/sitepdfs/Y5SwfDuHPmlKdTkKwcTo
        ✅ Saved: Untitled Document -> https://www.selfstudys.com/sitepdfs/Y5SwfDuHPmlKdTkKwcTo
        ⚠️ No PDF link found for: Untitled Document
        ✅ Saved: 12मनोविज्ञान - 2025-26 -> https://www.selfstudys.com/sitepdfs/zBPYHHp2hKCnrsod8Ekz
        ✅ Saved: Untitled Document -> https://www.selfstudys.com/sitepdfs/zBPYHHp2hKCnrsod8Ekz
        ⚠️ No PDF link found for: Untitled Document
        ✅ Saved: 13इतिहास - 2025-26 -> https://www.selfstudys.com/sitepdfs/tJkpEHP53mWVfmu4xbej
        ✅ Saved: Untitled Document -> https://www.selfstudys.com/sitepdfs/tJkpEHP53mWVfmu4xbej
        ⚠️ No PDF link found for: Untitled Document
        ✅ Saved: 14कंप्यूटर विज्ञान - 2025-26 -> https://www.selfstudys.com/sitepdfs/mz1nOgkzMv5kjjZsPXVV
        ✅ Saved: Untitled Document -> https://www.selfstudys.com/sitepdfs/mz1nOgkzMv5kjjZsPXVV
        ⚠️ No PDF link found for: Untitled Document
        ✅ Saved: 15गृह विज्ञान - 2025-26 -> https://www.selfstudys.com/sitepdfs/xHeLNw8d21X7G21Rx8UP
        ✅ Saved: Untitled Document -> https://www.selfstudys.com/sitepdfs/xHeLNw8d21X7G21Rx8UP
        ⚠️ No PDF link found for: Untitled Document
        ✅ Saved: 16समाजशास्त्र - 2025-26 -> https://www.selfstudys.com/sitepdfs/Lbf1GUNteJuJzTwAhNUX
        ✅ Saved: Untitled Document -> https://www.selfstudys.com/sitepdfs/Lbf1GUNteJuJzTwAhNUX
        ⚠️ No PDF link found for: Untitled Document
        ✅ Saved: 17दर्शनशास्त्र - 2025-26 -> https://www.selfstudys.com/sitepdfs/uUV6iEgFms6QGadUZAGU
        ✅ Saved: Untitled Document -> https://www.selfstudys.com/sitepdfs/uUV6iEgFms6QGadUZAGU
        ⚠️ No PDF link found for: Untitled Document
        ✅ Saved: 18हिंदी आधार - 2025-26 -> https://www.selfstudys.com/sitepdfs/LAfzLNyu9ZurFnxlPnKw
        ✅ Saved: Untitled Document -> https://www.selfstudys.com/sitepdfs/LAfzLNyu9ZurFnxlPnKw
        ⚠️ No PDF link found for: Untitled Document
        ✅ Saved: 19हिन्दी ऐच्छिक - 2025-26 -> https://www.selfstudys.com/sitepdfs/NbTY6xAL7upiaYy9DWWk
        ✅ Saved: Untitled Document -> https://www.selfstudys.com/sitepdfs/NbTY6xAL7upiaYy9DWWk
        ⚠️ No PDF link found for: Untitled Document
        ✅ Saved: 20संस्कृतम् - 2025-26 -> https://www.selfstudys.com/sitepdfs/v1AoUGS8gqcCImiKdZrk
        ✅ Saved: Untitled Document -> https://www.selfstudys.com/sitepdfs/v1AoUGS8gqcCImiKdZrk
        ⚠️ No PDF link found for: Untitled Document
        ✅ Saved: 21सैन्य विज्ञान - 2025-26 -> https://www.selfstudys.com/sitepdfs/IdqlTAZ1yJ1HLgvljcPS
        ✅ Saved: Untitled Document -> https://www.selfstudys.com/sitepdfs/IdqlTAZ1yJ1HLgvljcPS
        ⚠️ No PDF link found for: Untitled Document
        ✅ Saved: 22ललित कला - 2025-26 -> https://www.selfstudys.com/sitepdfs/RmbciJUw1GH517M9a4f4
        ✅ Saved: Untitled Document -> https://www.selfstudys.com/sitepdfs/RmbciJUw1GH517M9a4f4
        ⚠️ No PDF link found for: Untitled Document
        ✅ Saved: 23जैव प्रौद्योगिकी - 2025-26 -> https://www.selfstudys.com/sitepdfs/tmwHSbu4VWYxl7bXYqDj
        ✅ Saved: Untitled Document -> https://www.selfstudys.com/sitepdfs/tmwHSbu4VWYxl7bXYqDj
        ⚠️ No PDF link found for: Untitled Document
        ✅ Saved: 24लोक प्रशासन - 2025-26 -> https://www.selfstudys.com/sitepdfs/wxNe7UefVA0OoHI5uOhy
        ✅ Saved: Untitled Document -> https://www.selfstudys.com/sitepdfs/wxNe7UefVA0OoHI5uOhy
        ⚠️ No PDF link found for: Untitled Document
        ✅ Saved: 25शारीरिक शिक्षा - 2025-26 -> https://www.selfstudys.com/sitepdfs/0y8X88VF1snH8UGN3O3b
        ✅ Saved: Untitled Document -> https://www.selfstudys.com/sitepdfs/0y8X88VF1snH8UGN3O3b
        ⚠️ No PDF link found for: Untitled Document
        ✅ Saved: 26नृत्य - 2025-26 -> https://www.selfstudys.com/sitepdfs/plIMqHGgBTtclYuMtQQo
        ✅ Saved: Untitled Document -> https://www.selfstudys.com/sitepdfs/plIMqHGgBTtclYuMtQQo
        ⚠️ No PDF link found for: Untitled Document
        ✅ Saved: 27उद्यमवृत्ति - 2025-26 -> https://www.selfstudys.com/sitepdfs/mQq3y0TQALAJe28B2jHp
        ✅ Saved: Untitled Document -> https://www.selfstudys.com/sitepdfs/mQq3y0TQALAJe28B2jHp
        ⚠️ No PDF link found for: Untitled Document
        ✅ Saved: 28हिन्दुस्तानी संगीत तबला - 2025-26 -> https://www.selfstudys.com/sitepdfs/OyctNOfRF5IPzst1RuIL
        ✅ Saved: Untitled Document -> https://www.selfstudys.com/sitepdfs/OyctNOfRF5IPzst1RuIL
        ⚠️ No PDF link found for: Untitled Document
        ✅ Saved: 29हिन्दुस्तानी संगीत वादन - 2025-26 -> https://www.selfstudys.com/sitepdfs/Tk5FtGtLHOolwjVhfZDl
        ✅ Saved: Untitled Document -> https://www.selfstudys.com/sitepdfs/Tk5FtGtLHOolwjVhfZDl
        ⚠️ No PDF link found for: Untitled Document
        ❌ Error scraping PDF page https://www.selfstudys.com/books/haryana/state-books/class-12th/syllabus/hindustaanee-sangeet-gaayan-2025-26/1169419: aborted
        ✅ Saved: Untitled Document -> https://www.selfstudys.com/sitepdfs/ddj1dOilOv01ICuoxo8t
        ⚠️ No PDF link found for: Untitled Document
        ✅ Saved: 31ओ.एस.एस. अंग्रेज़ी - 2025-26 -> https://www.selfstudys.com/sitepdfs/vcot5Xc4B303nbJqdzpY
        ✅ Saved: Untitled Document -> https://www.selfstudys.com/sitepdfs/vcot5Xc4B303nbJqdzpY
        ⚠️ No PDF link found for: Untitled Document
        ✅ Saved: 32ओ.एस.एस. हिन्दी - 2025-26 -> https://www.selfstudys.com/sitepdfs/sfhXTmyL2d0ixWUjAscV
        ✅ Saved: Untitled Document -> https://www.selfstudys.com/sitepdfs/sfhXTmyL2d0ixWUjAscV
        ⚠️ No PDF link found for: Untitled Document
        ✅ Saved: 33पंजाबी - 2025-26 -> https://www.selfstudys.com/sitepdfs/L2APb5gHrDWjPh501WHq
        ✅ Saved: Untitled Document -> https://www.selfstudys.com/sitepdfs/L2APb5gHrDWjPh501WHq
        ⚠️ No PDF link found for: Untitled Document
        ✅ Saved: 34उर्दू - 2025-26 -> https://www.selfstudys.com/sitepdfs/fDIjQ04G9GeGuu60or7u
        ✅ Saved: Untitled Document -> https://www.selfstudys.com/sitepdfs/fDIjQ04G9GeGuu60or7u
        ⚠️ No PDF link found for: Untitled Document
        ✅ Saved: 35कृषि - 2025-26 -> https://www.selfstudys.com/sitepdfs/wFon6kqoeFDxeSq7uSnC
        ✅ Saved: Untitled Document -> https://www.selfstudys.com/sitepdfs/wFon6kqoeFDxeSq7uSnC
        ⚠️ No PDF link found for: Untitled Document
        ✅ Saved: 36English (Special) - 2025-26 -> https://www.selfstudys.com/sitepdfs/0XYoI5ApwBJpK9CkRovk
        ✅ Saved: Untitled Document -> https://www.selfstudys.com/sitepdfs/0XYoI5ApwBJpK9CkRovk
        ⚠️ No PDF link found for: Untitled Document
        ✅ Saved: 37English Core - 2024-25 -> https://www.selfstudys.com/sitepdfs/iSftM1QHO3xV5DuycpyT
        ✅ Saved: Untitled Document -> https://www.selfstudys.com/sitepdfs/iSftM1QHO3xV5DuycpyT
        ⚠️ No PDF link found for: Untitled Document
        ✅ Saved: 38English Elective - 2024-25 -> https://www.selfstudys.com/sitepdfs/6PPe209OfPGRqalcV6ab
        ✅ Saved: Untitled Document -> https://www.selfstudys.com/sitepdfs/6PPe209OfPGRqalcV6ab
        ⚠️ No PDF link found for: Untitled Document
        ✅ Saved: 39Maths - 2024-25 -> https://www.selfstudys.com/sitepdfs/kTKYiIGyDoi1Ar3fHczE
        ✅ Saved: Untitled Document -> https://www.selfstudys.com/sitepdfs/kTKYiIGyDoi1Ar3fHczE
        ❌ Error scraping PDF page https://www.selfstudys.com/advance-pdf-viewer/haryana/state-books/class-12th/syllabus/2024-25/1080868: aborted
        ✅ Saved: 40Physics - 2024-25 -> https://www.selfstudys.com/sitepdfs/kaMDPQ5QkzSqRFYfL99h
        ✅ Saved: Untitled Document -> https://www.selfstudys.com/sitepdfs/kaMDPQ5QkzSqRFYfL99h
        ⚠️ No PDF link found for: Untitled Document
        ✅ Saved: 41Chemistry - 2024-25 -> https://www.selfstudys.com/sitepdfs/QKCzdfTmG6iL4id5ZP0E
        ✅ Saved: Untitled Document -> https://www.selfstudys.com/sitepdfs/QKCzdfTmG6iL4id5ZP0E
        ⚠️ No PDF link found for: Untitled Document
        ✅ Saved: 42Biology - 2024-25 -> https://www.selfstudys.com/sitepdfs/153uoYhdACJsH6IHCnKO
        ✅ Saved: Untitled Document -> https://www.selfstudys.com/sitepdfs/153uoYhdACJsH6IHCnKO
        ⚠️ No PDF link found for: Untitled Document
        ✅ Saved: 43Accountancy - 2024-25 -> https://www.selfstudys.com/sitepdfs/P7ibOacIYk5cc0ZIldpw
        ✅ Saved: Untitled Document -> https://www.selfstudys.com/sitepdfs/P7ibOacIYk5cc0ZIldpw
        ⚠️ No PDF link found for: Untitled Document
        ✅ Saved: 44Business Studies - 2024-25 -> https://www.selfstudys.com/sitepdfs/E48ffyGVmaGcTbeC0eZ8
        ✅ Saved: Untitled Document -> https://www.selfstudys.com/sitepdfs/E48ffyGVmaGcTbeC0eZ8
        ⚠️ No PDF link found for: Untitled Document
        ✅ Saved: 45Economics - 2024-25 -> https://www.selfstudys.com/sitepdfs/DakmT0y3cgK0wU9Md2LY
        ✅ Saved: Untitled Document -> https://www.selfstudys.com/sitepdfs/DakmT0y3cgK0wU9Md2LY
        ⚠️ No PDF link found for: Untitled Document
        ✅ Saved: 46Political Science - 2024-25 -> https://www.selfstudys.com/sitepdfs/shR3D34HgyP2GSjUbtwr
        ✅ Saved: Untitled Document -> https://www.selfstudys.com/sitepdfs/shR3D34HgyP2GSjUbtwr
        ⚠️ No PDF link found for: Untitled Document
        ✅ Saved: 47Geography - 2024-25 -> https://www.selfstudys.com/sitepdfs/fdbbFVrwBVZMCtx963Ek
        ✅ Saved: Untitled Document -> https://www.selfstudys.com/sitepdfs/fdbbFVrwBVZMCtx963Ek
        ⚠️ No PDF link found for: Untitled Document
        ✅ Saved: 48Psychology - 2024-25 -> https://www.selfstudys.com/sitepdfs/BdniDnjX3PhJBXvMmAFx
        ✅ Saved: Untitled Document -> https://www.selfstudys.com/sitepdfs/BdniDnjX3PhJBXvMmAFx
        ⚠️ No PDF link found for: Untitled Document
        ✅ Saved: 49History - 2024-25 -> https://www.selfstudys.com/sitepdfs/k82HbUs1qprvQJ32aYOz
        ✅ Saved: Untitled Document -> https://www.selfstudys.com/sitepdfs/k82HbUs1qprvQJ32aYOz
        ⚠️ No PDF link found for: Untitled Document
        ✅ Saved: 50Computer Science - 2024-25 -> https://www.selfstudys.com/sitepdfs/tO8tIBonx1MowLq0qKJZ
        ✅ Saved: Untitled Document -> https://www.selfstudys.com/sitepdfs/tO8tIBonx1MowLq0qKJZ
        ⚠️ No PDF link found for: Untitled Document
      Scraping Subject: CBSE MCQ PDF (URL: https://www.selfstudys.com/books/cbse-mcqs/english/class-12th)
        Found 0 PDF items for subject CBSE MCQ PDF.
      Scraping Subject: CBSE Case Study (URL: https://www.selfstudys.com/books/cbse-case-study/english/12th)
        Found 0 PDF items for subject CBSE Case Study.
    Scraping Class: Jharkhand
      Error scraping class Jharkhand: aborted
    Scraping Class: CISCE
      Found 324 subjects for class CISCE.
      Scraping Subject: NCERT Books 2022-23 (URL: https://www.selfstudys.com/books/ncert-books-pdf)
        Error scraping subject NCERT Books 2022-23: aborted
      Scraping Subject: NCERT Solutions (URL: https://www.selfstudys.com/books/ncert-solution)
        Found 0 PDF items for subject NCERT Solutions.
      Scraping Subject: NCERT Notes (URL: https://www.selfstudys.com/books/ncert-notes)
        Found 0 PDF items for subject NCERT Notes.
      Scraping Subject: NCERT Exemplar Books (URL: https://www.selfstudys.com/books/ncert-exemplar-books)
        Found 0 PDF items for subject NCERT Exemplar Books.
      Scraping Subject: NCERT Exemplar Solution (URL: https://www.selfstudys.com/books/ncert-exemplar-solution)
        Found 0 PDF items for subject NCERT Exemplar Solution.
      Scraping Subject: States UT Book (URL: https://www.selfstudys.com/books/states-ut-book)
        Found 0 PDF items for subject States UT Book.
      Scraping Subject: School Kits & Lab Manual (URL: https://www.selfstudys.com/books/school-kits-lab-manual)
        Found 0 PDF items for subject School Kits & Lab Manual.
      Scraping Subject: NCERT Books 2021-22 (URL: https://www.selfstudys.com/books/new-ncert-books)
        Found 0 PDF items for subject NCERT Books 2021-22.
      Scraping Subject: NCERT Books 2020-21 (URL: https://www.selfstudys.com/books/ncert-books)
        Found 0 PDF items for subject NCERT Books 2020-21.
      Scraping Subject: NCERT Book 2019-2020 (URL: https://www.selfstudys.com/books/ncert-new-book)
        Found 0 PDF items for subject NCERT Book 2019-2020.
      Scraping Subject: NCERT Book 2015-2016 (URL: https://www.selfstudys.com/books/ncert-old-book)
        Found 0 PDF items for subject NCERT Book 2015-2016.
      Scraping Subject: RD Sharma Solution (URL: https://www.selfstudys.com/books/rdsharma-solution)
        Found 0 PDF items for subject RD Sharma Solution.
      Scraping Subject: TS Grewal Solution (URL: https://www.selfstudys.com/books/ts-grewal-solution)
        Found 0 PDF items for subject TS Grewal Solution.
      Scraping Subject: TR Jain Solution (URL: https://www.selfstudys.com/books/tr-jain-solution)
        Found 0 PDF items for subject TR Jain Solution.
      Scraping Subject: Selina Solution (URL: https://www.selfstudys.com/books/selina-publisher-solutions)
        Found 0 PDF items for subject Selina Solution.
      Scraping Subject: Frank Solution (URL: https://www.selfstudys.com/books/frank-solutions)
        Found 0 PDF items for subject Frank Solution.
      Scraping Subject: Lakhmir Singh and Manjit Kaur Solution (URL: https://www.selfstudys.com/books/lakshmir-singh)
        Found 0 PDF items for subject Lakhmir Singh and Manjit Kaur Solution.
      Scraping Subject: All In One (URL: https://www.selfstudys.com/books/all-in-one)
        Found 0 PDF items for subject All In One.
      Scraping Subject: Dc Pandey (URL: https://www.selfstudys.com/books/dc-pandey)
        Found 0 PDF items for subject Dc Pandey.
      Scraping Subject: I.E.Irodov solutions (URL: https://www.selfstudys.com/books/i-e-irodov)
        Error scraping subject I.E.Irodov solutions: timeout of 10000ms exceeded
      Scraping Subject: ICSE - Goyal Brothers Park (URL: https://www.selfstudys.com/books/books-icse-goyal)
        Found 0 PDF items for subject ICSE - Goyal Brothers Park.
      Scraping Subject: ICSE - Dorothy M. Noronhe (URL: https://www.selfstudys.com/books/books-icse-dorothy)
        Found 0 PDF items for subject ICSE - Dorothy M. Noronhe.
      Scraping Subject: Micheal Vaz Solution (URL: https://www.selfstudys.com/books/micheal-vaz-solution)
        Found 0 PDF items for subject Micheal Vaz Solution.
      Scraping Subject: S.S. Krotov Solution (URL: https://www.selfstudys.com/books/s-s-krotov-solution)
        Found 0 PDF items for subject S.S. Krotov Solution.
      Scraping Subject: Evergreen Science (URL: https://www.selfstudys.com/books/evergreen-science)
        Found 0 PDF items for subject Evergreen Science.
      Scraping Subject: KC Sinha Solution (URL: https://www.selfstudys.com/books/kc-sinha-solution)
        Found 0 PDF items for subject KC Sinha Solution.
      Scraping Subject: ICSE - ISC Jayanti Sengupta, Oxford (URL: https://www.selfstudys.com/books/icse-isc-jayanti-sengupta-oxford)
        Found 0 PDF items for subject ICSE - ISC Jayanti Sengupta, Oxford.
      Scraping Subject: ICSE Focus on History (URL: https://www.selfstudys.com/books/icse-focus-on-history)
        Found 0 PDF items for subject ICSE Focus on History.
      Scraping Subject: ICSE GeoGraphy Voyage (URL: https://www.selfstudys.com/books/icse-geo-graphy-voyage)
        Found 0 PDF items for subject ICSE GeoGraphy Voyage.
      Scraping Subject: ICSE Hindi Solution (URL: https://www.selfstudys.com/books/icse-hindi-solution)
        Found 0 PDF items for subject ICSE Hindi Solution.
      Scraping Subject: ICSE Treasure Trove Solution (URL: https://www.selfstudys.com/books/icse-treasure-trove-solution)
        Found 0 PDF items for subject ICSE Treasure Trove Solution.
      Scraping Subject: Thomas & Finney Solution (URL: https://www.selfstudys.com/books/thomas-finney-solutions)
        Found 0 PDF items for subject Thomas & Finney Solution.
      Scraping Subject: SL Loney Solution (URL: https://www.selfstudys.com/books/slloney-solution)
        Found 0 PDF items for subject SL Loney Solution.
      Scraping Subject: SB Mathur Solution (URL: https://www.selfstudys.com/books/sb-mathur-solution)
        Found 0 PDF items for subject SB Mathur Solution.
      Scraping Subject: P Bahadur Solution (URL: https://www.selfstudys.com/books/pbahadur-solution)
        Found 0 PDF items for subject P Bahadur Solution.
      Scraping Subject: Narendra Awasthi Solution (URL: https://www.selfstudys.com/books/narendra-awasthi-solution)
        Found 0 PDF items for subject Narendra Awasthi Solution.
      Scraping Subject: LA Sena Solution (URL: https://www.selfstudys.com/books/la-sena-solution)
        Found 0 PDF items for subject LA Sena Solution.
      Scraping Subject: Integral Calculus Amit Agarwal Solution (URL: https://www.selfstudys.com/books/integral-calculus-amit-m-agarwal-solution)
        Found 0 PDF items for subject Integral Calculus Amit Agarwal Solution.
      Scraping Subject: IA Maron Solution (URL: https://www.selfstudys.com/books/ia-maron-solutions)
        Found 0 PDF items for subject IA Maron Solution.
      Scraping Subject: Hall & Knight Solution (URL: https://www.selfstudys.com/books/hall-and-knight-solutions)
        Found 0 PDF items for subject Hall & Knight Solution.
      Scraping Subject: Errorless Solution (URL: https://www.selfstudys.com/books/errorless-solutions)
        Found 0 PDF items for subject Errorless Solution.
      Scraping Subject: Pradeep's KL Gogia Solution (URL: https://www.selfstudys.com/books/pradeeps-kl-gogia-solutions)
        Found 0 PDF items for subject Pradeep's KL Gogia Solution.
      Scraping Subject: OP Tandon Solutions (URL: https://www.selfstudys.com/books/op-tandon-solutions)
        Found 0 PDF items for subject OP Tandon Solutions.
      Scraping Subject: Sample Papers (URL: https://www.selfstudys.com/books/cbse-sample-paper)
        Found 0 PDF items for subject Sample Papers.
      Scraping Subject: Previous Year Question Paper (URL: https://www.selfstudys.com/books/cbse-prev-paper)
        Found 0 PDF items for subject Previous Year Question Paper.
      Scraping Subject: Important Question (URL: https://www.selfstudys.com/books/cbse-important-questions)
        Found 0 PDF items for subject Important Question.
      Scraping Subject: Value Based Questions (URL: https://www.selfstudys.com/books/cbse-valued-qns)
        Found 0 PDF items for subject Value Based Questions.
      Scraping Subject: CBSE Syllabus (URL: https://www.selfstudys.com/books/cbse-syllabus)
        Error scraping subject CBSE Syllabus: aborted
      Scraping Subject: CBSE MCQs PDF (URL: https://www.selfstudys.com/books/cbse-mcqs)
        Found 0 PDF items for subject CBSE MCQs PDF.
      Scraping Subject: Assertion & Reason (URL: https://www.selfstudys.com/books/cbse-assertion-reason)
        Found 0 PDF items for subject Assertion & Reason.
      Scraping Subject: New Revision Notes (URL: https://www.selfstudys.com/books/cbse-new-revision-notes)
        Found 0 PDF items for subject New Revision Notes.
      Scraping Subject: Revision Notes (URL: https://www.selfstudys.com/books/cbse-revisions-notes)
        Found 0 PDF items for subject Revision Notes.
      Scraping Subject: Question Bank (URL: https://www.selfstudys.com/books/cbse-hots-qsn)
        Found 0 PDF items for subject Question Bank.
      Scraping Subject: Lab Manual (URL: https://www.selfstudys.com/books/cbse-lab-manual)
        Found 0 PDF items for subject Lab Manual.
      Scraping Subject: Marks Wise Question (URL: https://www.selfstudys.com/books/cbse-marks-wise-qns)
        Found 0 PDF items for subject Marks Wise Question.
      Scraping Subject: Toppers Answer Sheets (URL: https://www.selfstudys.com/books/cbse-toppers-answer-sheet)
        Found 0 PDF items for subject Toppers Answer Sheets.
      Scraping Subject: Exam Paper Aalysis (URL: https://www.selfstudys.com/books/cbse-exam-paper-analysis)
        Found 0 PDF items for subject Exam Paper Aalysis.
      Scraping Subject: Concept Map (URL: https://www.selfstudys.com/books/cbse-concept-map)
        Found 0 PDF items for subject Concept Map.
      Scraping Subject: CBSE Text Book (URL: https://www.selfstudys.com/books/cbse-books)
        Found 0 PDF items for subject CBSE Text Book.
      Scraping Subject: Additional Practice Questions (URL: https://www.selfstudys.com/books/cbse-additional-practice-questions)
        Found 0 PDF items for subject Additional Practice Questions.
      Scraping Subject: Vocational Book (URL: https://www.selfstudys.com/books/cbse-vocational-book)
        Found 0 PDF items for subject Vocational Book.
      Scraping Subject: CBSE - Concept (URL: https://www.selfstudys.com/books/cbse-concept)
        Found 0 PDF items for subject CBSE - Concept.
      Scraping Subject: Case Study (URL: https://www.selfstudys.com/books/cbse-case-study)
        Found 0 PDF items for subject Case Study.
      Scraping Subject: KVS NCERT CBSE Worksheets (URL: https://www.selfstudys.com/books/kvs-ncert-cbse-worksheets)
        Found 0 PDF items for subject KVS NCERT CBSE Worksheets.
      Scraping Subject: Formula Class Wise (URL: https://www.selfstudys.com/books/formula-class-wise)
        Found 0 PDF items for subject Formula Class Wise.
      Scraping Subject: CBSE Flashcards (URL: https://www.selfstudys.com/books/cbse-flashcard)
        Found 0 PDF items for subject CBSE Flashcards.
      Scraping Subject: Formula Chapter Wise (URL: https://www.selfstudys.com/books/formula-chapter-wise)
        Found 0 PDF items for subject Formula Chapter Wise.
      Scraping Subject: Toppers Notes (URL: https://www.selfstudys.com/books/cbse-toppers-notes)
        Found 0 PDF items for subject Toppers Notes.
      Scraping Subject: Most Repeated Question (URL: https://www.selfstudys.com/books/cbse-most-repeated-question)
        Found 0 PDF items for subject Most Repeated Question.
      Scraping Subject: Diagram Based Question (URL: https://www.selfstudys.com/books/cbse-diagram-based-question)
        Found 0 PDF items for subject Diagram Based Question.
      Scraping Subject: Study Planner (URL: https://www.selfstudys.com/books/cbse-study-planner)
        Found 0 PDF items for subject Study Planner.
      Scraping Subject: Competency Based Questions (URL: https://www.selfstudys.com/books/cbse-competency-based-questions)
        Found 0 PDF items for subject Competency Based Questions.
      Scraping Subject: Physics (URL: https://www.selfstudys.com/books/jee-physics)
        Found 0 PDF items for subject Physics.
      Scraping Subject: Chemistry (URL: https://www.selfstudys.com/books/jee-chemistry)
        Found 0 PDF items for subject Chemistry.
      Scraping Subject: Maths (URL: https://www.selfstudys.com/books/jee-maths)
        Found 0 PDF items for subject Maths.
      Scraping Subject: JEE Previous Year Paper (URL: https://www.selfstudys.com/books/jee-previous-year-paper)
        Found 0 PDF items for subject JEE Previous Year Paper.
      Scraping Subject: JEE Crash Course (URL: https://www.selfstudys.com/books/iit-jee-crash-course)
        Found 0 PDF items for subject JEE Crash Course.
      Scraping Subject: JEE Sample Papers (URL: https://www.selfstudys.com/books/jee-sample-papers/english/jee-main)
        Found 0 PDF items for subject JEE Sample Papers.
      Scraping Subject: JEE Toppers Notes (URL: https://www.selfstudys.com/books/jee-topper-notes)
        Found 0 PDF items for subject JEE Toppers Notes.
      Scraping Subject: JEE Formula (URL: https://www.selfstudys.com/books/jee-formula)
        Found 0 PDF items for subject JEE Formula.
      Scraping Subject: JEE Important Question (URL: https://www.selfstudys.com/books/jee-important-question)
        Found 0 PDF items for subject JEE Important Question.
      Scraping Subject: JEE Mind Map (URL: https://www.selfstudys.com/books/jee-mind-map)
        Found 0 PDF items for subject JEE Mind Map.
      Scraping Subject: JEE Integer-Numerical Type Question (URL: https://www.selfstudys.com/books/jee-integer-numerical-type-question)
        Found 0 PDF items for subject JEE Integer-Numerical Type Question.
      Scraping Subject: JEE Study Planner (URL: https://www.selfstudys.com/books/jee-study-planner/eng/class/chapter/51799)
        Found 0 PDF items for subject JEE Study Planner.
      Scraping Subject: JEE Flashcards (URL: https://www.selfstudys.com/books/jee-flashcards)
        Found 0 PDF items for subject JEE Flashcards.
      Scraping Subject: ICAR AIEEA Previous Year Paper (URL: https://www.selfstudys.com/books/icar-aieea-previous-year-paper)
        Found 0 PDF items for subject ICAR AIEEA Previous Year Paper.
      Scraping Subject: Important Info (URL: https://www.selfstudys.com/books/jee-important-info)
        Found 0 PDF items for subject Important Info.
      Scraping Subject: SRM-JEEE Previous Year Paper (URL: https://www.selfstudys.com/books/srmjeee-previous-year-paper)
        Found 0 PDF items for subject SRM-JEEE Previous Year Paper.
      Scraping Subject: VITEEE Previous Year Paper (URL: https://www.selfstudys.com/books/viteee-previous-year-paper)
        Found 0 PDF items for subject VITEEE Previous Year Paper.
      Scraping Subject: BITSAT Previous Year Paper (URL: https://www.selfstudys.com/books/bitsat-previous-year-paper)
        Found 0 PDF items for subject BITSAT Previous Year Paper.
      Scraping Subject: Manipal Previous Year Paper (URL: https://www.selfstudys.com/books/manipal-previous-year-paper)
        Found 0 PDF items for subject Manipal Previous Year Paper.
      Scraping Subject: AP EAMCET Previous Year Paper (URL: https://www.selfstudys.com/books/ap-eamcet-previous-year-paper)
        Error scraping subject AP EAMCET Previous Year Paper: aborted
      Scraping Subject: COMEDK Previous Year Paper (URL: https://www.selfstudys.com/books/comedk-previous-year-paper)
        Found 0 PDF items for subject COMEDK Previous Year Paper.
      Scraping Subject: GUJCET Previous Year Paper (URL: https://www.selfstudys.com/books/gujcet-previous-year-paper)
        Found 0 PDF items for subject GUJCET Previous Year Paper.
      Scraping Subject: KCET Previous Year Paper (URL: https://www.selfstudys.com/books/kcet-previous-year-paper)
        Found 0 PDF items for subject KCET Previous Year Paper.
      Scraping Subject: KEAM Previous Year Paper (URL: https://www.selfstudys.com/books/keam-previous-year-paper)
        Found 0 PDF items for subject KEAM Previous Year Paper.
      Scraping Subject: MHT CET Previous Year Paper (URL: https://www.selfstudys.com/books/mhtcet-previous-year-paper)
        Found 0 PDF items for subject MHT CET Previous Year Paper.
      Scraping Subject: TS EAMCET Previous Year Paper (URL: https://www.selfstudys.com/books/tseamcet-previous-year-paper)
        Found 0 PDF items for subject TS EAMCET Previous Year Paper.
      Scraping Subject: WBJEE Previous Year Paper (URL: https://www.selfstudys.com/books/wbjee-previous-year-paper)
        Found 0 PDF items for subject WBJEE Previous Year Paper.
      Scraping Subject: AMU Previous Year Paper (URL: https://www.selfstudys.com/books/amu-previous-year-paper)
        Found 0 PDF items for subject AMU Previous Year Paper.
      Scraping Subject: CUSAT Previous Year Paper (URL: https://www.selfstudys.com/books/cusat-previous-year-paper)
        Found 0 PDF items for subject CUSAT Previous Year Paper.
      Scraping Subject: AEEE Previous Year Paper (URL: https://www.selfstudys.com/books/aeee-previous-year-paper)
        Found 0 PDF items for subject AEEE Previous Year Paper.
      Scraping Subject: UPSEE Previous Year Paper (URL: https://www.selfstudys.com/books/upsee-previous-year-papers)
        Found 0 PDF items for subject UPSEE Previous Year Paper.
      Scraping Subject: CGPET Previous Year Paper (URL: https://www.selfstudys.com/books/cgpet-previous-year-papers)
        Found 0 PDF items for subject CGPET Previous Year Paper.
      Scraping Subject: BCECE Previous Year Paper (URL: https://www.selfstudys.com/books/bcece-previous-year-papers)
        Found 0 PDF items for subject BCECE Previous Year Paper.
      Scraping Subject: JCECE Previous Year Paper (URL: https://www.selfstudys.com/books/jcece-previous-year-papers)
        Found 0 PDF items for subject JCECE Previous Year Paper.
      Scraping Subject: LPU Previous Year Paper (URL: https://www.selfstudys.com/books/lpu-previous-year-papers)
        Found 0 PDF items for subject LPU Previous Year Paper.
      Scraping Subject: IISER Previous Year Paper (URL: https://www.selfstudys.com/books/iiser-previous-year-paper)
        Found 0 PDF items for subject IISER Previous Year Paper.
      Scraping Subject: NEST Previous Year Paper (URL: https://www.selfstudys.com/books/nest-previous-year-papers)
        Found 0 PDF items for subject NEST Previous Year Paper.
      Scraping Subject: Physics (URL: https://www.selfstudys.com/books/neet-physics)
        Found 0 PDF items for subject Physics.
      Scraping Subject: Chemistry (URL: https://www.selfstudys.com/books/neet-chemistry)
        Found 0 PDF items for subject Chemistry.
      Scraping Subject: Biology (URL: https://www.selfstudys.com/books/neet-biology)
        Found 0 PDF items for subject Biology.
      Scraping Subject: Crash Course (URL: https://www.selfstudys.com/books/neet-crash-course)
        Found 0 PDF items for subject Crash Course.
      Scraping Subject: NEET NCERT Book (URL: https://www.selfstudys.com/books/neet-ncert-books)
        Found 0 PDF items for subject NEET NCERT Book.
      Scraping Subject: Previous Year Paper (URL: https://www.selfstudys.com/books/neet-previous-year-paper)
        Found 0 PDF items for subject Previous Year Paper.
      Scraping Subject: Important Info (URL: https://www.selfstudys.com/books/neet-important-info)
        Found 0 PDF items for subject Important Info.
      Scraping Subject: NCERT Based Short Notes (URL: https://www.selfstudys.com/books/neet-ncert-based-short-notes)
        Found 0 PDF items for subject NCERT Based Short Notes.
      Scraping Subject: NEET Most Repeated Question (URL: https://www.selfstudys.com/books/neet-most-repeated-questions)
        Found 0 PDF items for subject NEET Most Repeated Question.
      Scraping Subject: NEET Sample Paper (URL: https://www.selfstudys.com/books/neet-sample-paper/english/year-wise)
        Found 0 PDF items for subject NEET Sample Paper.
      Scraping Subject: NEET Toppers Notes (URL: https://www.selfstudys.com/books/neet-topper-notes)
        Found 0 PDF items for subject NEET Toppers Notes.
      Scraping Subject: NEET Formula (URL: https://www.selfstudys.com/books/neet-formula)
        Found 0 PDF items for subject NEET Formula.
      Scraping Subject: NEET Important Question (URL: https://www.selfstudys.com/books/neet-important-question)
        Found 0 PDF items for subject NEET Important Question.
      Scraping Subject: NEET Assertion Reason Question (URL: https://www.selfstudys.com/books/neet-assertion-reason-question)
        Found 0 PDF items for subject NEET Assertion Reason Question.
      Scraping Subject: NEET Study Planner (URL: https://www.selfstudys.com/books/neet-study-planner/eng/class/chapter/52606)
        Found 0 PDF items for subject NEET Study Planner.
      Scraping Subject: NEET Flashcards (URL: https://www.selfstudys.com/books/neet-flashcards)
        Found 0 PDF items for subject NEET Flashcards.
      Scraping Subject: NEET Diagram Based Question (URL: https://www.selfstudys.com/books/neet-diagram-based-question)
        Found 0 PDF items for subject NEET Diagram Based Question.
      Scraping Subject: NEET Matching Based Question (URL: https://www.selfstudys.com/books/neet-matching-based-questions)
        Found 0 PDF items for subject NEET Matching Based Question.
      Scraping Subject: Previous Year Papers (URL: https://www.selfstudys.com/books/cuet-previous-year-paper)
        Found 0 PDF items for subject Previous Year Papers.
      Scraping Subject: CUET Mind Map (URL: https://www.selfstudys.com/books/cuet-mind-map)
        Found 0 PDF items for subject CUET Mind Map.
      Scraping Subject: CUET Important Question (URL: https://www.selfstudys.com/books/cuet-important-question)
        Found 0 PDF items for subject CUET Important Question.
      Scraping Subject: NDA Previous Year Paper (URL: https://www.selfstudys.com/books/nda-previous-year-paper)
        Found 0 PDF items for subject NDA Previous Year Paper.
      Scraping Subject: NCERT Books 2022-23 (URL: https://www.selfstudys.com/books/ncert-books-pdf)
        Found 0 PDF items for subject NCERT Books 2022-23.
      Scraping Subject: NCERT Solutions (URL: https://www.selfstudys.com/books/ncert-solution)
        Found 0 PDF items for subject NCERT Solutions.
      Scraping Subject: NCERT Notes (URL: https://www.selfstudys.com/books/ncert-notes)
        Found 0 PDF items for subject NCERT Notes.
      Scraping Subject: NCERT Exemplar Books (URL: https://www.selfstudys.com/books/ncert-exemplar-books)
        Found 0 PDF items for subject NCERT Exemplar Books.
      Scraping Subject: NCERT Exemplar Solution (URL: https://www.selfstudys.com/books/ncert-exemplar-solution)
        Found 0 PDF items for subject NCERT Exemplar Solution.
      Scraping Subject: States UT Book (URL: https://www.selfstudys.com/books/states-ut-book)
        Found 0 PDF items for subject States UT Book.
      Scraping Subject: School Kits & Lab Manual (URL: https://www.selfstudys.com/books/school-kits-lab-manual)
        Found 0 PDF items for subject School Kits & Lab Manual.
      Scraping Subject: NCERT Books 2021-22 (URL: https://www.selfstudys.com/books/new-ncert-books)
        Found 0 PDF items for subject NCERT Books 2021-22.
      Scraping Subject: NCERT Books 2020-21 (URL: https://www.selfstudys.com/books/ncert-books)
        Found 0 PDF items for subject NCERT Books 2020-21.
      Scraping Subject: NCERT Book 2019-2020 (URL: https://www.selfstudys.com/books/ncert-new-book)
        Found 0 PDF items for subject NCERT Book 2019-2020.
      Scraping Subject: NCERT Book 2015-2016 (URL: https://www.selfstudys.com/books/ncert-old-book)
        Found 0 PDF items for subject NCERT Book 2015-2016.
      Scraping Subject: RD Sharma Solution (URL: https://www.selfstudys.com/books/rdsharma-solution)
        Found 0 PDF items for subject RD Sharma Solution.
      Scraping Subject: TS Grewal Solution (URL: https://www.selfstudys.com/books/ts-grewal-solution)
        Found 0 PDF items for subject TS Grewal Solution.
      Scraping Subject: TR Jain Solution (URL: https://www.selfstudys.com/books/tr-jain-solution)
        Found 0 PDF items for subject TR Jain Solution.
      Scraping Subject: Selina Solution (URL: https://www.selfstudys.com/books/selina-publisher-solutions)
        Found 0 PDF items for subject Selina Solution.
      Scraping Subject: Frank Solution (URL: https://www.selfstudys.com/books/frank-solutions)
        Error scraping subject Frank Solution: aborted
      Scraping Subject: Lakhmir Singh and Manjit Kaur Solution (URL: https://www.selfstudys.com/books/lakshmir-singh)
        Found 0 PDF items for subject Lakhmir Singh and Manjit Kaur Solution.
      Scraping Subject: SB Mathur Solution (URL: https://www.selfstudys.com/books/sb-mathur-solution)
        Found 0 PDF items for subject SB Mathur Solution.
      Scraping Subject: P Bahadur Solution (URL: https://www.selfstudys.com/books/pbahadur-solution)
        Found 0 PDF items for subject P Bahadur Solution.
      Scraping Subject: OP Tandon Solutions (URL: https://www.selfstudys.com/books/op-tandon-solutions)
        Found 0 PDF items for subject OP Tandon Solutions.
      Scraping Subject: All In One (URL: https://www.selfstudys.com/books/all-in-one)
        Found 0 PDF items for subject All In One.
      Scraping Subject: Dc Pandey (URL: https://www.selfstudys.com/books/dc-pandey)
        Found 0 PDF items for subject Dc Pandey.
      Scraping Subject: I.E.Irodov solutions (URL: https://www.selfstudys.com/books/i-e-irodov)
        Found 120 PDF items for subject I.E.Irodov solutions.
        ✅ Saved: 11. Kinematics -> https://www.selfstudys.com/sitepdfs/SjhRj5YJG1D4FZtwrIwa
        ✅ Saved: Untitled Document -> https://www.selfstudys.com/sitepdfs/SjhRj5YJG1D4FZtwrIwa
        ⚠️ No PDF link found for: Untitled Document
        ✅ Saved: 22. The Fundamental Equation Of Dynamics -> https://www.selfstudys.com/sitepdfs/y2XtTBwC4wnSqZ71njty
        ✅ Saved: Untitled Document -> https://www.selfstudys.com/sitepdfs/y2XtTBwC4wnSqZ71njty
        ⚠️ No PDF link found for: Untitled Document
        ✅ Saved: 33. Laws of Conservation of Energy, Momentum and Angular Momentum -> https://www.selfstudys.com/sitepdfs/uKtHwoXV9bgOqanBViZp
        ✅ Saved: Untitled Document -> https://www.selfstudys.com/sitepdfs/uKtHwoXV9bgOqanBViZp
        ⚠️ No PDF link found for: Untitled Document
        ✅ Saved: 44. Universal Gravitation -> https://www.selfstudys.com/sitepdfs/GF8kOe9hbF73netBu6Bf
        ✅ Saved: Untitled Document -> https://www.selfstudys.com/sitepdfs/GF8kOe9hbF73netBu6Bf
        ⚠️ No PDF link found for: Untitled Document
        ✅ Saved: 55. Dynamics Of A Solid Body -> https://www.selfstudys.com/sitepdfs/XkV7pTKQHZbL4U8WcIuU
        ✅ Saved: Untitled Document -> https://www.selfstudys.com/sitepdfs/XkV7pTKQHZbL4U8WcIuU
        ⚠️ No PDF link found for: Untitled Document
        ✅ Saved: 66. Elastic Deformations Of A Solid Body -> https://www.selfstudys.com/sitepdfs/8GTRg291xnA45ZorpMVT
        ✅ Saved: Untitled Document -> https://www.selfstudys.com/sitepdfs/8GTRg291xnA45ZorpMVT
        ⚠️ No PDF link found for: Untitled Document
        ✅ Saved: 77. Hydrodynamics -> https://www.selfstudys.com/sitepdfs/zVIUjYV6xpwlCT5NXDPf
        ✅ Saved: Untitled Document -> https://www.selfstudys.com/sitepdfs/zVIUjYV6xpwlCT5NXDPf
        ⚠️ No PDF link found for: Untitled Document
        ✅ Saved: 88. Relativistic Mechanics -> https://www.selfstudys.com/sitepdfs/ayae6j6AWpuistt2zjSt
        ✅ Saved: Untitled Document -> https://www.selfstudys.com/sitepdfs/ayae6j6AWpuistt2zjSt
        ⚠️ No PDF link found for: Untitled Document
        ✅ Saved: 99. Equation Of The Gas State Processes -> https://www.selfstudys.com/sitepdfs/MJkEwZd9BZBIzRHSt9TF
        ✅ Saved: Untitled Document -> https://www.selfstudys.com/sitepdfs/MJkEwZd9BZBIzRHSt9TF
        ⚠️ No PDF link found for: Untitled Document
        ✅ Saved: 1010. The First Law Of Thermodynamics Heat Capacity -> https://www.selfstudys.com/sitepdfs/UCuSM8ReOiG88qHvLSif
        ✅ Saved: Untitled Document -> https://www.selfstudys.com/sitepdfs/UCuSM8ReOiG88qHvLSif
        ⚠️ No PDF link found for: Untitled Document
        ✅ Saved: 1111. Kinetic Theory Of Gases -> https://www.selfstudys.com/sitepdfs/PTK1OfXv5CYaTR37LhGH
        ✅ Saved: Untitled Document -> https://www.selfstudys.com/sitepdfs/PTK1OfXv5CYaTR37LhGH
        ❌ Error scraping PDF page https://www.selfstudys.com/advance-pdf-viewer/i-e-irodov/eng/class/chapter/11-kinetic-theory-of-gases/112699: aborted
        ✅ Saved: 1212. The Second Law Of Thermodynamics Entropy -> https://www.selfstudys.com/sitepdfs/uAApKFyBP1YfEXqD2Rdk
        ✅ Saved: Untitled Document -> https://www.selfstudys.com/sitepdfs/uAApKFyBP1YfEXqD2Rdk
        ⚠️ No PDF link found for: Untitled Document
        ✅ Saved: 1313. Liquids Capillary Effects -> https://www.selfstudys.com/sitepdfs/B5WnXPpDBRaKgqbGvvPQ
        ✅ Saved: Untitled Document -> https://www.selfstudys.com/sitepdfs/B5WnXPpDBRaKgqbGvvPQ
        ⚠️ No PDF link found for: Untitled Document
        ✅ Saved: 1414. Phase Transformations -> https://www.selfstudys.com/sitepdfs/cguqIJRR7stIp6GHevik
        ✅ Saved: Untitled Document -> https://www.selfstudys.com/sitepdfs/cguqIJRR7stIp6GHevik
        ⚠️ No PDF link found for: Untitled Document
        ✅ Saved: 1515. Transport Phenomena -> https://www.selfstudys.com/sitepdfs/S2Ocf2h0YQ0nYNqyaBtb
        ✅ Saved: Untitled Document -> https://www.selfstudys.com/sitepdfs/S2Ocf2h0YQ0nYNqyaBtb
        ⚠️ No PDF link found for: Untitled Document
        ✅ Saved: 1616. Constant Electric Field In Vacuum -> https://www.selfstudys.com/sitepdfs/cIFJ54AjJOasOp0D7kXD
        ✅ Saved: Untitled Document -> https://www.selfstudys.com/sitepdfs/cIFJ54AjJOasOp0D7kXD
        ⚠️ No PDF link found for: Untitled Document
        ✅ Saved: 1717. Conductors And Dielectrics In An Electric Field -> https://www.selfstudys.com/sitepdfs/IagDWLzQaOvPqe8sMTtT
        ✅ Saved: Untitled Document -> https://www.selfstudys.com/sitepdfs/IagDWLzQaOvPqe8sMTtT
        ⚠️ No PDF link found for: Untitled Document
        ✅ Saved: 1818. Electric Capacitance Energy Of An Electric Field -> https://www.selfstudys.com/sitepdfs/gJJAGWd3G0eW7887ydAf
        ✅ Saved: Untitled Document -> https://www.selfstudys.com/sitepdfs/gJJAGWd3G0eW7887ydAf
        ⚠️ No PDF link found for: Untitled Document
        ✅ Saved: 1919. Electric Current -> https://www.selfstudys.com/sitepdfs/2lO7yWBn0q2BKgNSgDrG
        ✅ Saved: Untitled Document -> https://www.selfstudys.com/sitepdfs/2lO7yWBn0q2BKgNSgDrG
        ⚠️ No PDF link found for: Untitled Document
        ✅ Saved: 2020. Constant Magnetic Field Magnetics -> https://www.selfstudys.com/sitepdfs/mF2TIgm5SPnvNfaNJGAN
        ✅ Saved: Untitled Document -> https://www.selfstudys.com/sitepdfs/mF2TIgm5SPnvNfaNJGAN
        ⚠️ No PDF link found for: Untitled Document
        ✅ Saved: 2121. Electromagnetic Induction Maxwell’s Equations -> https://www.selfstudys.com/sitepdfs/j3PVlsGeHs5NmQMCKEKq
        ✅ Saved: Untitled Document -> https://www.selfstudys.com/sitepdfs/j3PVlsGeHs5NmQMCKEKq
        ⚠️ No PDF link found for: Untitled Document
        ✅ Saved: 2222. Motion Of Charged Particles In Electric And Magne -> https://www.selfstudys.com/sitepdfs/AEJe01TSGbp6mYviHRyV
        ✅ Saved: Untitled Document -> https://www.selfstudys.com/sitepdfs/AEJe01TSGbp6mYviHRyV
        ⚠️ No PDF link found for: Untitled Document
        ✅ Saved: 2323. Mechanical Oscillations -> https://www.selfstudys.com/sitepdfs/vygFJutwxZdOvIV7Afwn
        ✅ Saved: Untitled Document -> https://www.selfstudys.com/sitepdfs/vygFJutwxZdOvIV7Afwn
        ⚠️ No PDF link found for: Untitled Document
        ✅ Saved: 2424. Electric Oscillations -> https://www.selfstudys.com/sitepdfs/je6vxXBfPmSbRuujBth1
        ✅ Saved: Untitled Document -> https://www.selfstudys.com/sitepdfs/je6vxXBfPmSbRuujBth1
        ⚠️ No PDF link found for: Untitled Document
        ✅ Saved: 2525. Elastic Waves -> https://www.selfstudys.com/sitepdfs/923oRiRBKQcTaNcmRBsm
        ✅ Saved: Untitled Document -> https://www.selfstudys.com/sitepdfs/923oRiRBKQcTaNcmRBsm
        ⚠️ No PDF link found for: Untitled Document
        ❌ Error scraping PDF page https://www.selfstudys.com/books/i-e-irodov/eng/class/chapter/26-electromagnetic-waves/112476: aborted
        ✅ Saved: Untitled Document -> https://www.selfstudys.com/sitepdfs/w2WTi2rEwOSdsEJbbYhZ
        ⚠️ No PDF link found for: Untitled Document
        ✅ Saved: 2727. Photometry and Geometrical Optics -> https://www.selfstudys.com/sitepdfs/4adXJqNifneAsdLNzzyb
        ✅ Saved: Untitled Document -> https://www.selfstudys.com/sitepdfs/4adXJqNifneAsdLNzzyb
        ⚠️ No PDF link found for: Untitled Document
        ✅ Saved: 2828. Interference of Light -> https://www.selfstudys.com/sitepdfs/cpSEPt7T00GNvh1CWOcp
        ✅ Saved: Untitled Document -> https://www.selfstudys.com/sitepdfs/cpSEPt7T00GNvh1CWOcp
        ⚠️ No PDF link found for: Untitled Document
        ✅ Saved: 2929. Diffraction of Light -> https://www.selfstudys.com/sitepdfs/yxEFNMfGR8U0FxDJo3YF
        ✅ Saved: Untitled Document -> https://www.selfstudys.com/sitepdfs/yxEFNMfGR8U0FxDJo3YF
        ⚠️ No PDF link found for: Untitled Document
        ✅ Saved: 3030. Polarization of Light -> https://www.selfstudys.com/sitepdfs/eJ8oMjsKQdtT5ncbwK0Y
        ✅ Saved: Untitled Document -> https://www.selfstudys.com/sitepdfs/eJ8oMjsKQdtT5ncbwK0Y
        ⚠️ No PDF link found for: Untitled Document
        ✅ Saved: 3131. Dispersion and Absorption of Light -> https://www.selfstudys.com/sitepdfs/wS03sidzUmlfeurczRhD
        ✅ Saved: Untitled Document -> https://www.selfstudys.com/sitepdfs/wS03sidzUmlfeurczRhD
        ⚠️ No PDF link found for: Untitled Document
        ✅ Saved: 3232. Optics of Moving Sources -> https://www.selfstudys.com/sitepdfs/75s3RTuUxEMAr1M2zGij
        ✅ Saved: Untitled Document -> https://www.selfstudys.com/sitepdfs/75s3RTuUxEMAr1M2zGij
        ⚠️ No PDF link found for: Untitled Document
        ✅ Saved: 3333. Thermal Radiation. Quantum Nature of Light -> https://www.selfstudys.com/sitepdfs/D1WTgf73BNjHcCO70mnZ
        ✅ Saved: Untitled Document -> https://www.selfstudys.com/sitepdfs/D1WTgf73BNjHcCO70mnZ
        ⚠️ No PDF link found for: Untitled Document
        ✅ Saved: 3434. Scattering of Particles. Rutherford-Bohr Atom -> https://www.selfstudys.com/sitepdfs/sB31RkbF9LLYjgGdcrop
        ✅ Saved: Untitled Document -> https://www.selfstudys.com/sitepdfs/sB31RkbF9LLYjgGdcrop
        ⚠️ No PDF link found for: Untitled Document
        ✅ Saved: 3535. Wave Properties of Particles. Schrodinger Equation -> https://www.selfstudys.com/sitepdfs/VO7oSfldiM14XPlJYPMt
        ✅ Saved: Untitled Document -> https://www.selfstudys.com/sitepdfs/VO7oSfldiM14XPlJYPMt
        ⚠️ No PDF link found for: Untitled Document
        ✅ Saved: 3636. Properties of Atoms. Spectra -> https://www.selfstudys.com/sitepdfs/8e8p3F7pZFSjqN3MUpnp
        ✅ Saved: Untitled Document -> https://www.selfstudys.com/sitepdfs/8e8p3F7pZFSjqN3MUpnp
        ⚠️ No PDF link found for: Untitled Document
        ✅ Saved: 3737. Molecules and Crystals -> https://www.selfstudys.com/sitepdfs/BDtvtlDm1Gb1HjCQzpyN
        ✅ Saved: Untitled Document -> https://www.selfstudys.com/sitepdfs/BDtvtlDm1Gb1HjCQzpyN
        ⚠️ No PDF link found for: Untitled Document
        ✅ Saved: 3838. Radioactivity -> https://www.selfstudys.com/sitepdfs/ZVz7HfYbir8jr6KDqU73
        ✅ Saved: Untitled Document -> https://www.selfstudys.com/sitepdfs/ZVz7HfYbir8jr6KDqU73
        ⚠️ No PDF link found for: Untitled Document
        ✅ Saved: 3939. Nuclear Reactions -> https://www.selfstudys.com/sitepdfs/CuVHbSWDHYYTsdJBVRI6
        ✅ Saved: Untitled Document -> https://www.selfstudys.com/sitepdfs/CuVHbSWDHYYTsdJBVRI6
        ⚠️ No PDF link found for: Untitled Document
        ✅ Saved: 4040. Elementary Particles -> https://www.selfstudys.com/sitepdfs/qVnpfqEoseAvacCEXQbY
        ✅ Saved: Untitled Document -> https://www.selfstudys.com/sitepdfs/qVnpfqEoseAvacCEXQbY
        ⚠️ No PDF link found for: Untitled Document
      Scraping Subject: ICSE - Goyal Brothers Park (URL: https://www.selfstudys.com/books/books-icse-goyal)
        Found 0 PDF items for subject ICSE - Goyal Brothers Park.
      Scraping Subject: ICSE - Dorothy M. Noronhe (URL: https://www.selfstudys.com/books/books-icse-dorothy)
        Found 0 PDF items for subject ICSE - Dorothy M. Noronhe.
      Scraping Subject: Micheal Vaz Solution (URL: https://www.selfstudys.com/books/micheal-vaz-solution)
        Found 0 PDF items for subject Micheal Vaz Solution.
      Scraping Subject: S.S. Krotov Solution (URL: https://www.selfstudys.com/books/s-s-krotov-solution)
        Found 0 PDF items for subject S.S. Krotov Solution.
      Scraping Subject: Evergreen Science (URL: https://www.selfstudys.com/books/evergreen-science)
        Found 0 PDF items for subject Evergreen Science.
      Scraping Subject: KC Sinha Solution (URL: https://www.selfstudys.com/books/kc-sinha-solution)
        Found 0 PDF items for subject KC Sinha Solution.
      Scraping Subject: ICSE - ISC Jayanti Sengupta, Oxford (URL: https://www.selfstudys.com/books/icse-isc-jayanti-sengupta-oxford)
        Found 0 PDF items for subject ICSE - ISC Jayanti Sengupta, Oxford.
      Scraping Subject: ICSE Focus on History (URL: https://www.selfstudys.com/books/icse-focus-on-history)
        Found 0 PDF items for subject ICSE Focus on History.
      Scraping Subject: ICSE GeoGraphy Voyage (URL: https://www.selfstudys.com/books/icse-geo-graphy-voyage)
        Found 0 PDF items for subject ICSE GeoGraphy Voyage.
      Scraping Subject: ICSE Hindi Solution (URL: https://www.selfstudys.com/books/icse-hindi-solution)
        Found 0 PDF items for subject ICSE Hindi Solution.
      Scraping Subject: ICSE Treasure Trove Solution (URL: https://www.selfstudys.com/books/icse-treasure-trove-solution)
        Found 0 PDF items for subject ICSE Treasure Trove Solution.
      Scraping Subject: Thomas & Finney Solution (URL: https://www.selfstudys.com/books/thomas-finney-solutions)
        Found 0 PDF items for subject Thomas & Finney Solution.
      Scraping Subject: SL Loney Solution (URL: https://www.selfstudys.com/books/slloney-solution)
        Found 0 PDF items for subject SL Loney Solution.
      Scraping Subject: Narendra Awasthi Solution (URL: https://www.selfstudys.com/books/narendra-awasthi-solution)
        Found 0 PDF items for subject Narendra Awasthi Solution.
      Scraping Subject: LA Sena Solution (URL: https://www.selfstudys.com/books/la-sena-solution)
        Found 0 PDF items for subject LA Sena Solution.
      Scraping Subject: Integral Calculus Amit Agarwal Solution (URL: https://www.selfstudys.com/books/integral-calculus-amit-m-agarwal-solution)
        Found 0 PDF items for subject Integral Calculus Amit Agarwal Solution.
      Scraping Subject: IA Maron Solution (URL: https://www.selfstudys.com/books/ia-maron-solutions)
        Found 0 PDF items for subject IA Maron Solution.
      Scraping Subject: Hall & Knight Solution (URL: https://www.selfstudys.com/books/hall-and-knight-solutions)
        Found 0 PDF items for subject Hall & Knight Solution.
      Scraping Subject: Errorless Solution (URL: https://www.selfstudys.com/books/errorless-solutions)
        Found 0 PDF items for subject Errorless Solution.
      Scraping Subject: Pradeep's KL Gogia Solution (URL: https://www.selfstudys.com/books/pradeeps-kl-gogia-solutions)
        Found 0 PDF items for subject Pradeep's KL Gogia Solution.
      Scraping Subject: Sample Papers (URL: https://www.selfstudys.com/books/cbse-sample-paper)
        Found 0 PDF items for subject Sample Papers.
      Scraping Subject: Previous Year Question Paper (URL: https://www.selfstudys.com/books/cbse-prev-paper)
        Found 0 PDF items for subject Previous Year Question Paper.
      Scraping Subject: Important Question (URL: https://www.selfstudys.com/books/cbse-important-questions)
        Found 0 PDF items for subject Important Question.
      Scraping Subject: Value Based Questions (URL: https://www.selfstudys.com/books/cbse-valued-qns)
        Found 0 PDF items for subject Value Based Questions.
      Scraping Subject: CBSE Syllabus (URL: https://www.selfstudys.com/books/cbse-syllabus)
        Found 0 PDF items for subject CBSE Syllabus.
      Scraping Subject: CBSE MCQs PDF (URL: https://www.selfstudys.com/books/cbse-mcqs)
        Found 0 PDF items for subject CBSE MCQs PDF.
      Scraping Subject: Formula Class Wise (URL: https://www.selfstudys.com/books/formula-class-wise)
        Found 0 PDF items for subject Formula Class Wise.
      Scraping Subject: CBSE Flashcards (URL: https://www.selfstudys.com/books/cbse-flashcard)
        Found 0 PDF items for subject CBSE Flashcards.
      Scraping Subject: New Revision Notes (URL: https://www.selfstudys.com/books/cbse-new-revision-notes)
        Found 0 PDF items for subject New Revision Notes.
      Scraping Subject: Revision Notes (URL: https://www.selfstudys.com/books/cbse-revisions-notes)
        Found 0 PDF items for subject Revision Notes.
      Scraping Subject: Question Bank (URL: https://www.selfstudys.com/books/cbse-hots-qsn)
        Found 0 PDF items for subject Question Bank.
      Scraping Subject: Lab Manual (URL: https://www.selfstudys.com/books/cbse-lab-manual)
        Found 0 PDF items for subject Lab Manual.
      Scraping Subject: Formula Chapter Wise (URL: https://www.selfstudys.com/books/formula-chapter-wise)
        Found 0 PDF items for subject Formula Chapter Wise.
      Scraping Subject: Toppers Notes (URL: https://www.selfstudys.com/books/cbse-toppers-notes)
        Error scraping subject Toppers Notes: aborted
      Scraping Subject: Marks Wise Question (URL: https://www.selfstudys.com/books/cbse-marks-wise-qns)
        Found 0 PDF items for subject Marks Wise Question.
      Scraping Subject: Toppers Answer Sheets (URL: https://www.selfstudys.com/books/cbse-toppers-answer-sheet)
        Found 0 PDF items for subject Toppers Answer Sheets.
      Scraping Subject: Exam Paper Aalysis (URL: https://www.selfstudys.com/books/cbse-exam-paper-analysis)
        Found 0 PDF items for subject Exam Paper Aalysis.
      Scraping Subject: Concept Map (URL: https://www.selfstudys.com/books/cbse-concept-map)
        Found 0 PDF items for subject Concept Map.
      Scraping Subject: CBSE Text Book (URL: https://www.selfstudys.com/books/cbse-books)
        Found 0 PDF items for subject CBSE Text Book.
      Scraping Subject: Additional Practice Questions (URL: https://www.selfstudys.com/books/cbse-additional-practice-questions)
        Found 0 PDF items for subject Additional Practice Questions.
      Scraping Subject: Most Repeated Question (URL: https://www.selfstudys.com/books/cbse-most-repeated-question)
        Found 0 PDF items for subject Most Repeated Question.
      Scraping Subject: Vocational Book (URL: https://www.selfstudys.com/books/cbse-vocational-book)
        Found 0 PDF items for subject Vocational Book.
      Scraping Subject: CBSE - Concept (URL: https://www.selfstudys.com/books/cbse-concept)
        Found 0 PDF items for subject CBSE - Concept.
      Scraping Subject: Case Study (URL: https://www.selfstudys.com/books/cbse-case-study)
        Found 0 PDF items for subject Case Study.
      Scraping Subject: KVS NCERT CBSE Worksheets (URL: https://www.selfstudys.com/books/kvs-ncert-cbse-worksheets)
        Found 0 PDF items for subject KVS NCERT CBSE Worksheets.
      Scraping Subject: Assertion & Reason (URL: https://www.selfstudys.com/books/cbse-assertion-reason)
        Found 0 PDF items for subject Assertion & Reason.
      Scraping Subject: Diagram Based Question (URL: https://www.selfstudys.com/books/cbse-diagram-based-question)
        Found 0 PDF items for subject Diagram Based Question.
      Scraping Subject: Study Planner (URL: https://www.selfstudys.com/books/cbse-study-planner)
        Found 0 PDF items for subject Study Planner.
      Scraping Subject: Competency Based Questions (URL: https://www.selfstudys.com/books/cbse-competency-based-questions)
        Found 0 PDF items for subject Competency Based Questions.
      Scraping Subject: Physics (URL: https://www.selfstudys.com/books/jee-physics)
        Found 0 PDF items for subject Physics.
      Scraping Subject: Chemistry (URL: https://www.selfstudys.com/books/jee-chemistry)
        Found 0 PDF items for subject Chemistry.
      Scraping Subject: Maths (URL: https://www.selfstudys.com/books/jee-maths)
        Found 0 PDF items for subject Maths.
      Scraping Subject: JEE Previous Year Paper (URL: https://www.selfstudys.com/books/jee-previous-year-paper)
        Found 0 PDF items for subject JEE Previous Year Paper.
      Scraping Subject: JEE Crash Course (URL: https://www.selfstudys.com/books/iit-jee-crash-course)
        Found 0 PDF items for subject JEE Crash Course.
      Scraping Subject: JEE Sample Papers (URL: https://www.selfstudys.com/books/jee-sample-papers/english/jee-main)
        Found 0 PDF items for subject JEE Sample Papers.
      Scraping Subject: JEE Toppers Notes (URL: https://www.selfstudys.com/books/jee-topper-notes)
        Found 0 PDF items for subject JEE Toppers Notes.
      Scraping Subject: JEE Formula (URL: https://www.selfstudys.com/books/jee-formula)
        Found 0 PDF items for subject JEE Formula.
      Scraping Subject: JEE Important Question (URL: https://www.selfstudys.com/books/jee-important-question)
        Found 0 PDF items for subject JEE Important Question.
      Scraping Subject: JEE Mind Map (URL: https://www.selfstudys.com/books/jee-mind-map)
        Found 0 PDF items for subject JEE Mind Map.
      Scraping Subject: JEE Integer Numerical Type Question (URL: https://www.selfstudys.com/books/jee-integer-numerical-type-question)
        Found 0 PDF items for subject JEE Integer Numerical Type Question.
      Scraping Subject: JEE Study Planner (URL: https://www.selfstudys.com/books/jee-study-planner/eng/class/chapter/51799)
        Found 0 PDF items for subject JEE Study Planner.
      Scraping Subject: JEE Flashcards (URL: https://www.selfstudys.com/books/jee-flashcards)
        Found 0 PDF items for subject JEE Flashcards.
      Scraping Subject: ICAR AIEEA Previous Year Paper (URL: https://www.selfstudys.com/books/icar-aieea-previous-year-paper)
        Found 0 PDF items for subject ICAR AIEEA Previous Year Paper.
      Scraping Subject: Important Info (URL: https://www.selfstudys.com/books/jee-important-info)
        Found 0 PDF items for subject Important Info.
      Scraping Subject: SRM-JEEE Previous Year Paper (URL: https://www.selfstudys.com/books/srmjeee-previous-year-paper)
        Found 0 PDF items for subject SRM-JEEE Previous Year Paper.
      Scraping Subject: VITEEE Previous Year Paper (URL: https://www.selfstudys.com/books/viteee-previous-year-paper)
        Found 0 PDF items for subject VITEEE Previous Year Paper.
      Scraping Subject: BITSAT Previous Year Paper (URL: https://www.selfstudys.com/books/bitsat-previous-year-paper)
        Found 0 PDF items for subject BITSAT Previous Year Paper.
      Scraping Subject: Manipal Previous Year Paper (URL: https://www.selfstudys.com/books/manipal-previous-year-paper)
        Found 0 PDF items for subject Manipal Previous Year Paper.
      Scraping Subject: AP EAMCET Previous Year Paper (URL: https://www.selfstudys.com/books/ap-eamcet-previous-year-paper)
        Error scraping subject AP EAMCET Previous Year Paper: aborted
      Scraping Subject: COMEDK Previous Year Paper (URL: https://www.selfstudys.com/books/comedk-previous-year-paper)
